sentence_id,parent_chunk,token_start,token_end,sentence_text
MAIN001-S001,MAIN001,1,16,"Namo tassa bhagavato arahato sammāsambuddhassa Majjhimanikāye Mūlapaṇṇāsa-aṭṭhakathā (Paṭhamo bhāgo) Ganthārambhakathā Karuṇāsītalahadayaṃ, paññāpajjotavihatamohatamaṃ; Sanarāmaralokagaruṃ, vande sugataṃ gativimuttaṃ."
MAIN001-S002,MAIN001,17,28,"Buddhopi buddhabhāvaṃ, bhāvetvā ceva sacchikatvā ca; Yaṃ upagato gatamalaṃ, vande tamanuttaraṃ dhammaṃ."
MAIN001-S003,MAIN001,29,37,"Sugatassa orasānaṃ, puttānaṃ mārasenamathanānaṃ; Aṭṭhannampi samūhaṃ, sirasā vande ariyasaṅghaṃ."
MAIN001-S004,MAIN001,38,46,"Iti me pasannamatino, ratanattayavandanāmayaṃ puññaṃ; Yaṃ suvihatantarāyo, hutvā tassānubhāvena."
MAIN001-S005,MAIN001,47,51,Majjhimapamāṇasuttaṅkitassa idha majjhimāgamavarassa; Buddhānubuddhasaṃvaṇṇitassa paravādamathanassa.
MAIN001-S006,MAIN001,52,61,"Atthappakāsanatthaṃ, aṭṭhakathā ādito vasisatehi; Pañcahi yā saṅgītā, anusaṅgītā ca pacchāpi."
MAIN001-S007,MAIN001,62,69,"Sīhaḷadīpaṃ pana ābhatātha vasinā mahāmahindena; Ṭhapitā sīhaḷabhāsāya, dīpavāsīnamatthāya."
MAIN001-S008,MAIN001,70,77,"Apanetvāna tatohaṃ, sīhaḷabhāsaṃ manoramaṃ bhāsaṃ; Tantinayānucchavikaṃ, āropento vigatadosaṃ."
MAIN001-S009,MAIN001,78,84,"Samayaṃ avilomento, therānaṃ theravaṃsadīpānaṃ; Sunipuṇavinicchayānaṃ, mahāvihāre nivāsīnaṃ."
MAIN001-S010,MAIN001,85,93,"Hitvā punappunāgatamatthaṃ, atthaṃ pakāsayissāmi; Sujanassa ca tuṭṭhatthaṃ, ciraṭṭhitatthañca dhammassa."
MAIN001-S011,MAIN001,94,100,"Sīlakathā dhutadhammā, kammaṭṭhānāni ceva sabbāni; Cariyāvidhānasahito, jhānasamāpattivitthāro."
MAIN001-S012,MAIN001,101,109,"Sabbā ca abhiññāyo, paññāsaṅkalananicchayo ceva; Khandhādhātāyatanindriyāni ariyāni ceva cattāri."
MAIN001-S013,MAIN001,110,115,"Saccāni paccayākāradesanā suparisuddhanipuṇanayā; Avimuttatantimaggā, vipassanābhāvanā ceva."
MAIN001-S014,MAIN001,116,129,"Iti pana sabbaṃ yasmā, visuddhimagge mayā suparisuddhaṃ; Vuttaṃ tasmā bhiyyo, na taṃ idha vicārayissāmi."
MAIN001-S015,MAIN001,130,138,"‘‘Majjhe visuddhimaggo, esa catunnampi āgamānañhi; Ṭhatvā pakāsayissati, tattha yathābhāsitamatthaṃ’’."
MAIN001-S016,MAIN001,139,148,"Icceva kato tasmā, tampi gahetvāna saddhimetāya; Aṭṭhakathāya vijānatha, majjhimasaṅgītiyā atthanti."
MAIN001-S017,MAIN001,149,149,Nidānakathā
MAIN001-S018,MAIN001,150,158,1. Tattha majjhimasaṅgīti nāma paṇṇāsato mūlapaṇṇāsā majjhimapaṇṇāsā uparipaṇṇāsāti paṇṇāsattayasaṅgahā.
MAIN001-S019,MAIN001,159,166,Vaggato ekekāya paṇṇāsāya pañca pañca vagge katvā pannarasavaggasamāyogā.
MAIN001-S020,MAIN001,167,171,Suttato diyaḍḍhasuttasataṃ dve ca suttantā.
MAIN001-S021,MAIN001,172,174,Padato tevīsuttarapañcasatādhikāni asītipadasahassāni.
MAIN001-S022,MAIN001,175,186,"Tenāhu porāṇā – ‘‘Asītipadasahassāni, bhiyyo pañcasatāni ca; Puna tevīsati vuttā, padamevaṃ vavatthita’’nti."
MAIN001-S023,MAIN001,187,193,Akkharato satta akkharasatasahassāni cattālīsañca sahassāni tepaññāsañca akkharāni.
MAIN001-S024,MAIN001,194,199,Bhāṇavārato asīti bhāṇavārā tevīsapadādhiko ca upaḍḍhabhāṇavāro.
MAIN001-S025,MAIN001,200,204,Anusandhito pucchānusandhi-ajjhāsayānusandhi-yathānusandhivasena saṅkhepato tividho anusandhi.
MAIN001-S026,MAIN001,205,212,Vitthārato panettha tīṇi anusandhisahassāni nava ca satāni honti.
MAIN001-S027,MAIN001,213,224,"Tenāhu porāṇā – ‘‘Tīṇi sandhisahassāni, tathā navasatāni ca; Anusandhinayā ete, majjhimassa pakāsitā’’ti."
MAIN001-S028,MAIN001,225,232,"Tattha paṇṇāsāsu mūlapaṇṇāsā ādi, vaggesu mūlapariyāyavaggo, suttesu mūlapariyāyasuttaṃ."
MAIN001-S029,MAIN001,233,241,Tassāpi ‘‘evaṃ me suta’’ntiādikaṃ āyasmatā ānandena paṭhamamahāsaṅgītikāle vuttaṃ nidānamādi.
MAIN001-S030,MAIN001,242,248,Sā panesā paṭhamamahāsaṅgīti sumaṅgalavilāsiniyā dīghanikāyaṭṭhakathāya ādimhi vitthāritā.
MAIN001-S031,MAIN001,249,253,Tasmā sā tattha vitthāritanayeneva veditabbā.
MAIN001-S032,MAIN001,254,255,1. Mūlapariyāyavaggo
MAIN001-S033,MAIN001,256,257,1. Mūlapariyāyasuttavaṇṇanā
MAIN001-S034,MAIN001,258,264,1. Yaṃ panetaṃ ‘‘evaṃ me suta’’ntiādikaṃ nidānaṃ.
MAIN001-S035,MAIN001,265,267,Tattha evanti nipātapadaṃ.
MAIN001-S036,MAIN001,268,269,Metiādīni nāmapadāni.
MAIN001-S037,MAIN001,270,281,"Ukkaṭṭhāyaṃ viharatīti ettha vīti upasaggapadaṃ, haratīti ākhyātapadanti iminā tāva nayena padavibhāgo veditabbo."
MAIN001-S038,MAIN001,282,286,Atthato pana evaṃ-saddo tāva upamūpadesasampahaṃsanagarahaṇavacanasampaṭiggahākāranidassanāvadhāraṇādianekatthappabhedo.
MAIN001-S039,MAIN001,287,300,Tathāhesa – ‘‘evaṃ jātena maccena kattabbaṃ kusalaṃ bahu’’nti evamādīsu (dha. pa. 53) upamāyaṃ āgato.
MAIN001-S040,MAIN001,301,310,"‘‘Evaṃ te abhikkamitabbaṃ, evaṃ te paṭikkamitabba’’ntiādīsu (a. ni. 4.122) upadese."
MAIN001-S041,MAIN001,311,318,"‘‘Evametaṃ bhagavā, evametaṃ sugatā’’tiādīsu (a. ni. 3.66) sampahaṃsane."
MAIN001-S042,MAIN001,319,334,‘‘Evamevaṃ panāyaṃ vasalī yasmiṃ vā tasmiṃ vā tassa muṇḍakassa samaṇakassa vaṇṇaṃ bhāsatī’’tiādīsu (saṃ. ni. 1.187) garahaṇe.
MAIN001-S043,MAIN001,335,345,‘‘Evaṃ bhanteti kho te bhikkhū bhagavato paccassosu’’ntiādīsu (ma. ni. 1.1) vacanasampaṭiggahe.
MAIN001-S044,MAIN001,346,357,"‘‘Evaṃ byākho ahaṃ, bhante, bhagavatā dhammaṃ desitaṃ ājānāmī’’tiādīsu (ma. ni. 1.398) ākāre."
MAIN001-S045,MAIN001,358,405,"‘‘Ehi tvaṃ, māṇavaka, yena samaṇo ānando tenupasaṅkama, upasaṅkamitvā mama vacanena samaṇaṃ, ānandaṃ, appābādhaṃ appātaṅkaṃ lahuṭṭhānaṃ balaṃ phāsuvihāraṃ puccha – ‘subho māṇavo todeyyaputto, bhavantaṃ ānandaṃ, appābādhaṃ appātaṅkaṃ lahuṭṭhānaṃ balaṃ phāsuvihāraṃ pucchatī’ti, evañca vadehi sādhu kira bhavaṃ ānando yena subhassa māṇavassa todeyyaputtassa nivesanaṃ, tenupasaṅkamatu anukampaṃ upādāyā’’tiādīsu (dī. ni. 1.445) nidassane."
MAIN001-S046,MAIN001,406,417,"‘‘Taṃ kiṃ maññatha, kālāmā, ime dhammā kusalā vā akusalā vāti? Akusalā, bhante."
MAIN001-S047,MAIN001,418,423,"Sāvajjā vā anavajjā vāti? Sāvajjā, bhante."
MAIN001-S048,MAIN001,424,429,"Viññugarahitā vā viññuppasatthā vāti? Viññugarahitā, bhante."
MAIN001-S049,MAIN001,430,454,"Samattā samādinnā ahitāya dukkhāya saṃvattanti no vā, kathaṃ vo ettha hotīti? Samattā, bhante, samādinnā ahitāya dukkhāya saṃvattanti, evaṃ no ettha hotī’’tiādīsu (a. ni. 3.66) avadhāraṇe."
MAIN001-S050,MAIN001,455,457,Svāyamidha ākāranidassanāvadhāraṇesu daṭṭhabbo.
MAIN001-S051,MAIN001,458,488,"Tattha ākāraṭṭhena evaṃsaddena etamatthaṃ dīpeti – nānānayanipuṇaṃ anekajjhāsayasamuṭṭhānaṃ atthabyañjanasampannaṃ vividhapāṭihāriyaṃ dhammatthadesanāpaṭivedhagambhīraṃ sabbasattānaṃ sakasakabhāsānurūpato sotapathamāgacchantaṃ tassa bhagavato vacanaṃ sabbappakārena ko samattho viññātuṃ, sabbathāmena pana sotukāmataṃ janetvāpi evaṃ me sutaṃ, mayāpi ekenākārena sutanti."
MAIN001-S052,MAIN001,489,508,"Nidassanaṭṭhena ‘‘nāhaṃ sayambhū, na mayā idaṃ sacchikata’’nti attānaṃ parimocento evaṃ me sutaṃ, mayāpi evaṃ sutanti idāni vattabbaṃ sakalaṃ suttaṃ nidasseti."
MAIN001-S053,MAIN001,509,562,"Avadhāraṇaṭṭhena ‘‘etadaggaṃ, bhikkhave, mama sāvakānaṃ bhikkhūnaṃ bahussutānaṃ yadidaṃ ānando, gatimantānaṃ, satimantānaṃ, dhitimantānaṃ, upaṭṭhākānaṃ yadidaṃ ānando’’ti (a. ni. 1.219-223) evaṃ bhagavatā, ‘‘āyasmā ānando atthakusalo dhammakusalo byañjanakusalo niruttikusalo pubbāparakusalo’’ti (a. ni. 5.169) evaṃ dhammasenāpatinā ca pasatthabhāvānurūpaṃ attano dhāraṇabalaṃ dassento sattānaṃ sotukamyataṃ janeti ‘‘evaṃ me sutaṃ, tañca kho atthato vā byañjanato vā anūnamanadhikaṃ, evameva na aññathā daṭṭhabba’’nti."
MAIN001-S054,MAIN001,563,566,Me-saddo tīsu atthesu dissati.
MAIN001-S055,MAIN001,567,576,Tathā hissa ‘‘gāthābhigītaṃ me abhojaneyya’’ntiādīsu (su. ni. 81) mayāti attho.
MAIN001-S056,MAIN001,577,588,"‘‘Sādhu me, bhante bhagavā, saṃkhittena dhammaṃ desetū’’tiādīsu (saṃ. ni. 4.88) mayhanti attho."
MAIN001-S057,MAIN001,589,597,"‘‘Dhammadāyādā me, bhikkhave, bhavathā’’tiādīsu (ma. ni. 1.29) mamāti attho."
MAIN001-S058,MAIN001,598,607,Idha pana ‘‘mayā suta’’nti ca ‘‘mama suta’’nti ca atthadvaye yujjati.
MAIN001-S059,MAIN001,608,615,Sutanti ayaṃ suta-saddo saupasaggo ca anupasaggo ca gamana-vissuta-kilinna-upacitānuyoga-sotaviññeyya-sotadvārānusāraviññātādianekatthappabhedo.
MAIN001-S060,MAIN001,616,621,Tathā hissa ‘‘senāya pasuto’’tiādīsu gacchantoti attho.
MAIN001-S061,MAIN001,622,634,"‘‘Sutadhammassa passato’’tiādīsu (udā. 11) vissutadhammassāti attho, ‘‘avassutā avassutassāti’’ādīsu (pāci. 657) kilinnā kilinnassāti attho."
MAIN001-S062,MAIN001,635,643,‘‘Tumhehi puññaṃ pasutaṃ anappaka’’ntiādīsu (khu. pā. 7.12) upacitanti attho.
MAIN001-S063,MAIN001,644,651,‘‘Ye jhānapasutā dhīrā’’tiādīsu (dha. pa. 181) jhānānuyuttāti attho.
MAIN001-S064,MAIN001,652,659,‘‘Diṭṭhaṃ sutaṃ muta’’ntiādīsu (ma. ni. 1.241) sotaviññeyyanti attho.
MAIN001-S065,MAIN001,660,666,‘‘Sutadharo sutasannicayo’’tiādīsu (ma. ni. 1.339) sotadvārānusāraviññātadharoti attho.
MAIN001-S066,MAIN001,667,674,Idha panassa sotadvārānusārena ‘‘upadhārita’’nti vā ‘‘upadhāraṇa’’nti vāti attho.
MAIN001-S067,MAIN001,675,685,Me-saddassa hi mayāti atthe sati ‘‘evaṃ mayā sutaṃ sotadvārānusārena upadhārita’’nti yujjati.
MAIN001-S068,MAIN001,686,694,Mamāti atthe sati ‘‘evaṃ mama sutaṃ sotadvārānusārena upadhāraṇa’’nti yujjati.
MAIN001-S069,MAIN001,695,699,Evametesu tīsu padesu evanti sotaviññāṇādiviññāṇakiccanidassanaṃ.
MAIN001-S070,MAIN001,700,701,Meti vuttaviññāṇasamaṅgipuggalanidassanaṃ.
MAIN001-S071,MAIN001,702,704,Sutanti assavanabhāvappaṭikkhepato anūnānadhikāviparītaggahaṇanidassanaṃ.
MAIN001-S072,MAIN001,705,713,Tathā evanti tassā sotadvārānusārena pavattāya viññāṇavīthiyā nānappakārena ārammaṇe pavattibhāvappakāsanaṃ.
MAIN001-S073,MAIN001,714,715,Meti attappakāsanaṃ.
MAIN001-S074,MAIN001,716,717,Sutanti dhammappakāsanaṃ.
MAIN001-S075,MAIN001,718,733,"Ayañhettha saṅkhepo ‘‘nānappakārena ārammaṇe pavattāya viññāṇavīthiyā mayā na aññaṃ kataṃ, idaṃ pana kataṃ, ayaṃ dhammo suto’’ti."
MAIN001-S076,MAIN001,734,736,Tathā evanti niddisitabbappakāsanaṃ.
MAIN001-S077,MAIN001,737,738,Meti puggalappakāsanaṃ.
MAIN001-S078,MAIN001,739,740,Sutanti puggalakiccappakāsanaṃ.
MAIN001-S079,MAIN001,741,751,"Idaṃ vuttaṃ hoti – yaṃ suttaṃ niddisissāmi, taṃ mayā evaṃ sutanti."
MAIN001-S080,MAIN001,752,760,"Tathā evanti yassa cittasantānassa nānākārappavattiyā nānatthabyañjanaggahaṇaṃ hoti, tassa nānākāraniddeso."
MAIN001-S081,MAIN001,761,768,"Evanti hi ayaṃ ākārapaññatti, meti kattuniddeso, sutanti visayaniddeso."
MAIN001-S082,MAIN001,769,776,Ettāvatā nānākārappavattena cittasantānena taṃsamaṅgino kattuvisaye gahaṇasanniṭṭhānaṃ kataṃ hoti.
MAIN001-S083,MAIN001,777,780,Atha vā evanti puggalakiccaniddeso.
MAIN001-S084,MAIN001,781,782,Sutanti viññāṇakiccaniddeso.
MAIN001-S085,MAIN001,783,784,Meti ubhayakiccayuttapuggalaniddeso.
MAIN001-S086,MAIN001,785,794,Ayaṃ panettha saṅkhepo – mayā savanakiccaviññāṇasamaṅginā puggalena viññāṇavasena laddhasavanakiccavohārena sutanti.
MAIN001-S087,MAIN001,795,801,Tattha evanti ca meti ca saccikaṭṭhaparamatthavasena avijjamānapaññatti.
MAIN001-S088,MAIN001,802,814,"Kiñhettha taṃ paramatthato atthi, yaṃ evanti vā meti vā niddesaṃ labhetha? Sutanti vijjamānapaññatti."
MAIN001-S089,MAIN001,815,821,"Yañhi tamettha sotena upaladdhaṃ, taṃ paramatthato vijjamānanti."
MAIN001-S090,MAIN001,822,831,Tathā evanti ca meti ca taṃ taṃ upādāya vattabbato upādāpaññatti.
MAIN001-S091,MAIN001,832,836,Sutanti diṭṭhādīni upanidhāya vattabbato upanidhāpaññatti.
MAIN001-S092,MAIN001,837,842,Ettha ca evanti vacanena asammohaṃ dīpeti.
MAIN001-S093,MAIN001,843,847,Na hi sammūḷho nānappakārapaṭivedhasamattho hoti.
MAIN001-S094,MAIN001,848,852,Sutanti vacanena sutassa asammosaṃ dīpeti.
MAIN001-S095,MAIN001,853,863,"Yassa hi sutaṃ sammuṭṭhaṃ hoti, na so kālantarena mayā sutanti paṭijānāti."
MAIN001-S096,MAIN001,864,869,"Iccassa asammohena paññāsiddhi, asammosena pana satisiddhi."
MAIN001-S097,MAIN001,870,882,"Tattha paññā pubbaṅgamāya satiyā byañjanāvadhāraṇasamatthatā, satipubbaṅgamāya paññāya atthapaṭivedhasamatthatā, tadubhayasamatthatāyogena atthabyañjanasampannassa dhammakosassa anupālanasamatthato dhammabhaṇḍāgārikattasiddhi."
MAIN001-S098,MAIN001,883,894,"Aparo nayo – evanti vacanena yoniso manasikāraṃ dīpeti, ayoniso manasikaroto hi nānappakārapaṭivedhābhāvato."
MAIN001-S099,MAIN001,895,900,"Sutanti vacanena avikkhepaṃ dīpeti, vikkhittacittassa savanābhāvato."
MAIN001-S100,MAIN001,901,912,"Tathā hi vikkhittacitto puggalo sabbasampattiyā vuccamānopi ‘‘na mayā sutaṃ, puna bhaṇathā’’ti bhaṇati."
MAIN001-S101,MAIN001,913,926,"Yoniso manasikārena cettha attasammāpaṇidhiṃ pubbe ca katapuññataṃ sādheti, sammā apaṇihitattassa pubbe akatapuññassa vā tadabhāvato."
MAIN001-S102,MAIN001,927,931,Avikkhepena pana saddhammassavanaṃ sappurisūpanissayañca sādheti.
MAIN001-S103,MAIN001,932,942,"Na hi vikkhittacitto sotuṃ sakkoti, na ca sappurise anupassayamānassa savanaṃ atthīti."
MAIN001-S104,MAIN001,943,955,"Aparo nayo – yasmā evanti yassa cittasantānassa nānākārappavattiyā nānatthabyañjanaggahaṇaṃ hoti, tassa nānākāraniddesoti vuttaṃ."
MAIN001-S105,MAIN001,956,978,"So ca evaṃ bhaddako ākāro na sammā appaṇihitattano pubbe akatapuññassa vā hoti, tasmā evanti iminā bhaddakena ākārena pacchimacakkadvayasampattiṃ attano dīpeti, sutanti savanayogena purimacakkadvayasampattiṃ."
MAIN001-S106,MAIN001,979,986,Na hi appatirūpadese vasato sappurisūpanissayavirahitassa vā savanaṃ atthi.
MAIN001-S107,MAIN001,987,991,Iccassa pacchimacakkadvayasiddhiyā āsayasuddhi siddhā hoti.
MAIN001-S108,MAIN001,992,993,Purimacakkadvayasiddhiyā payogasuddhi.
MAIN001-S109,MAIN001,994,999,"Tāya ca āsayasuddhiyā adhigamabyattisiddhi, payogasuddhiyā āgamabyattisiddhi."
MAIN001-S110,MAIN001,1000,1022,Iti payogāsayasuddhassa āgamādhigamasampannassa vacanaṃ aruṇuggaṃ viya sūriyassa udayato yonisomanasikāro viya ca kusalakammassa arahati bhagavato vacanassa pubbaṅgamaṃ bhavitunti ṭhāne nidānaṃ ṭhapento evaṃ me sutantiādimāha.
MAIN001-S111,MAIN001,1023,1032,Aparo nayo – evanti iminā nānappakārapaṭivedhadīpakena vacanena attano atthapaṭibhānapaṭisambhidāsampattisabbhāvaṃ dīpeti.
MAIN001-S112,MAIN001,1033,1036,Sutanti iminā sotabbabhedapaṭivedhadīpakena dhammaniruttipaṭisambhidāsampattisabbhāvaṃ.
MAIN001-S113,MAIN001,1037,1050,Evanti ca idaṃ yonisomanasikāradīpakaṃ vacanaṃ bhāsamāno – ‘‘ete mayā dhammā manasānupekkhitā diṭṭhiyā suppaṭividdhā’’ti dīpeti.
MAIN001-S114,MAIN001,1051,1064,Sutanti idaṃ savanayogadīpakaṃ vacanaṃ bhāsamāno – ‘‘bahū mayā dhammā sutā dhātā vacasā paricitā’’ti dīpeti.
MAIN001-S115,MAIN001,1065,1070,Tadubhayenapi atthabyañjanapāripūriṃ dīpento savane ādaraṃ janeti.
MAIN001-S116,MAIN001,1071,1083,Atthabyañjanaparipuṇṇañhi dhammaṃ ādarena assuṇanto mahatā hitā paribāhiro hotīti ādaraṃ janetvā sakkaccaṃ dhammo sotabboti.
MAIN001-S117,MAIN001,1084,1102,"‘‘Evaṃ me suta’’nti iminā pana sakalena vacanena āyasmā ānando tathāgatappaveditaṃ dhammaṃ attano adahanto asappurisabhūmiṃ atikkamati, sāvakattaṃ paṭijānanto sappurisabhūmiṃ okkamati."
MAIN001-S118,MAIN001,1103,1109,"Tathā asaddhammā cittaṃ vuṭṭhāpeti, saddhamme cittaṃ patiṭṭhāpeti."
MAIN001-S119,MAIN001,1110,1125,"‘‘Kevalaṃ sutamevetaṃ mayā tasseva pana bhagavato vacana’’nti dīpento attānaṃ parimoceti, satthāraṃ apadisati, jinavacanaṃ appeti, dhammanettiṃ patiṭṭhāpeti."
MAIN001-S120,MAIN001,1126,1174,"Apica ‘‘evaṃ me suta’’nti attanā uppāditabhāvaṃ appaṭijānanto purimavacanaṃ vivaranto ‘‘sammukhā paṭiggahitamidaṃ mayā tassa bhagavato catuvesārajjavisāradassa dasabaladharassa āsabhaṭṭhānaṭṭhāyino sīhanādanādino sabbasattuttamassa dhammissarassa dhammarājassa dhammādhipatino dhammadīpassa dhammasaraṇassa saddhammavaracakkavattino sammāsambuddhassa vacanaṃ, na ettha atthe vā dhamme vā pade vā byañjane vā kaṅkhā vā vimati vā kattabbā’’ti sabbadevamanussānaṃ imasmiṃ dhamme assaddhiyaṃ vināseti, saddhāsampadaṃ uppādetīti."
MAIN001-S121,MAIN001,1175,1187,"Tenetaṃ vuccati – ‘‘Vināsayati assaddhaṃ, saddhaṃ vaḍḍheti sāsane; Evaṃ me sutamiccevaṃ, vadaṃ gotamasāvako’’ti."
MAIN001-S122,MAIN001,1188,1189,Ekanti gaṇanaparicchedaniddeso.
MAIN001-S123,MAIN001,1190,1191,Samayanti paricchinnaniddeso.
MAIN001-S124,MAIN001,1192,1194,Ekaṃ samayanti aniyamitaparidīpanaṃ.
MAIN001-S125,MAIN001,1195,1208,"Tattha samayasaddo – Samavāye khaṇe kāle, samūhe hetudiṭṭhisu; Paṭilābhe pahāne ca, paṭivedhe ca dissati."
MAIN001-S126,MAIN001,1209,1223,Tathā hissa ‘‘appeva nāma svepi upasaṅkameyyāma kālañca samayañca upādāyā’’ti evamādīsu (dī. ni. 1.447) samavāyo attho.
MAIN001-S127,MAIN001,1224,1235,"‘‘Ekova kho, bhikkhave, khaṇo ca samayo ca brahmacariyavāsāyā’’tiādīsu (a. ni. 8.29) khaṇo."
MAIN001-S128,MAIN001,1236,1240,‘‘Uṇhasamayo pariḷāhasamayo’’tiādīsu (pāci. 358) kālo.
MAIN001-S129,MAIN001,1241,1243,‘‘Mahāsamayo pavanasmi’’ntiādīsu samūho.
MAIN001-S130,MAIN001,1244,1274,"‘‘Samayopi kho te, bhaddāli, appaṭividdho ahosi, bhagavā kho sāvatthiyaṃ viharati, bhagavāpi maṃ jānissati, ‘bhaddāli, nāma bhikkhu satthusāsane sikkhāya na paripūrakārī’ti, ayampi kho te, bhaddāli, samayo appaṭividdho ahosī’’tiādīsu (ma. ni. 2.135) hetu."
MAIN001-S131,MAIN001,1275,1291,‘‘Tena kho pana samayena uggāhamāno paribbājako samaṇamuṇḍikāputto samayappavādake tindukācīre ekasālake mallikāya ārāme paṭivasatī’’tiādīsu (ma. ni. 2.260) diṭṭhi.
MAIN001-S132,MAIN001,1292,1303,"‘‘Diṭṭhe dhamme ca yo attho, yo cattho samparāyiko; Atthābhisamayā dhīro, paṇḍitoti pavuccatī’’ti."
MAIN001-S133,MAIN001,1304,1309,– Ādīsu (saṃ. ni. 1.129) paṭilābho.
MAIN001-S134,MAIN001,1310,1317,‘‘Sammā mānābhisamayā antamakāsi dukkhassā’’tiādīsu (ma. ni. 1.24) pahānaṃ.
MAIN001-S135,MAIN001,1318,1327,‘‘Dukkhassa pīḷanaṭṭho saṅkhataṭṭho santāpaṭṭho vipariṇāmaṭṭho abhisamayaṭṭho’’tiādīsu (paṭi. ma. 3.1) paṭivedho.
MAIN001-S136,MAIN001,1328,1331,Idha panassa kālo attho.
MAIN001-S137,MAIN001,1332,1339,Tena saṃvacchara-utu-māsaḍḍhamāsa-ratti-diva-pubbaṇha-majjhanhika-sāyanha- paṭhamamajjhimapacchimayāma-muhuttādīsu kālappabhedabhūtesu samayesu ekaṃ samayanti dīpeti.
MAIN001-S138,MAIN001,1340,1363,"Tattha kiñcāpi etesu saṃvaccharādīsu samayesu yaṃ yaṃ suttaṃ yamhi yamhi saṃvacchare utumhi māse pakkhe rattibhāge divasabhāge vā vuttaṃ, sabbaṃ taṃ therassa suviditaṃ suvavatthāpitaṃ paññāya."
MAIN001-S139,MAIN001,1364,1398,"Yasmā pana ‘‘evaṃ me sutaṃ asukasaṃvacchare asukautumhi asukamāse asukapakkhe asukarattibhāge asukadivasabhāge vā’’ti evaṃ vutte na sakkā sukhena dhāretuṃ vā uddisituṃ vā uddisāpetuṃ vā, bahu ca vattabbaṃ hoti, tasmā ekeneva padena tamatthaṃ samodhānetvā ‘‘ekaṃ samaya’’nti āha."
MAIN001-S140,MAIN001,1399,1425,"Ye vā ime gabbhokkantisamayo jātisamayo saṃvegasamayo abhinikkhamanasamayo dukkarakārikasamayo māravijayasamayo abhisambodhisamayo diṭṭhadhammasukhavihārasamayo desanāsamayo parinibbānasamayoti evamādayo bhagavato devamanussesu ativiya suppakāsā anekakālappabhedā eva samayā, tesu samayesu desanāsamayasaṅkhātaṃ ekaṃ samayanti dīpeti."
MAIN001-S141,MAIN001,1426,1443,"Yo cāyaṃ ñāṇakaruṇākiccasamayesu aruṇākiccasamayo, attahitaparahitapaṭipattisamayesu parahitapaṭipattisamayo, sannipatitānaṃ karaṇīyadvayasamayesu dhammikathāsamayo, desanāpaṭipattisamayesu desanāsamayo, tesupi samayesu aññataraṃ sandhāya ‘‘ekaṃ samaya’’nti āha."
MAIN001-S142,MAIN001,1444,1477,"Kasmā panettha yathā abhidhamme ‘‘yasmiṃ samaye kāmāvacara’’nti ca ito aññesu suttapadesu ‘‘yasmiṃ samaye, bhikkhave, bhikkhu vivicceva kāmehī’’ti ca bhummavacanena niddeso kato, vinaye ca ‘‘tena samayena buddho bhagavā’’ti karaṇavacanena, tathā akatvā ‘‘ekaṃ samaya’’nti upayogavacananiddeso katoti."
MAIN001-S143,MAIN001,1478,1483,Tattha tathā idha ca aññathā atthasambhavato.
MAIN001-S144,MAIN001,1484,1494,Tattha hi abhidhamme ito aññesu suttapadesu ca adhikaraṇattho bhāvenabhāvalakkhaṇattho ca sambhavati.
MAIN001-S145,MAIN001,1495,1515,"Adhikaraṇañhi kālattho ca samūhattho ca samayo, tattha vuttānaṃ phassādidhammānaṃ khaṇasamavāyahetusaṅkhātassa ca samayassa bhāvena tesaṃ bhāvo lakkhīyati, tasmā tadatthajotanatthaṃ tattha bhummavacananiddeso kato."
MAIN001-S146,MAIN001,1516,1521,Vinaye ca hetuattho karaṇattho ca sambhavati.
MAIN001-S147,MAIN001,1522,1546,"Yo hi so sikkhāpadapaññattisamayo sāriputtādīhipi dubbiññeyyo, tena samayena hetubhūtena karaṇabhūtena ca sikkhāpadāni paññāpayanto sikkhāpadapaññattihetuñca apekkhamāno bhagavā tattha tattha vihāsi, tasmā tadatthajotanatthaṃ tattha karaṇavacanena niddeso kato."
MAIN001-S148,MAIN001,1547,1552,Idha pana aññasmiñca evaṃjātike accantasaṃyogattho sambhavati.
MAIN001-S149,MAIN001,1553,1570,"Yañhi samayaṃ bhagavā imaṃ aññaṃ vā suttantaṃ desesi, accantameva taṃ samayaṃ karuṇāvihārena vihāsi, tasmā tadatthajotanatthaṃ idha upayogavacananiddeso katoti."
MAIN001-S150,MAIN001,1571,1585,"Tenetaṃ vuccati – ‘‘Taṃ taṃ atthamapekkhitvā, bhummena karaṇena ca; Aññatra samayo vutto, upayogena so idhā’’ti."
MAIN001-S151,MAIN001,1586,1605,"Porāṇā pana vaṇṇayanti – ‘‘tasmiṃ samaye’’ti vā – ‘‘tena samayenā’’ti vā – ‘‘ekaṃ samaya’’nti vā abhilāpamattabhedo esa, sabbattha bhummameva atthoti."
MAIN001-S152,MAIN001,1606,1613,Tasmā ‘‘ekaṃ samaya’’nti vuttepi ‘‘ekasmiṃ samaye’’ti attho veditabbo.
MAIN001-S153,MAIN001,1614,1615,Bhagavāti garu.
MAIN001-S154,MAIN001,1616,1619,Garuñhi loke ‘‘bhagavā’’ti vadanti.
MAIN001-S155,MAIN001,1620,1626,"Ayañca sabbaguṇavisiṭṭhatāya sabbasattānaṃ garu, tasmā ‘‘bhagavā’’ti veditabbo."
MAIN001-S156,MAIN001,1627,1639,"Porāṇehipi vuttaṃ – ‘‘Bhagavāti vacanaṃ seṭṭhaṃ, bhagavāti vacanamuttamaṃ; Garugāravayutto so, bhagavā tena vuccatī’’ti."
MAIN001-S157,MAIN001,1640,1652,"Apica – ‘‘Bhāgyavā bhaggavā yutto, bhagehi ca vibhattavā; Bhattavā vantagamano, bhavesu bhagavā tato’’ti."
MAIN001-S158,MAIN001,1653,1660,– Imissā gāthāya vasenassa padassa vitthārato attho veditabbo.
MAIN001-S159,MAIN001,1661,1665,So ca visuddhimagge buddhānussatiniddese vuttoyeva.
MAIN001-S160,MAIN001,1666,1678,Ettāvatā cettha evaṃ me sutanti vacanena yathāsutaṃ dhammaṃ dassento bhagavato dhammasarīraṃ paccakkhaṃ karoti.
MAIN001-S161,MAIN001,1679,1691,"Tena – ‘‘nayidaṃ atikkantasatthukaṃ pāvacanaṃ, ayaṃ vo satthā’’ti satthu adassanena ukkaṇṭhitaṃ janaṃ samassāseti."
MAIN001-S162,MAIN001,1692,1702,Ekaṃ samayaṃ bhagavāti vacanena tasmiṃ samaye bhagavato avijjamānabhāvaṃ dassento rūpakāyaparinibbānaṃ sādheti.
MAIN001-S163,MAIN001,1703,1724,"Tena ‘‘evaṃvidhassa nāma ariyadhammassa desako dasabaladharo vajirasaṅghātasamānakāyo, sopi bhagavā parinibbuto, kena aññena jīvite āsā janetabbā’’ti jīvitamadamattaṃ janaṃ saṃvejeti, saddhamme cassa ussāhaṃ janeti."
MAIN001-S164,MAIN001,1725,1729,Evanti ca bhaṇanto desanāsampattiṃ niddisati.
MAIN001-S165,MAIN001,1730,1732,Me sutanti sāvakasampattiṃ.
MAIN001-S166,MAIN001,1733,1735,Ekaṃ samayanti kālasampattiṃ.
MAIN001-S167,MAIN001,1736,1737,Bhagavāti desakasampattiṃ.
MAIN001-S168,MAIN001,1738,1755,"Ukkaṭṭhāyaṃ viharatīti ettha ukkāti dīpikā, tañca nagaraṃ ‘‘maṅgaladivaso sukhaṇo sunakkhattaṃ mā atikkamī’’ti rattimpi ukkāsu ṭhitāsu māpitattā ukkaṭṭhāti vuccati."
MAIN001-S169,MAIN001,1756,1763,"Daṇḍadīpikāsu jāletvā dhārīyamānāsu māpitattāti vuttaṃ hoti, tassaṃ ukkaṭṭhāyaṃ."
MAIN001-S170,MAIN001,1764,1766,Samīpatthe cetaṃ bhummavacanaṃ.
MAIN001-S171,MAIN001,1767,1770,Viharatīti avisesena iriyāpathadibbabrahmaariyavihāresu aññataravihārasamaṅgiparidīpanametaṃ.
MAIN001-S172,MAIN001,1771,1775,Idha pana ṭhānagamananisinnasayanappabhedesu riyāpathesu aññatarairiyāpathasamāyogaparidīpanaṃ.
MAIN001-S173,MAIN001,1776,1783,Tena ṭhitopi gacchantopi nisinnopi sayānopi bhagavā viharaticceva veditabbo.
MAIN001-S174,MAIN001,1784,1798,"So hi bhagavā ekaṃ iriyāpathabādhanaṃ aññena iriyāpathena vicchinditvā aparipatantaṃ attabhāvaṃ harati pavatteti, tasmā viharatīti vuccati."
MAIN001-S175,MAIN001,1799,1807,"Subhagavaneti ettha subhagattā subhagaṃ, sundarasirikattā sundarakāmattā cāti vuttaṃ hoti."
MAIN001-S176,MAIN001,1808,1838,"Tassa hi vanassa sirisampattiyā manussā annapānādīni ādāya divasaṃ tattheva chaṇasamajjaussave karontā bhogasukhaṃ anubhonti, sundarasundare cettha kāme patthenti ‘‘puttaṃ labhāma, dhītaraṃ labhāmā’’ti, tesaṃ taṃ tatheva hoti, evaṃ taṃ sundarasirikattā sundarakāmattā ca subhagaṃ."
MAIN001-S177,MAIN001,1839,1841,Apica bahujanakantatāyapi subhagaṃ.
MAIN001-S178,MAIN001,1842,1851,"Vanayatīti vanaṃ, attasampadāya sattānaṃ bhattiṃ kāreti, attani sinehaṃ uppādetīti attho."
MAIN001-S179,MAIN001,1852,1865,"Vanute iti vā vanaṃ, nānāvidhakusuma-gandhasammodamattakokilādivihaṅgamābhirutehi mandamālutacalitarukkhasākhāviṭapapallavapalāsehi ca ‘‘etha maṃ paribhuñjathā’’ti sabbapāṇino yācati viyāti attho."
MAIN001-S180,MAIN001,1866,1869,Subhagañca taṃ vanañcāti subhagavanaṃ.
MAIN001-S181,MAIN001,1870,1871,Tasmiṃ subhagavane.
MAIN001-S182,MAIN001,1872,1876,"Vanañca nāma ropimaṃ, sayaṃjātanti duvidhaṃ."
MAIN001-S183,MAIN001,1877,1879,Tattha veḷuvanajetavanādīni ropimāni.
MAIN001-S184,MAIN001,1880,1882,Andhavanamahāvanaañjanavanādīni sayaṃ jātāni.
MAIN001-S185,MAIN001,1883,1885,Idampi sayaṃjātanti veditabbaṃ.
MAIN001-S186,MAIN001,1886,1890,Sālarājamūleti ettha sālarukkhopi sāloti vuccati.
MAIN001-S187,MAIN001,1891,1913,"Yathāha ‘‘seyyathāpi, bhikkhave, gāmassa vā nigamassa vā avidūre mahantaṃ sālavanaṃ, tañcassa eḷaṇḍehi sañchanna’’nti (ma. ni. 1.225) ‘‘antarena yamakasālāna’’nti ca (dī. ni. 2.195) vanappatijeṭṭhakarukkhopi."
MAIN001-S188,MAIN001,1914,1928,"Yathāha – ‘‘Taveva deva vijite, tavevuyyānabhūmiyā; Ujuvaṃsā mahāsālā, nīlobhāsā manoramā’’ti. (jā. 2.19.4); Yo koci rukkhopi."
MAIN001-S189,MAIN001,1929,1940,"Yathāha ‘‘atha kho taṃ, bhikkhave, māluvabījaṃ aññatarasmiṃ sālamūle nipateyyā’’ti (ma. ni. 1.469)."
MAIN001-S190,MAIN001,1941,1944,Idha pana vanappatijeṭṭhakarukkho adhippeto.
MAIN001-S191,MAIN001,1945,1949,Rājasaddo panassa tameva jeṭṭhakabhāvaṃ sādheti.
MAIN001-S192,MAIN001,1950,1958,Yathāha ‘‘suppatiṭṭhitassa kho brāhmaṇa dhammika nigrodharājassā’’ti (a. ni. 6.54).
MAIN001-S193,MAIN001,1959,1972,"Tattha dvedhā samāso, sālānaṃ rājātipi sālarājā, sālo ca so jeṭṭhakaṭṭhena rājā ca itipi sālarājā."
MAIN001-S194,MAIN001,1973,1974,Mūlanti samīpaṃ.
MAIN001-S195,MAIN001,1975,1985,"Ayañhi mūlasaddo, ‘‘mūlāni uddhareyya, antamaso usiranāḷimattānipī’’tiādīsu (a. ni. 4.195) mūlamūle dissati."
MAIN001-S196,MAIN001,1986,1991,‘‘Lobho akusalamūla’’ntiādīsu (dī. ni. 3.305) asādhāraṇahetumhi.
MAIN001-S197,MAIN001,1992,2002,"‘‘Yāva majjhanhike kāle chāyā pharati, nivāte paṇṇāni patanti, ettāvatā rukkhamūla’’ntiādīsu samīpe."
MAIN001-S198,MAIN001,2003,2012,"Idha pana samīpe adhippeto, tasmā sālarājassa samīpeti evamettha attho daṭṭhabbo."
MAIN001-S199,MAIN001,2013,2037,"Tattha siyā – yadi tāva bhagavā ukkaṭṭhāyaṃ viharati, ‘‘subhagavane sālarājamūle’’ti na vattabbaṃ, atha tattha viharati, ‘‘ukkaṭṭhāya’’nti na vattabbaṃ, na hi sakkā ubhayattha ekaṃ samayaṃ viharitunti."
MAIN001-S200,MAIN001,2038,2042,Na kho panetaṃ evaṃ daṭṭhabbaṃ.
MAIN001-S201,MAIN001,2043,2047,Nanu avocumha ‘‘samīpatthe cetaṃ bhummavacana’’nti.
MAIN001-S202,MAIN001,2048,2071,"Tasmā yathā gaṅgāyamunādīnaṃ samīpe goyūthāni carantāni ‘‘gaṅgāya caranti, yamunāya carantī’’ti vuccanti, evamidhāpi yadidaṃ ukkaṭṭhāya samīpe subhagavanaṃ sālarājamūlaṃ, tattha viharanto vuccati ‘‘ukkaṭṭhāyaṃ viharati subhagavane sālarājamūle’’ti."
MAIN001-S203,MAIN001,2072,2075,"Gocaragāmanidassanatthañhissa ukkaṭṭhāvacanaṃ, pabbajitānurūpanivāsaṭṭhānanidassanatthaṃ sesavacanaṃ."
MAIN001-S204,MAIN001,2076,2084,"Tattha ukkaṭṭhākittanena āyasmā ānando bhagavato gahaṭṭhānuggahakaraṇaṃ dasseti, subhagavanādikittanena pabbajitānuggahakaraṇaṃ."
MAIN001-S205,MAIN001,2085,2091,"Tathā purimena paccayaggahaṇato attakilamathānuyogavivajjanaṃ, pacchimena vatthukāmappahānato kāmasukhallikānuyogavivajjanupāyadassanaṃ."
MAIN001-S206,MAIN001,2092,2096,"Purimena ca dhammadesanābhiyogaṃ, pacchimena vivekādhimuttiṃ."
MAIN001-S207,MAIN001,2097,2102,"Purimena karuṇāya upagamanaṃ, pacchimena paññāya apagamanaṃ."
MAIN001-S208,MAIN001,2103,2108,"Purimena sattānaṃ hitasukhanipphādanādhimuttataṃ, pacchimena parahitasukhakaraṇe nirupalepanaṃ."
MAIN001-S209,MAIN001,2109,2113,"Purimena dhammikasukhāpariccāganimittaṃ phāsuvihāraṃ, pacchimena uttarimanussadhammānuyoganimittaṃ."
MAIN001-S210,MAIN001,2114,2118,"Purimena manussānaṃ upakārabahulataṃ, pacchimena devānaṃ."
MAIN001-S211,MAIN001,2119,2126,"Purimena loke jātassa loke saṃvaḍḍhabhāvaṃ, pacchimena lokena anupalittataṃ."
MAIN001-S212,MAIN001,2127,2139,"Purimena ‘‘ekapuggalo, bhikkhave, loke uppajjamāno uppajjati bahujanahitāya bahujanasukhāya lokānukampāya atthāya hitāya sukhāya devamanussānaṃ."
MAIN001-S213,MAIN001,2140,2156,"Katamo ekapuggalo, tathāgato arahaṃ sammāsambuddho’’ti (a. ni. 1.170) vacanato yadatthaṃ bhagavā uppanno, tadatthaparinipphādanaṃ, pacchimena yattha uppanno, tadanurūpavihāraṃ."
MAIN001-S214,MAIN001,2157,2174,"Bhagavā hi paṭhamaṃ lumbinivane, dutiyaṃ bodhimaṇḍeti lokiyalokuttarāya uppattiyā vaneyeva uppanno, tenassa vaneyeva vihāraṃ dassetīti evamādinā nayenettha atthayojanā veditabbā."
MAIN001-S215,MAIN001,2175,2176,Tatrāti desakālaparidīpanaṃ.
MAIN001-S216,MAIN001,2177,2182,"Tañhi yaṃ samayaṃ viharati, tatra samaye."
MAIN001-S217,MAIN001,2183,2188,"Yasmiñca sālarājamūle viharati, tatra sālarājamūleti dīpeti."
MAIN001-S218,MAIN001,2189,2192,Bhāsitabbayutte vā desakāle dīpeti.
MAIN001-S219,MAIN001,2193,2201,Na hi bhagavā ayutte dese kāle vā dhammaṃ bhāsati.
MAIN001-S220,MAIN001,2202,2209,‘‘Akālo kho tāva bāhiyā’’ti (udā. 10) ādicettha sādhakaṃ.
MAIN001-S221,MAIN001,2210,2215,Khoti padapūraṇamatte avadhāraṇe ādikālatthe vā nipāto.
MAIN001-S222,MAIN001,2216,2217,Bhagavāti lokagarudīpanaṃ.
MAIN001-S223,MAIN001,2218,2219,Bhikkhūti kathāsavanayuttapuggalavacanaṃ.
MAIN001-S224,MAIN001,2220,2230,"Apicettha, ‘‘bhikkhakoti bhikkhu, bhikkhācariyaṃ ajjhupagatoti bhikkhū’’tiādinā (pārā. 45) nayena vacanattho veditabbo."
MAIN001-S225,MAIN001,2231,2236,Āmantesīti ālapi abhāsi sambodhesīti ayamettha attho.
MAIN001-S226,MAIN001,2237,2240,Aññatra pana ñāpanepi hoti.
MAIN001-S227,MAIN001,2241,2247,"Yathāha ‘‘āmantayāmi vo, bhikkhave, paṭivedayāmi vo, bhikkhave’’ti."
MAIN001-S228,MAIN001,2248,2248,Pakkosanepi.
MAIN001-S229,MAIN001,2249,2259,Yathāha ‘‘ehi tvaṃ bhikkhu mama vacanena sāriputtaṃ āmantehī’’ti (a. ni. 9.11).
MAIN001-S230,MAIN001,2260,2261,Bhikkhavoti āmantanākāradīpanaṃ.
MAIN001-S231,MAIN001,2262,2264,Tañca bhikkhanasīlatādiguṇayogasiddhattā vuttaṃ.
MAIN001-S232,MAIN001,2265,2268,Bhikkhanasīlatāguṇayuttopi hi bhikkhu bhikkhanadhammatāguṇayuttopi.
MAIN001-S233,MAIN001,2269,2272,Bhikkhane sādhukāritāguṇayuttopīti saddavidū maññanti.
MAIN001-S234,MAIN001,2273,2282,Tena ca nesaṃ bhikkhanasīlatādiguṇayogasiddhena vacanena hīnādhikajanasevitaṃ vuttiṃ pakāsento uddhatadīnabhāvaniggahaṃ karoti.
MAIN001-S235,MAIN001,2283,2291,Bhikkhavoti iminā ca karuṇāvipphārasommahadayanayananipātapubbaṅgamena vacanena te attano mukhābhimukhe karoti.
MAIN001-S236,MAIN001,2292,2298,Teneva ca kathetukamyatādīpakena vacanena nesaṃ sotukamyataṃ janeti.
MAIN001-S237,MAIN001,2299,2305,Teneva ca sambodhanaṭṭhena sādhukaṃ savanamanasikārepi ne niyojeti.
MAIN001-S238,MAIN001,2306,2308,Sādhukasavanamanasikārāyattā hi sāsanasampatti.
MAIN001-S239,MAIN001,2309,2315,Aparesupi devamanussesu vijjamānesu kasmā bhikkhūyeva āmantesīti ce.
MAIN001-S240,MAIN001,2316,2316,Jeṭṭhaseṭṭhāsannasadāsannihitabhāvato.
MAIN001-S241,MAIN001,2317,2320,Sabbaparisasādhāraṇā hi bhagavato dhammadesanā.
MAIN001-S242,MAIN001,2321,2325,"Parisāya ca jeṭṭhā bhikkhū, paṭhamuppannattā."
MAIN001-S243,MAIN001,2326,2332,"Seṭṭhā, anagāriyabhāvaṃ ādiṃ katvā satthucariyānuvidhāyakattā sakalasāsanapaṭiggāhakattā ca."
MAIN001-S244,MAIN001,2333,2336,"Āsannā, tattha nisinnesu satthusantikattā."
MAIN001-S245,MAIN001,2337,2338,"Sadāsannihitā, satthusantikāvacarattāti."
MAIN001-S246,MAIN001,2339,2344,"Apica te dhammadesanāya bhājanaṃ, yathānusiṭṭhaṃ paṭipattisabbhāvato."
MAIN001-S247,MAIN001,2345,2354,Visesato ca ekacce bhikkhūyeva sandhāya ayaṃ desanātipi te eva āmantesi.
MAIN001-S248,MAIN001,2355,2368,"Tattha siyā – kimatthaṃ pana bhagavā dhammaṃ desento paṭhamaṃ bhikkhū āmantesi, na dhammameva desetīti."
MAIN001-S249,MAIN001,2369,2369,Satijananatthaṃ.
MAIN001-S250,MAIN001,2370,2400,"Bhikkhū hi aññaṃ cintentāpi vikkhittacittāpi dhammaṃ paccavekkhantāpi kammaṭṭhānaṃ manasikarontāpi nisinnā honti, te anāmantetvā dhamme desiyamāne – ‘‘ayaṃ desanā kinnidānā kiṃpaccayā katamāya aṭṭhuppattiyā desitā’’ti sallakkhetuṃ asakkontā duggahitaṃ vā gaṇheyyuṃ, na vā gaṇheyyuṃ."
MAIN001-S251,MAIN001,2401,2409,Tena nesaṃ satijananatthaṃ bhagavā paṭhamaṃ āmantetvā pacchā dhammaṃ deseti.
MAIN001-S252,MAIN001,2410,2421,"Bhadanteti gāravavacanametaṃ, satthuno paṭivacanadānaṃ vā, apicettha bhikkhavoti vadamāno bhagavā te bhikkhū ālapati."
MAIN001-S253,MAIN001,2422,2426,Bhadanteti vadamānā te bhagavantaṃ paccālapanti.
MAIN001-S254,MAIN001,2427,2430,Tathā bhikkhavoti bhagavā ābhāsati.
MAIN001-S255,MAIN001,2431,2433,Bhadanteti te paccābhāsanti.
MAIN001-S256,MAIN001,2434,2439,"Bhikkhavoti paṭivacanaṃ dāpeti, bhadanteti paṭivacanaṃ denti."
MAIN001-S257,MAIN001,2440,2444,Te bhikkhūti ye bhagavā āmantesi.
MAIN001-S258,MAIN001,2445,2455,"Bhagavato paccassosunti bhagavato āmantanaṃ paṭiassosuṃ, abhimukhā hutvā suṇiṃsu sampaṭicchiṃsu paṭiggahesunti attho."
MAIN001-S259,MAIN001,2456,2464,Bhagavā etadavocāti bhagavā etaṃ idāni vattabbaṃ sakalaṃ suttaṃ avoca.
MAIN001-S260,MAIN001,2465,2507,"Ettāvatā ca yaṃ āyasmatā ānandena kamalakuvalayujjalavimalasādurasasalilāya pokkharaṇiyā sukhāvataraṇatthaṃ nimmalasilātalaracanavilāsasobhitaratanasopānaṃ vippakiṇṇamuttātalasadisavālikākiṇṇapaṇḍarabhūmibhāgaṃ titthaṃ viya suvibhattabhittivicitravedikāparikkhittassa nakkhattapathaṃ phusitukāmatāya viya, vijambhitasamussayassa pāsādavarassa sukhārohaṇatthaṃ dantamaya-saṇhamuduphalaka-kañcanalatāvinaddha- maṇigaṇappabhāsamudayujjalasobhaṃ sopānaṃ viya, suvaṇṇavalayānūpurādisaṅghaṭṭanasaddasammissitakathitahasitamadhurassaragehajanavicaritassa uḷāraissariyavibhavasobhitassa mahāgharassa sukhappavesanatthaṃ suvaṇṇarajatamaṇimuttāpavāḷādijutivissaravijjotita-suppatiṭṭhitavisāladvārabāhaṃ mahādvāraṃ viya ca atthabyañjanasampannassa buddhānaṃ desanāñāṇagambhīrabhāvasaṃsūcakassa imassa suttassa sukhāvagāhaṇatthaṃ kāladesadesakavatthuparisāpadesapaṭimaṇḍitaṃ nidānaṃ bhāsitaṃ, tassa atthavaṇṇanā samattā."
MAIN001-S261,MAIN001,2508,2518,Suttanikkhepavaṇṇanā Idāni ‘‘sabbadhammamūlapariyāyaṃ vo’’tiādinā nayena bhagavatā nikkhittassa suttassa vaṇṇanāya okāso anuppatto.
MAIN001-S262,MAIN001,2519,2531,"Sā panesā suttavaṇṇanā yasmā suttanikkhepaṃ vicāretvā vuccamānā pākaṭā hoti, tasmā suttanikkhepaṃ tāva vicārayissāma."
MAIN001-S263,MAIN001,2532,2538,Cattāro hi suttanikkhepā attajjhāsayo parajjhāsayo pucchāvasiko aṭṭhuppattikoti.
MAIN001-S264,MAIN001,2539,2548,Tattha yāni suttāni bhagavā parehi anajjhiṭṭho kevalaṃ attano ajjhāsayeneva kathesi.
MAIN001-S265,MAIN001,2549,2557,"Seyyathidaṃ, ākaṅkheyyasuttaṃ, vatthasuttaṃ, mahāsatipaṭṭhānasuttaṃ, mahāsaḷāyatanavibhaṅgasuttaṃ, ariyavaṃsasuttaṃ, sammappadhānasuttantahārako, iddhipādaindriyabalabojjhaṅgamaggaṅgasuttantahārakoti evamādīni."
MAIN001-S266,MAIN001,2558,2560,Tesaṃ attajjhāsayo nikkhepo.
MAIN001-S267,MAIN001,2561,2586,"Yāni pana ‘‘paripakkā kho rāhulassa vimuttiparipācanīyā dhammā, yaṃnūnāhaṃ rāhulaṃ uttari āsavānaṃ khaye vineyya’’nti (saṃ. ni. 4.121) evaṃ paresaṃ ajjhāsayaṃ khantiṃ manaṃ abhinīhāraṃ bujjhanabhāvañca avekkhitvā parajjhāsayavasena kathitāni."
MAIN001-S268,MAIN001,2587,2592,"Seyyathidaṃ, cūḷarāhulovādasuttaṃ, mahārāhulovādasuttaṃ, dhammacakkappavattanaṃ, dhātuvibhaṅgasuttanti evamādīni."
MAIN001-S269,MAIN001,2593,2595,Tesaṃ parajjhāsayo nikkhepo.
MAIN001-S270,MAIN001,2596,2616,"Bhagavantaṃ pana upasaṅkamitvā catasso parisā cattāro vaṇṇā nāgā supaṇṇā gandhabbā asurā yakkhā mahārājāno tāvatiṃsādayo devā mahābrahmāti evamādayo ‘‘bojjhaṅgā bojjhaṅgā’’ti, bhante, vuccanti."
MAIN001-S271,MAIN001,2617,2620,"‘‘Nīvaraṇā nīvaraṇā’’ti, bhante, vuccanti."
MAIN001-S272,MAIN001,2621,2625,"Ime nu kho, bhante, pañcupādānakkhandhā."
MAIN001-S273,MAIN001,2626,2636,‘‘Kiṃ sūdha vittaṃ purisassa seṭṭha’’ntiādinā (su. ni. 183) nayena pañhaṃ pucchanti.
MAIN001-S274,MAIN001,2637,2642,Evaṃ puṭṭhena bhagavatā yāni kathitāni bojjhaṅgasaṃyuttādīni.
MAIN001-S275,MAIN001,2643,2650,"Yāni vā panaññānipi devatāsaṃyutta-mārasaṃyutta-brahmasaṃyutta-sakkapañha-cūḷavedalla-mahāvedalla-sāmaññaphala- āḷavaka-sūciloma-kharalomasuttādīni, tesaṃ pucchāvasiko nikkhepo."
MAIN001-S276,MAIN001,2651,2656,Yāni panetāni uppannaṃ kāraṇaṃ paṭicca kathitāni.
MAIN001-S277,MAIN001,2657,2666,"Seyyathidaṃ, dhammadāyādaṃ cūḷasīhanādaṃ candūpamaṃ puttamaṃsūpamaṃ dārukkhandhūpamaṃ aggikkhandhūpamaṃ pheṇapiṇḍūpamaṃ pāricchattakūpamanti evamādīni."
MAIN001-S278,MAIN001,2667,2669,Tesaṃ aṭṭhuppattiko nikkhepo.
MAIN001-S279,MAIN001,2670,2676,Evamimesu catūsu nikkhepesu imassa suttassa aṭṭhuppattiko nikkhepo.
MAIN001-S280,MAIN001,2677,2680,Aṭṭhuppattiyañhi idaṃ bhagavatā nikkhittaṃ.
MAIN001-S281,MAIN001,2681,2686,Katarāya aṭṭhuppattiyā? Pariyattiṃ nissāya uppanne māne.
MAIN001-S282,MAIN001,2687,2741,"Pañcasatā kira brāhmaṇā tiṇṇaṃ vedānaṃ pāragū aparabhāge bhagavato dhammadesanaṃ sutvā kāmesu ādīnavaṃ nekkhamme ca ānisaṃsaṃ sampassamānā bhagavato santike pabbajitvā nacirasseva sabbaṃ buddhavacanaṃ uggaṇhitvā pariyattiṃ nissāya mānaṃ uppādesuṃ ‘‘yaṃ yaṃ bhagavā katheti, taṃ taṃ mayaṃ khippameva jānāma, bhagavā hi tīṇi liṅgāni cattāri padāni satta vibhattiyo muñcitvā na kiñci katheti, evaṃ kathite ca amhākaṃ gaṇṭhipadaṃ nāma natthī’’ti."
MAIN001-S283,MAIN001,2742,2753,Te bhagavati agāravā hutvā tato paṭṭhāya bhagavato upaṭṭhānampi dhammassavanampi abhiṇhaṃ na gacchanti.
MAIN001-S284,MAIN001,2754,2781,Bhagavā tesaṃ taṃ cittacāraṃ ñatvā ‘‘abhabbā ime imaṃ mānakhilaṃ anupahacca maggaṃ vā phalaṃ vā sacchikātu’’nti tesaṃ sutapariyattiṃ nissāya uppannaṃ mānaṃ aṭṭhuppattiṃ katvā desanākusalo bhagavā mānabhañjanatthaṃ sabbadhammamūlapariyāyanti desanaṃ ārabhi.
MAIN001-S285,MAIN001,2782,2786,Tattha sabbadhammamūlapariyāyanti sabbesaṃ dhammānaṃ mūlapariyāyaṃ.
MAIN001-S286,MAIN001,2787,2788,Sabbesanti anavasesānaṃ.
MAIN001-S287,MAIN001,2789,2792,Anavasesavācako hi ayaṃ sabba-saddo.
MAIN001-S288,MAIN001,2793,2801,"So yena yena sambandhaṃ gacchati, tassa tassa anavasesataṃ dīpeti."
MAIN001-S289,MAIN001,2802,2810,"Yathā, ‘‘sabbaṃ rūpaṃ aniccaṃ sabbā vedanā aniccā sabbasakkāyapariyāpannesu dhammesū’’ti."
MAIN001-S290,MAIN001,2811,2814,Dhamma-saddo panāyaṃ pariyatti-sacca-samādhi-paññā-pakati-sabhāvasuññatā-puññāpatti-ñeyyādīsu dissati.
MAIN001-S291,MAIN001,2815,2827,‘‘Idha bhikkhu dhammaṃ pariyāpuṇāti suttaṃ geyya’’ntiādīsu (a. ni. 5.73) hi dhammasaddo pariyattiyaṃ vattati.
MAIN001-S292,MAIN001,2828,2833,‘‘Diṭṭhadhammo viditadhammo’’tiādīsu (dī. ni. 1.299) saccesu.
MAIN001-S293,MAIN001,2834,2838,‘‘Evaṃ dhammā te bhagavanto’’tiādīsu samādhimhi.
MAIN001-S294,MAIN001,2839,2851,"‘‘Yassete caturo dhammā, vānarinda yathā tava; Saccaṃ dhammo dhiti cāgo, diṭṭhaṃ so ativattatī’’ti."
MAIN001-S295,MAIN001,2852,2856,– Ādīsu (jā. 1.1.57) paññāya.
MAIN001-S296,MAIN001,2857,2861,"‘‘Jātidhammā jarādhammā, atho maraṇadhammino’’tiādīsu pakatiyaṃ."
MAIN001-S297,MAIN001,2862,2867,‘‘Kusalā dhammā’’tiādīsu (dha. sa. 1.tikamātikā) sabhāve.
MAIN001-S298,MAIN001,2868,2877,‘‘Tasmiṃ kho pana samaye dhammā hontī’’tiādīsu (dha. sa. 121) suññatāyaṃ.
MAIN001-S299,MAIN001,2878,2883,‘‘Dhammo suciṇṇo sukhamāvahātī’’tiādīsu (jā. 1.10.102) puññe.
MAIN001-S300,MAIN001,2884,2889,‘‘Dve aniyatā dhammā’’tiādīsu (pārā. 443) āpattiyaṃ.
MAIN001-S301,MAIN001,2890,2898,‘‘Sabbe dhammā sabbākārena buddhassa bhagavato ñāṇamukhe āpāthaṃ āgacchantī’’tiādīsu ñeyye.
MAIN001-S302,MAIN001,2899,2902,Idha panāyaṃ sabhāve vattati.
MAIN001-S303,MAIN001,2903,2909,Tatrāyaṃ vacanattho – attano lakkhaṇaṃ dhārentīti dhammā.
MAIN001-S304,MAIN001,2910,2912,Mūla-saddo vitthārito eva.
MAIN001-S305,MAIN001,2913,2916,Idha panāyaṃ asādhāraṇahetumhi daṭṭhabbo.
MAIN001-S306,MAIN001,2917,2925,Pariyāyasaddo ‘‘madhupiṇḍikapariyāyoti naṃ dhārehī’’tiādīsu (ma. ni. 1.205) desanāyaṃ vattati.
MAIN001-S307,MAIN001,2926,2941,"‘‘Atthi khvesa brāhmaṇa, pariyāyo, yena maṃ pariyāyena sammā vadamāno vadeyya akiriyavādo samaṇo gotamo’’tiādīsu (pārā. 3) kāraṇe."
MAIN001-S308,MAIN001,2942,2953,"‘‘Kassa nu kho, ānanda, ajja pariyāyo bhikkhuniyo ovaditu’’ntiādīsu (ma. ni. 3.398) vāre."
MAIN001-S309,MAIN001,2954,2958,Idha pana kāraṇepi desanāyampi vattati.
MAIN001-S310,MAIN001,2959,2973,Tasmā ‘‘sabbadhammamūlapariyāya’’nti ettha sabbesaṃ dhammānaṃ asādhāraṇahetusaññitaṃ kāraṇanti vā sabbesaṃ dhammānaṃ kāraṇadesananti vā evaṃ attho daṭṭhabbo.
MAIN001-S311,MAIN001,2974,2981,"Neyyatthattā cassa suttassa, na catubhūmakāpi sabhāvadhammā sabbadhammāti veditabbā."
MAIN001-S312,MAIN001,2982,2989,"Sakkāyapariyāpannā pana tebhūmakā dhammāva anavasesato veditabbā, ayamettha adhippāyoti."
MAIN001-S313,MAIN001,2990,2994,Voti ayaṃ vo-saddo paccattaupayogakaraṇasampadānasāmivacanapadapūraṇesu dissati.
MAIN001-S314,MAIN001,2995,3006,"‘‘Kacci pana vo, anuruddhā, samaggā sammodamānā’’tiādīsu (ma. ni. 1.326) hi paccatte dissati."
MAIN001-S315,MAIN001,3007,3014,"‘‘Gacchatha, bhikkhave, paṇāmemi vo’’tiādīsu (ma. ni. 2.157) upayoge."
MAIN001-S316,MAIN001,3015,3023,‘‘Na vo mama santike vatthabba’’ntiādīsu (ma. ni. 2.157) karaṇe.
MAIN001-S317,MAIN001,3024,3031,"‘‘Vanapatthapariyāyaṃ vo, bhikkhave, desessāmī’’tiādīsu (ma. ni. 1.190) sampadāne."
MAIN001-S318,MAIN001,3032,3039,"‘‘Sabbesaṃ vo, sāriputta, subhāsita’’ntiādīsu (ma. ni. 1.345) sāmivacane."
MAIN001-S319,MAIN001,3040,3048,‘‘Ye hi vo ariyā parisuddhakāyakammantā’’tiādīsu (ma. ni. 1.35) padapūraṇamatte.
MAIN001-S320,MAIN001,3049,3052,Idha panāyaṃ sampadāne daṭṭhabbo.
MAIN001-S321,MAIN001,3053,3056,Bhikkhaveti patissavena abhimukhībhūtānaṃ punālapanaṃ.
MAIN001-S322,MAIN001,3057,3058,Desessāmīti desanāpaṭijānanaṃ.
MAIN001-S323,MAIN001,3059,3071,"Idaṃ vuttaṃ hoti, bhikkhave, sabbadhammānaṃ mūlakāraṇaṃ tumhākaṃ desessāmi, dutiyena nayena kāraṇadesanaṃ tumhākaṃ desessāmīti."
MAIN001-S324,MAIN001,3072,3081,Taṃ suṇāthāti tamatthaṃ taṃ kāraṇaṃ taṃ desanaṃ mayā vuccamānaṃ suṇātha.
MAIN001-S325,MAIN001,3082,3089,Sādhukaṃ manasi karothāti ettha pana sādhukaṃ sādhūti ekatthametaṃ.
MAIN001-S326,MAIN001,3090,3094,Ayañca sādhu saddo āyācanasampaṭicchanasampahaṃsanasundaradaḷhīkammādīsu dissati.
MAIN001-S327,MAIN001,3095,3107,"‘‘Sādhu me bhante bhagavā, saṃkhittena dhammaṃ desetū’’tiādīsu (saṃ. ni. 4.95) hi āyācane dissati."
MAIN001-S328,MAIN001,3108,3120,"‘‘Sādhu, bhanteti kho so bhikkhu bhagavato bhāsitaṃ abhinanditvā anumoditvā’’tiādīsu (ma. ni. 3.86) sampaṭicchane."
MAIN001-S329,MAIN001,3121,3127,"‘‘Sādhu, sādhu sāriputtā’’tiādīsu (dī. ni. 3.349) sampahaṃsane."
MAIN001-S330,MAIN001,3128,3137,"‘‘Sādhu dhammarucī rājā, sādhu paññāṇavā naro; Sādhu mittānamaddubbho, pāpassākaraṇaṃ sukha’’nti."
MAIN001-S331,MAIN001,3138,3141,Ādīsu (jā. 2.18.101) sundare.
MAIN001-S332,MAIN001,3142,3153,"‘‘Tena hi, brāhmaṇa, sādhukaṃ suṇāhī’’tiādīsu (a. ni. 5.192) sādhukasaddoyeva daḷhīkamme, āṇattiyantipi vuccati."
MAIN001-S333,MAIN001,3154,3161,Idhāpi ayaṃ ettheva daḷhīkamme ca āṇattiyañca attho veditabbo.
MAIN001-S334,MAIN001,3162,3163,Sundaratthepi vattati.
MAIN001-S335,MAIN001,3164,3170,Daḷhīkaraṇatthena hi daḷhamimaṃ dhammaṃ suṇātha suggahitaṃ gaṇhantā.
MAIN001-S336,MAIN001,3171,3174,Āṇattiatthena mama āṇattiyā suṇātha.
MAIN001-S337,MAIN001,3175,3182,Sundaratthena sundaramimaṃ bhaddakaṃ dhammaṃ suṇāthāti evaṃ dīpitaṃ hoti.
MAIN001-S338,MAIN001,3183,3193,"Manasi karothāti āvajjetha, samannāharathāti attho, avikkhittacittā hutvā nisāmetha citte karothāti adhippāyo."
MAIN001-S339,MAIN001,3194,3197,Idānettha taṃ suṇāthāti sotindriyavikkhepavāraṇametaṃ.
MAIN001-S340,MAIN001,3198,3203,Sādhukaṃ manasi karothāti manasikāre daḷhīkammaniyojanena manindriyavikkhepavāraṇaṃ.
MAIN001-S341,MAIN001,3204,3207,"Purimañcettha byañjanavipallāsaggāhavāraṇaṃ, pacchimaṃ atthavipallāsaggāhavāraṇaṃ."
MAIN001-S342,MAIN001,3208,3215,"Purimena ca dhammassavane niyojeti, pacchimena sutānaṃ dhammānaṃ dhāraṇūpaparikkhādīsu."
MAIN001-S343,MAIN001,3216,3223,"Purimena ca sabyañjano ayaṃ dhammo, tasmā savanīyoti dīpeti."
MAIN001-S344,MAIN001,3224,3228,"Pacchimena sāttho, tasmā manasi kātabboti."
MAIN001-S345,MAIN001,3229,3252,"Sādhukapadaṃ vā ubhayapadehi yojetvā yasmā ayaṃ dhammo dhammagambhīro desanāgambhīro ca, tasmā suṇātha sādhukaṃ, yasmā atthagambhīro paṭivedhagambhīro ca, tasmā sādhukaṃ manasi karothāti evaṃ yojanā veditabbā."
MAIN001-S346,MAIN001,3253,3254,Bhāsissāmīti desessāmi.
MAIN001-S347,MAIN001,3255,3273,"‘‘Taṃ suṇāthā’’ti ettha paṭiññātaṃ desanaṃ na saṃkhittatova desessāmi, apica kho vitthāratopi naṃ bhāsissāmīti vuttaṃ hoti, saṅkhepavitthāravācakāni hi etāni padāni."
MAIN001-S348,MAIN001,3274,3304,"Yathāha vaṅgīsatthero – ‘‘Saṃkhittenapi deseti, vitthārenapi bhāsati; Sāḷikāyiva nigghoso, paṭibhānaṃ udīrayī’’ti. (saṃ. ni. 1.214); Evaṃ vutte ussāhajātā hutvā evaṃ bhanteti kho te bhikkhū bhagavato paccassosuṃ satthu vacanaṃ sampaṭicchiṃsu, paṭiggahesunti vuttaṃ hoti."
MAIN001-S349,MAIN001,3305,3316,Atha nesaṃ bhagavā etadavoca etaṃ idāni vattabbaṃ idha bhikkhavotiādikaṃ sakalaṃ suttaṃ avoca.
MAIN001-S350,MAIN001,3317,3320,Tattha idhāti desāpadese nipāto.
MAIN001-S351,MAIN001,3321,3325,Svāyaṃ katthaci lokaṃ upādāya vuccati.
MAIN001-S352,MAIN001,3326,3334,Yathāha – ‘‘idha tathāgato loke uppajjatī’’ti (dī. ni. 1.190).
MAIN001-S353,MAIN001,3335,3336,Katthaci sāsanaṃ.
MAIN001-S354,MAIN001,3337,3347,"Yathāha – ‘‘idheva, bhikkhave, samaṇo, idha dutiyo samaṇo’’ti (a. ni. 4.241)."
MAIN001-S355,MAIN001,3348,3349,Katthaci okāsaṃ.
MAIN001-S356,MAIN001,3350,3368,"Yathāha – ‘‘Idheva tiṭṭhamānassa, devabhūtassa me sato; Punarāyu ca me laddho, evaṃ jānāhi mārisā’’ti. (dī. ni. 2.369); Katthaci padapūraṇamattameva."
MAIN001-S357,MAIN001,3369,3378,"Yathāha ‘‘idhāhaṃ – bhikkhave, bhuttāvī assaṃ pavārito’’ti (ma. ni. 1.30)."
MAIN001-S358,MAIN001,3379,3384,Idha pana lokaṃ upādāya vuttoti veditabbo.
MAIN001-S359,MAIN001,3385,3392,2. Bhikkhaveti yathāpaṭiññātaṃ desanaṃ desetuṃ puna bhikkhū ālapati.
MAIN001-S360,MAIN001,3393,3398,"Ubhayenāpi, bhikkhave, imasmiṃ loketi vuttaṃ hoti."
MAIN001-S361,MAIN001,3399,3406,Assutavā puthujjanoti ettha pana āgamādhigamābhāvā ñeyyo assutavā iti.
MAIN001-S362,MAIN001,3407,3419,"Yassa hi khandhadhātuāyatanasaccapaccayākārasatipaṭṭhānādīsu uggahaparipucchāvinicchayarahitattā maññanāpaṭisedhako neva āgamo, paṭipattiyā adhigantabbassa anadhigatattā neva adhigamo atthi."
MAIN001-S363,MAIN001,3420,3424,So āgamādhigamābhāvā ñeyyo assutavā iti.
MAIN001-S364,MAIN001,3425,3434,"Svāyaṃ – Puthūnaṃ jananādīhi, kāraṇehi puthujjano; Puthujjanantogadhattā, puthuvāyaṃ jano iti."
MAIN001-S365,MAIN001,3435,3442,So hi puthūnaṃ nānappakārānaṃ kilesādīnaṃ jananādīhi kāraṇehi puthujjano.
MAIN001-S366,MAIN001,3443,3499,"Yathāha – puthu kilese janentīti puthujjanā, puthu avihatasakkāyadiṭṭhikāti puthujjanā, puthu satthārānaṃ mukhamullokikāti puthujjanā, puthu sabbagatīhi avuṭṭhitāti puthujjanā, puthu nānābhisaṅkhāre abhisaṅkharontīti puthujjanā, puthu nānāoghehi vuyhantīti puthujjanā, puthu nānāsantāpehi santappantīti puthujjanā, puthu nānāpariḷāhehi paridayhantīti puthujjanā, puthu pañcasu kāmaguṇesu rattā giddhā gadhitā mucchitā ajjhosannā laggā lagitā palibuddhāti puthujjanā, puthu pañcahi nīvaraṇehi āvuṭā nivutā ovutā pihitā paṭicchannā paṭikujjitāti puthujjanāti (mahāni. 51)."
MAIN001-S367,MAIN001,3500,3507,Puthūnaṃ vā gaṇanapathamatītānaṃ ariyadhammaparammukhānaṃ nīcadhammasamācārānaṃ janānaṃ antogadhattāpi puthujjanā.
MAIN001-S368,MAIN001,3508,3518,"Puthu vā ayaṃ, visuṃyeva saṅkhaṃ gato, visaṃsaṭṭho sīlasutādiguṇayuttehi ariyehi janotipi puthujjano."
MAIN001-S369,MAIN001,3519,3534,"Evametehi ‘‘assutavā puthujjano’’ti dvīhipi padehi yete – Duve puthujjanā vuttā, buddhenādiccabandhunā; Andho puthujjano eko, kalyāṇeko puthujjanoti."
MAIN001-S370,MAIN001,3535,3538,– Dve puthujjanā vuttā.
MAIN001-S371,MAIN001,3539,3543,Tesu andhaputhujjano vutto hotīti veditabbo.
MAIN001-S372,MAIN001,3544,3568,"Ariyānaṃ adassāvītiādīsu ariyāti ārakattā kilesehi, anaye nairiyanato, aye iriyanato, sadevakena ca lokena araṇīyato buddhā ca paccekabuddhā ca buddhasāvakā ca vuccanti, buddhā eva vā idha ariyā."
MAIN001-S373,MAIN001,3569,3578,"Yathāha ‘‘sadevake, bhikkhave, loke…pe… tathāgato ariyoti vuccatī’’ti (saṃ. ni. 5.1098)."
MAIN001-S374,MAIN001,3579,3586,Sappurisāti ettha pana paccekabuddhā tathāgatasāvakā ca ‘‘sappurisā’’ti veditabbā.
MAIN001-S375,MAIN001,3587,3592,Te hi lokuttaraguṇayogena sobhanā purisāti sappurisā.
MAIN001-S376,MAIN001,3593,3597,Sabbeva vā ete dvedhāpi vuttā.
MAIN001-S377,MAIN001,3598,3605,"Buddhāpi hi ariyā ca sappurisā ca, paccekabuddhā buddhasāvakāpi."
MAIN001-S378,MAIN001,3606,3636,"Yathāha – ‘‘Yo ve kataññū katavedi dhīro, Kalyāṇamitto daḷhabhatti ca hoti; Dukhitassa sakkacca karoti kiccaṃ, Tathāvidhaṃ sappurisaṃ vadantī’’ti. (jā. 2.17.78); Kalyāṇamitto daḷhabhatti ca hotīti ettāvatā hi buddhasāvako vutto, kataññutādīhi paccekabuddhā buddhāti."
MAIN001-S379,MAIN001,3637,3649,"Idāni yo tesaṃ ariyānaṃ adassanasīlo, na ca dassane sādhukārī, so ariyānaṃ adassāvīti veditabbo."
MAIN001-S380,MAIN001,3650,3661,"So ca cakkhunā adassāvī ñāṇena adassāvīti duvidho, tesu ñāṇena adassāvī idha adhippeto."
MAIN001-S381,MAIN001,3662,3669,Maṃsacakkhunā hi dibbacakkhunā vā ariyā diṭṭhāpi adiṭṭhāva honti.
MAIN001-S382,MAIN001,3670,3674,"Tesaṃ cakkhūnaṃ vaṇṇamattaggahaṇato, na ariyabhāvagocarato."
MAIN001-S383,MAIN001,3675,3679,Soṇasiṅgālādayopi ca cakkhunā ariye passanti.
MAIN001-S384,MAIN001,3680,3684,Na ca te ariyānaṃ dassāvino.
MAIN001-S385,MAIN001,3685,3708,"Tatridaṃ vatthu – cittalapabbatavāsino kira khīṇāsavattherassa upaṭṭhāko vuḍḍhapabbajito ekadivasaṃ therena saddhiṃ piṇḍāya caritvā therassa pattacīvaraṃ gahetvā piṭṭhito āgacchanto theraṃ pucchi ‘‘ariyā nāma, bhante, kīdisā’’ti."
MAIN001-S386,MAIN001,3709,3725,"Thero āha ‘‘idhekacco mahallako ariyānaṃ pattacīvaraṃ gahetvā vattapaṭipattiṃ katvā sahacarantopi neva ariye jānāti, evaṃ dujjānā, āvuso, ariyā’’ti."
MAIN001-S387,MAIN001,3726,3730,Evaṃ vuttepi so neva aññāsi.
MAIN001-S388,MAIN001,3731,3738,"Tasmā na cakkhunā dassanaṃ dassanaṃ, ñāṇena dassanameva dassanaṃ."
MAIN001-S389,MAIN001,3739,3756,"Yathāha ‘‘kiṃ te, vakkali, iminā pūtikāyena diṭṭhena, yo kho, vakkali, dhammaṃ passati, so maṃ passatī’’ti (saṃ. ni. 3.87)."
MAIN001-S390,MAIN001,3757,3774,Tasmā cakkhunā passantopi ñāṇena ariyehi diṭṭhaṃ aniccādilakkhaṇaṃ apassanto ariyādhigatañca dhammaṃ anadhigacchanto ariyakaradhammānaṃ ariyabhāvassa ca adiṭṭhattā ‘‘ariyānaṃ adassāvī’’ti veditabbo.
MAIN001-S391,MAIN001,3775,3779,Ariyadhammassa akovidoti satipaṭṭhānādibhede ariyadhamme akusalo.
MAIN001-S392,MAIN001,3780,3794,"Ariyadhamme avinītoti ettha pana – Duvidho vinayo nāma, ekamekettha pañcadhā; Abhāvato tassa ayaṃ, ‘‘avinīto’’ti vuccati."
MAIN001-S393,MAIN001,3795,3799,Ayañhi saṃvaravinayo pahānavinayoti duvidho vinayo.
MAIN001-S394,MAIN001,3800,3807,Ettha ca duvidhepi vinaye ekameko vinayo pañcadhā bhijjati.
MAIN001-S395,MAIN001,3808,3815,Saṃvaravinayopi hi sīlasaṃvaro satisaṃvaro ñāṇasaṃvaro khantisaṃvaro vīriyasaṃvaroti pañcavidho.
MAIN001-S396,MAIN001,3816,3822,Pahānavinayopi tadaṅgapahānaṃ vikkhambhanapahānaṃ samucchedapahānaṃ paṭippassaddhipahānaṃ nissaraṇapahānanti pañcavidho.
MAIN001-S397,MAIN001,3823,3832,Tattha ‘‘iminā pātimokkhasaṃvarena upeto hoti samupeto’’ti (vibha. 511) ayaṃ sīlasaṃvaro.
MAIN001-S398,MAIN001,3833,3851,‘‘Rakkhati cakkhundriyaṃ cakkhundriye saṃvaraṃ āpajjatī’’ti (dī. ni. 1.213; ma. ni. 1.295; saṃ. ni. 4.239; a. ni. 3.16) ayaṃ satisaṃvaro.
MAIN001-S399,MAIN001,3852,3869,"‘‘Yāni sotāni lokasmiṃ, (ajitāti bhagavā) Sati tesaṃ nivāraṇaṃ; Sotānaṃ saṃvaraṃ brūmi, Paññāyete pidhīyare’’ti. (su. ni. 1041); Ayaṃ ñāṇasaṃvaro."
MAIN001-S400,MAIN001,3870,3882,‘‘Khamo hoti sītassa uṇhassā’’ti (ma. ni. 1.23; a. ni. 4.114; 6.58) ayaṃ khantisaṃvaro.
MAIN001-S401,MAIN001,3883,3894,‘‘Uppannaṃ kāmavitakkaṃ nādhivāsetī’’ti (ma. ni. 1.26; a. ni. 4.114; 6.58) ayaṃ vīriyasaṃvaro.
MAIN001-S402,MAIN001,3895,3906,"Sabbopi cāyaṃ saṃvaro yathāsakaṃ saṃvaritabbānaṃ vinetabbānañca kāyaduccaritādīnaṃ saṃvaraṇato ‘‘saṃvaro’’, vinayanato ‘‘vinayo’’ti vuccati."
MAIN001-S403,MAIN001,3907,3912,Evaṃ tāva saṃvaravinayo pañcadhā bhijjatīti veditabbo.
MAIN001-S404,MAIN001,3913,3926,"Tathā yaṃ nāmarūpaparicchedādīsu vipassanāñāṇesu paṭipakkhabhāvato dīpālokeneva tamassa, tena tena vipassanāñāṇena tassa tassa anatthassa pahānaṃ."
MAIN001-S405,MAIN001,3927,3967,"Seyyathidaṃ, nāmarūpavavatthānena sakkāyadiṭṭhiyā, paccayapariggahena ahetuvisamahetudiṭṭhīnaṃ, tasseva aparabhāgena kaṅkhāvitaraṇena kathaṃkathībhāvassa, kalāpasammasanena ‘‘ahaṃ mamā’’ti gāhassa, maggāmaggavavatthānena amagge maggasaññāya, udayadassanena ucchedadiṭṭhiyā, vayadassanena sassatadiṭṭhiyā, bhayadassanena sabhaye abhayasaññāya, ādīnavadassanena assādasaññāya, nibbidānupassanāya abhiratisaññāya, muccitukamyatāñāṇena amuccitukamyatāya, upekkhāñāṇena anupekkhāya, anulomena dhammaṭṭhitiyaṃ nibbāne ca paṭilomabhāvassa, gotrabhunā saṅkhāranimittaggāhassa pahānaṃ, etaṃ tadaṅgapahānaṃnāma."
MAIN001-S406,MAIN001,3968,3982,"Yaṃ pana upacārappanābhedena samādhinā pavattibhāvanivāraṇato ghaṭappahāreneva udakapiṭṭhe sevālassa tesaṃ tesaṃ nīvaraṇādidhammānaṃ pahānaṃ, etaṃ vikkhambhanapahānaṃ nāma."
MAIN001-S407,MAIN001,3983,4005,"Yaṃ catunnaṃ ariyamaggānaṃ bhāvitattā taṃtaṃmaggavato attano attano santāne ‘‘diṭṭhigatānaṃ pahānāyā’’tiādinā (dha. sa. 277) nayena vuttassa samudayapakkhikassa kilesagaṇassa accantaṃ appavattibhāvena pahānaṃ, idaṃ samucchedapahānaṃ nāma."
MAIN001-S408,MAIN001,4006,4013,"Yaṃ pana phalakkhaṇe paṭippassaddhattaṃ kilesānaṃ, etaṃ paṭippassaddhipahānaṃ nāma."
MAIN001-S409,MAIN001,4014,4020,Yaṃ sabbasaṅkhatanissaṭattā pahīnasabbasaṅkhataṃ nibbānaṃ etaṃ nissaraṇapahānaṃ nāma.
MAIN001-S410,MAIN001,4021,4031,"Sabbampi cetaṃ pahānaṃ yasmā cāgaṭṭhena pahānaṃ, vinayanaṭṭhena vinayo, tasmā ‘‘pahānavinayo’’ti vuccati."
MAIN001-S411,MAIN001,4032,4039,Taṃtaṃpahānavato vā tassa tassa vinayassa sambhavatopetaṃ ‘‘pahānavinayo’’ti vuccati.
MAIN001-S412,MAIN001,4040,4044,Evaṃ pahānavinayopi pañcadhā bhijjatīti veditabbo.
MAIN001-S413,MAIN001,4045,4066,"Evamayaṃ saṅkhepato duvidho, bhedato ca dasavidho vinayo bhinnasaṃvarattā pahātabbassa ca appahīnattā yasmā etassa assutavato puthujjanassa natthi, tasmā abhāvato tassa ayaṃ avinītoti vuccatīti."
MAIN001-S414,MAIN001,4067,4075,Esa nayo sappurisānaṃ adassāvī sappurisadhammassa akovido sappurisadhamme avinītoti etthapi.
MAIN001-S415,MAIN001,4076,4078,Ninnānākaraṇañhi etaṃ atthato.
MAIN001-S416,MAIN001,4079,4085,"Yathāha ‘‘yeva te ariyā, teva te sappurisā."
MAIN001-S417,MAIN001,4086,4091,"Yeva te sappurisā, teva te ariyā."
MAIN001-S418,MAIN001,4092,4101,"Yo eva so ariyānaṃ dhammo, so eva so sappurisānaṃ dhammo."
MAIN001-S419,MAIN001,4102,4111,"Yo eva so sappurisānaṃ dhammo, so eva so ariyānaṃ dhammo."
MAIN001-S420,MAIN001,4112,4117,"Yeva te ariyavinayā, teva te sappurisavinayā."
MAIN001-S421,MAIN001,4118,4123,"Yeva te sappurisavinayā, teva te ariyavinayā."
MAIN001-S422,MAIN001,4124,4142,"Ariyeti vā sappuriseti vā, ariyadhammeti vā sappurisadhammeti vā, ariyavinayeti vā sappurisavinayeti vā esese eke ekatthe same samabhāge tajjāte taññevā’’ti."
MAIN001-S423,MAIN001,4143,4165,"‘‘Kasmā pana bhagavā sabbadhammamūlapariyāyaṃ vo, bhikkhave, desessāmī’’ti vatvā taṃ adesetvāva ‘‘idha, bhikkhave, assutavā puthujjano ariyānaṃ adassāvī’’ti evaṃ puthujjanaṃ niddisīti? Puggalādhiṭṭhānāya dhammadesanāya tamatthaṃ āvikātuṃ."
MAIN001-S424,MAIN001,4166,4179,"Bhagavato hi dhammādhiṭṭhānā dhammadesanā, dhammādhiṭṭhānā puggaladesanā, puggalādhiṭṭhānā puggaladesanā, puggalādhiṭṭhānā dhammadesanāti dhammapuggalavaseneva tāva catubbidhā desanā."
MAIN001-S425,MAIN001,4180,4184,"Tattha, ‘‘tisso imā, bhikkhave, vedanā."
MAIN001-S426,MAIN001,4185,4192,Katamā tisso? Sukhā vedanā dukkhā vedanā adukkhamasukhā vedanā.
MAIN001-S427,MAIN001,4193,4204,"Imā kho, bhikkhave, tisso vedanā’’ti (saṃ. ni. 4.250) evarūpī dhammādhiṭṭhānā dhammadesanā veditabbā."
MAIN001-S428,MAIN001,4205,4219,‘‘Cha dhātuyo ayaṃ putiso cha phassāyatano aṭṭhārasa manopavicāro caturādhiṭṭhāno’’ti (ma. ni. 3.343) evarūpī dhammādhiṭṭhānā puggaladesanā.
MAIN001-S429,MAIN001,4220,4225,"‘‘Tayome, bhikkhave, puggalā santo saṃvijjamānā lokasmiṃ."
MAIN001-S430,MAIN001,4226,4230,Katame tayo? Andho ekacakkhu dvicakkhu.
MAIN001-S431,MAIN001,4231,4241,"Katamo ca, bhikkhave, puggalo andho’’ti? (A. ni. 3.29) evarūpī puggalādhiṭṭhānā puggaladesanā."
MAIN001-S432,MAIN001,4242,4256,"‘‘Katamañca, bhikkhave, duggatibhayaṃ? Idha, bhikkhave, ekacco iti paṭisañcikkhati, kāyaduccaritassa kho pāpako vipāko abhisamparāyaṃ…pe… suddhamattānaṃ pariharati."
MAIN001-S433,MAIN001,4257,4266,"Idaṃ vuccati, bhikkhave, duggatibhaya’’nti (a. ni. 4.121) evarūpī puggalādhiṭṭhānā dhammadesanā."
MAIN001-S434,MAIN001,4267,4295,"Svāyaṃ idha yasmā puthujjano apariññātavatthuko, apariññāmūlikā ca idhādhippetānaṃ sabbadhammānaṃ mūlabhūtā maññanā hoti, tasmā puthujjanaṃ dassetvā puggalādhiṭṭhānāya desanāya tamatthaṃ āvikātuṃ, ‘‘idha, bhikkhave, assutavā puthujjano ariyānaṃ adassāvī’’ti evaṃ puthujjanaṃ niddisīti veditabbo."
MAIN001-S435,MAIN001,4296,4297,Suttanikkhepavaṇṇanā niṭṭhitā.
MAIN001-S436,MAIN001,4298,4310,"Pathavīvāravaṇṇanā Evaṃ puthujjanaṃ niddisitvā idāni tassa pathavīādīsu vatthūsu sabbasakkāyadhammajanitaṃ maññanaṃ dassento, pathaviṃ pathavitotiādimāha."
MAIN001-S437,MAIN001,4311,4317,Tattha lakkhaṇapathavī sasambhārapathavī ārammaṇapathavī sammutipathavīti catubbidhā pathavī.
MAIN001-S438,MAIN001,4318,4332,"Tāsu ‘‘katamā ca, āvuso, ajjhattikā pathavīdhātu? Yaṃ ajjhattaṃ paccattaṃ kakkhaḷaṃ kharigata’’ntiādīsu (vibha. 173) vuttā lakkhaṇapathavī."
MAIN001-S439,MAIN001,4333,4341,‘‘Pathaviṃ khaṇeyya vā khaṇāpeyya vā’’tiādīsu (pāci. 85) vuttā sasambhārapathavī.
MAIN001-S440,MAIN001,4342,4349,"Ye ca kesādayo vīsati koṭṭhāsā, ayolohādayo ca bāhirā."
MAIN001-S441,MAIN001,4350,4356,Sā hi vaṇṇādīhi sambhārehi saddhiṃ pathavīti sasambhārapathavī.
MAIN001-S442,MAIN001,4357,4366,"‘‘Pathavīkasiṇameko sañjānātī’’tiādīsu (dī. ni. 3.360) āgatā pana ārammaṇapathavī, nimittapathavītipi vuccati."
MAIN001-S443,MAIN001,4367,4373,Pathavīkasiṇajjhānalābhī devaloke nibbatto āgamanavasena pathavīdevatāti nāmaṃ labhati.
MAIN001-S444,MAIN001,4374,4376,Ayaṃ sammutipathavīti veditabbā.
MAIN001-S445,MAIN001,4377,4380,Sā sabbāpi idha labbhati.
MAIN001-S446,MAIN001,4381,4396,"Tāsu yaṃkañci pathaviṃ ayaṃ puthujjano pathavito sañjānāti, pathavīti sañjānāti, pathavībhāgena sañjānāti, lokavohāraṃ gahetvā saññāvipallāsena sañjānāti pathavīti."
MAIN001-S447,MAIN001,4397,4408,Evaṃ pathavībhāgaṃ amuñcantoyeva vā etaṃ ‘‘sattoti vā sattassā’’ti vā ādinā nayena sañjānāti.
MAIN001-S448,MAIN001,4409,4413,Kasmā evaṃ sañjānātīti na vattabbaṃ.
MAIN001-S449,MAIN001,4414,4417,Ummattako viya hi puthujjano.
MAIN001-S450,MAIN001,4418,4423,So yaṃkiñci yena kenaci ākārena gaṇhāti.
MAIN001-S451,MAIN001,4424,4428,Ariyānaṃ adassāvitādibhedameva vā ettha kāraṇaṃ.
MAIN001-S452,MAIN001,4429,4436,Yaṃ vā parato ‘‘apariññātaṃ tassā’’ti vadantena bhagavatāva vuttaṃ.
MAIN001-S453,MAIN001,4437,4464,"Pathaviṃ pathavito saññatvāti so taṃ pathaviṃ evaṃ viparītasaññāya sañjānitvā, ‘‘saññānidānā hi papañcasaṅkhā’’ti (su. ni. 880) vacanato aparabhāge thāmapattehi taṇhāmānadiṭṭhipapañcehi idha maññanānāmena vuttehi maññati kappeti vikappeti, nānappakārato aññathā gaṇhāti."
MAIN001-S454,MAIN001,4465,4468,Tena vuttaṃ ‘‘pathaviṃ maññatī’’ti.
MAIN001-S455,MAIN001,4469,4484,Evaṃ maññato cassa tā maññanā oḷārikanayena dassetuṃ ‘‘yā ayaṃ kesā lomā’’tiādinā nayena vīsatibhedā ajjhattikā pathavī vuttā.
MAIN001-S456,MAIN001,4485,4499,Yā cāyaṃ vibhaṅge ‘‘tattha katamā bāhirā pathavīdhātu? Yaṃ bāhiraṃ kakkhaḷaṃ kharigataṃ kakkhaḷattaṃ kakkhaḷabhāvo bahiddhā anupādinnaṃ.
MAIN001-S457,MAIN001,4500,4528,"Seyyathidaṃ, ayo lohaṃ tipu sīsaṃ sajjhaṃ muttā maṇi veḷuriyaṃ saṅkho silā pavāḷaṃ rajataṃ jātarūpaṃ lohitaṅko masāragallaṃ tiṇaṃ kaṭṭhaṃ sakkharā kaṭhalaṃ bhūmi pāsāṇo pabbato’’ti (vibha. 173) evaṃ bāhirā pathavī vuttā."
MAIN001-S458,MAIN001,4529,4536,"Yā ca ajjhattārammaṇattike nimittapathavī, taṃ gahetvā ayamatthayojanā vuccati."
MAIN001-S459,MAIN001,4537,4562,"Pathaviṃ maññatīti tīhi maññanāhi ahaṃ pathavīti maññati, mama pathavīti maññati, paro pathavīti maññati, parassa pathavīti maññati, atha vā ajjhattikaṃ pathaviṃ taṇhāmaññanāya maññati, mānamaññanāya maññati, diṭṭhimaññanāya maññati."
MAIN001-S460,MAIN001,4563,4573,Kathaṃ? Ayañhi kesādīsu chandarāgaṃ janeti kese assādeti abhinandati abhivadati ajjhosāya tiṭṭhati.
MAIN001-S461,MAIN001,4574,4581,"Lome, nakhe, dante, tacaṃ, aññataraṃ vā pana rajjanīyavatthuṃ."
MAIN001-S462,MAIN001,4582,4586,Evaṃ ajjhattikaṃ pathaviṃ taṇhāmaññanāya maññati.
MAIN001-S463,MAIN001,4587,4591,Iti me kesā siyuṃ anāgatamaddhānaṃ.
MAIN001-S464,MAIN001,4592,4599,Iti lomātiādinā vā pana nayena tattha nandiṃ samannāneti.
MAIN001-S465,MAIN001,4600,4614,‘‘Imināhaṃ sīlena vā…pe… brahmacariyena vā evaṃ siniddhamudusukhumanīlakeso bhavissāmī’’tiādinā vā pana nayena appaṭiladdhānaṃ paṭilābhāya cittaṃ paṇidahati.
MAIN001-S466,MAIN001,4615,4619,Evampi ajjhattikaṃ pathaviṃ taṇhāmaññanāya maññati.
MAIN001-S467,MAIN001,4620,4635,"Tathā attano kesādīnaṃ sampattiṃ vā vipattiṃ vā nissāya mānaṃ janeti, ‘‘seyyohamasmīti vā sadisohamasmīti vā hīnohamasmīti vā’’ti."
MAIN001-S468,MAIN001,4636,4640,Evaṃ ajjhattikaṃ pathaviṃ mānamaññanāya maññati.
MAIN001-S469,MAIN001,4641,4652,‘‘Taṃ jīvaṃ taṃ sarīra’’nti (ma. ni. 2.187) āgatanayena pana kesaṃ ‘‘jīvo’’ti abhinivisati.
MAIN001-S470,MAIN001,4653,4655,Esa nayo lomādīsu.
MAIN001-S471,MAIN001,4656,4660,Evaṃ ajjhattikaṃ pathaviṃ diṭṭhimaññanāya maññati.
MAIN001-S472,MAIN001,4661,4691,"Atha vā ‘‘yā ceva kho panāvuso, ajjhattikā pathavīdhātu, yā ca bāhirā pathavīdhātu, pathavīdhāturevesā, taṃ netaṃ mamā’’ti (ma. ni. 1.302) imissā pavattiyā paccanīkanayena kesādibhedaṃ pathaviṃ etaṃ mama esohamasmi eso me attāti abhinivisati."
MAIN001-S473,MAIN001,4692,4696,Evampi ajjhattikaṃ pathaviṃ diṭṭhimaññanāya maññati.
MAIN001-S474,MAIN001,4697,4703,Evaṃ tāva ajjhattikaṃ pathaviṃ tīhi maññanāhi maññati.
MAIN001-S475,MAIN001,4704,4708,Yathā ca ajjhattikaṃ evaṃ bāhirampi.
MAIN001-S476,MAIN001,4709,4713,Kathaṃ? ‘‘Ayañhi ayalohādīsu chandarāgaṃ janeti.
MAIN001-S477,MAIN001,4714,4719,Ayalohādīni assādeti abhinandati abhivadati ajjhosāya tiṭṭhati.
MAIN001-S478,MAIN001,4720,4733,"Mama ayo mama lohantiādinā nayena ayādīni mamāyati rakkhati gopayati, evaṃ bāhiraṃ pathaviṃ taṇhāmaññanāya maññati."
MAIN001-S479,MAIN001,4734,4758,"Iti me ayalohādayo siyuṃ anāgatamaddhānanti vā panettha nandiṃ samannāneti, imināhaṃ sīlena vā vatena vā tapena vā brahmacariyena vā evaṃ sampannaayalohādiupakaraṇo bhavissāmī’’ti appaṭiladdhassa paṭilābhāya cittaṃ paṇidahati."
MAIN001-S480,MAIN001,4759,4763,Evampi bāhiraṃ pathaviṃ taṇhāmaññanāya maññati.
MAIN001-S481,MAIN001,4764,4787,"Tathā attano ayalohādīnaṃ sampattiṃ vā vipattiṃ vā nissāya mānaṃ janeti ‘‘imināhaṃ seyyosmīti vā, sadisosmīti vā hīnosmīti vā’’ti (vibha. 832) evaṃ bāhiraṃ pathaviṃ mānamaññanāya maññati."
MAIN001-S482,MAIN001,4788,4794,Aye jīvasaññī hutvā pana ayaṃ ‘‘jīvo’’ti abhinivisati.
MAIN001-S483,MAIN001,4795,4797,Esa nayo lohādīsu.
MAIN001-S484,MAIN001,4798,4802,Evaṃ bāhiraṃ pathaviṃ diṭṭhimaññanāya maññati.
MAIN001-S485,MAIN001,4803,4808,Atha vā ‘‘idhekacco pathavīkasiṇaṃ attato samanupassati.
MAIN001-S486,MAIN001,4809,4812,"Yaṃ pathavīkasiṇaṃ, so ahaṃ."
MAIN001-S487,MAIN001,4813,4828,"Yo ahaṃ, taṃ pathavīkasiṇanti pathavīkasiṇañca attañca advayaṃ samanupassatī’’ti (paṭi. ma. 1.131) paṭisambhidāyaṃ vuttanayeneva nimittapathaviṃ ‘‘attā’’ti abhinivisati."
MAIN001-S488,MAIN001,4829,4833,Evaṃ bāhiraṃ pathaviṃ diṭṭhimaññanāya maññati.
MAIN001-S489,MAIN001,4834,4839,Evampi bāhiraṃ pathaviṃ tīhi maññanāhi maññati.
MAIN001-S490,MAIN001,4840,4847,Evaṃ tāva ‘‘pathaviṃ maññatī’’ti ettha tissopi maññanā veditabbā.
MAIN001-S491,MAIN001,4848,4851,Ito paraṃ saṅkhepeneva kathayissāma.
MAIN001-S492,MAIN001,4852,4856,Pathaviyā maññatīti ettha pathaviyāti bhummavacanametaṃ.
MAIN001-S493,MAIN001,4857,4875,"Tasmā ahaṃ pathaviyāti maññati, mayhaṃ kiñcanaṃ palibodho pathaviyāti maññati, paro pathaviyāti maññati, parassa kiñcanaṃ palibodho pathaviyāti maññatīti ayamettha attho."
MAIN001-S494,MAIN001,4876,4939,"Atha vā yvāyaṃ ‘‘kathaṃ rūpasmiṃ attānaṃ samanupassati? Idhekacco vedanaṃ… saññaṃ… saṅkhāre… viññāṇaṃ attato samanupassati, tassa evaṃ hoti, ayaṃ kho me attā, so kho pana me attā imasmiṃ rūpeti evaṃ rūpasmiṃ vā attānaṃ samanupassatī’’ti (paṭi. ma. 1.131) etassa atthanayo vutto, eteneva nayena vedanādidhamme attato gahetvā tato ajjhattikabāhirāsu pathavīsu yaṃkiñci pathaviṃ tassokāsabhāvena parikappetvā so kho pana me ayaṃ attā imissā pathaviyāti maññanto pathaviyā maññati, ayamassa diṭṭhimaññanā."
MAIN001-S495,MAIN001,4940,4948,Tasmiṃyeva panassa attani sinehaṃ tabbatthukañca mānaṃ uppādayato taṇhāmānamaññanāpi veditabbā.
MAIN001-S496,MAIN001,4949,4962,"Yadā pana teneva nayena so kho panassa attā pathaviyāti maññati, tadā diṭṭhimaññanā eva yujjati."
MAIN001-S497,MAIN001,4963,4965,Itarāyopi pana icchanti.
MAIN001-S498,MAIN001,4966,4971,Pathavito maññatīti ettha pana pathavitoti nissakkavacanaṃ.
MAIN001-S499,MAIN001,4972,4993,"Tasmā saupakaraṇassa attano vā parassa vā yathāvuttappabhedato pathavito uppattiṃ vā niggamanaṃ vā pathavito vā añño attāti maññamāno pathavito maññatīti veditabbo, ayamassa diṭṭhimaññanā."
MAIN001-S500,MAIN001,4994,5003,Tasmiṃyeva panassa diṭṭhimaññanāya maññite vatthusmiṃ sinehaṃ mānañca uppādayato taṇhāmānamaññanāpi veditabbā.
MAIN001-S501,MAIN001,5004,5020,Apare āhu pathavīkasiṇaṃ parittaṃ bhāvetvā tato aññaṃ appamāṇaṃ attānaṃ gahetvā pathavito bahiddhāpi me attāti maññamāno pathavito maññatīti.
MAIN001-S502,MAIN001,5021,5037,Pathaviṃ meti maññatīti ettha pana kevalañhi mahāpathaviṃ taṇhāvasena mamāyatīti iminā nayena pavattā ekā taṇhāmaññanā eva labbhatīti veditabbā.
MAIN001-S503,MAIN001,5038,5053,"Sā cāyaṃ mama kesā, mama lomā, mama ayo, mama lohanti evaṃ yathāvuttappabhedāya sabbāyapi ajjhattikabāhirāya pathaviyā yojetabbāti."
MAIN001-S504,MAIN001,5054,5064,"Pathaviṃ abhinandatīti vuttappakārameva pathaviṃ taṇhādīhi abhinandati, assādeti, parāmasati cāti vuttaṃ hoti."
MAIN001-S505,MAIN001,5065,5074,‘‘Pathaviṃ maññatī’’ti eteneva etasmiṃ atthe siddhe kasmā etaṃ vuttanti ce.
MAIN001-S506,MAIN001,5075,5076,Avicāritametaṃ porāṇehi.
MAIN001-S507,MAIN001,5077,5084,"Ayaṃ pana attano mati, desanāvilāsato vā ādīnavadassanato vā."
MAIN001-S508,MAIN001,5085,5093,"Yassā hi dhammadhātuyā suppaṭividdhattā nānānayavicitradesanāvilāsasampanno, ayaṃ sā bhagavatā suppaṭividdhā."
MAIN001-S509,MAIN001,5094,5104,Tasmā pubbe maññanāvasena kilesuppattiṃ dassetvā idāni abhinandanāvasena dassento desanāvilāsato vā idamāha.
MAIN001-S510,MAIN001,5105,5128,"Yo vā pathaviṃ maññati, pathaviyā maññati, pathavito maññati, pathaviṃ meti maññati, so yasmā na sakkoti pathavīnissitaṃ taṇhaṃ vā diṭṭhiṃ vā pahātuṃ, tasmā pathaviṃ abhinandatiyeva."
MAIN001-S511,MAIN001,5129,5139,"Yo ca pathaviṃ abhinandati, dukkhaṃ so abhinandati, dukkhañca ādīnavoti ādīnavadassanatopi idamāha."
MAIN001-S512,MAIN001,5140,5155,"Vuttañcetaṃ bhagavatā ‘‘yo, bhikkhave, pathavīdhātuṃ abhinandati, dukkhaṃ so abhinandati, yo dukkhaṃ abhinandati, aparimutto so dukkhasmāti vadāmī’’ti."
MAIN001-S513,MAIN001,5156,5177,"Evaṃ pathavīvatthukaṃ maññanaṃ abhinandanañca vatvā idāni yena kāraṇena so maññati, abhinandati ca, taṃ kāraṇaṃ āvikaronto āha taṃ kissa hetu, apariññātaṃ tassāti vadāmīti."
MAIN001-S514,MAIN001,5178,5190,"Tassattho, so puthujjano taṃ pathaviṃ kissa hetu maññati, kena kāraṇena maññati, abhinandatīti ce."
MAIN001-S515,MAIN001,5191,5201,"Apariññātaṃ tassāti vadāmīti, yasmā taṃ vatthu tassa apariññātaṃ, tasmāti vuttaṃ hoti."
MAIN001-S516,MAIN001,5202,5212,"Yo hi pathaviṃ parijānāti, so tīhi pariññāhi parijānāti ñātapariññāya tīraṇapariññāya pahānapariññāyāti."
MAIN001-S517,MAIN001,5213,5215,Tattha katamā ñātapariññā.
MAIN001-S518,MAIN001,5216,5228,"Pathavīdhātuṃ parijānāti, ayaṃ pathavīdhātu ajjhattikā, ayaṃ bāhirā, idamassā lakkhaṇaṃ, imāni rasapaccupaṭṭhānapadaṭṭhānānīti, ayaṃ ñātapariññā."
MAIN001-S519,MAIN001,5229,5242,"Katamā tīraṇapariññā? Evaṃ ñātaṃ katvā pathavīdhātuṃ tīreti aniccato dukkhato rogatoti dvācattālīsāya ākārehi, ayaṃ tīraṇapariññā."
MAIN001-S520,MAIN001,5243,5252,"Katamā pahānapariññā? Evaṃ tīrayitvā aggamaggena pathavīdhātuyā chandarāgaṃ pajahati, ayaṃ pahānapariññā."
MAIN001-S521,MAIN001,5253,5255,Nāmarūpavavatthānaṃ vā ñātapariññā.
MAIN001-S522,MAIN001,5256,5257,Kalāpasammasanādianulomapariyosānā tīraṇapariññā.
MAIN001-S523,MAIN001,5258,5260,Ariyamagge ñāṇaṃ pahānapariññāti.
MAIN001-S524,MAIN001,5261,5281,"Yo pathaviṃ parijānāti, so imāhi tīhi pariññāhi parijānāti, assa ca puthujjanassa tā pariññāyo natthi, tasmā apariññātattā pathaviṃ maññati ca abhinandati cāti."
MAIN001-S525,MAIN001,5282,5299,"Tenāha bhagavā – idha, bhikkhave, assutavā puthujjano…pe… pathaviṃ maññati, pathaviyā maññati, pathavito maññati, pathaviṃ meti maññati, pathaviṃ abhinandati."
MAIN001-S526,MAIN001,5300,5305,Taṃ kissa hetu? Apariññātaṃ tassāti vadāmī’’ti.
MAIN001-S527,MAIN001,5306,5307,Pathavīvāravaṇṇanā niṭṭhitā.
MAIN001-S528,MAIN001,5308,5314,Āpovārādivaṇṇanā Āpaṃ āpatoti etthāpi lakkhaṇasasambhārārammaṇasammutivasena catubbidho āpo.
MAIN001-S529,MAIN001,5315,5319,"Tesu ‘‘tattha, katamā ajjhattikā āpodhātu."
MAIN001-S530,MAIN001,5320,5334,"Yaṃ ajjhattaṃ paccattaṃ āpo āpogataṃ, sineho sinehagataṃ bandhanattaṃ rūpassa ajjhattaṃ upādinna’’ntiādīsu (vibha. 174) vutto lakkhaṇaāpo."
MAIN001-S531,MAIN001,5335,5341,‘‘Āpokasiṇaṃ uggaṇhanto āpasmiṃ nimittaṃ gaṇhātī’’tiādīsu vutto sasambhārāpo.
MAIN001-S532,MAIN001,5342,5345,Sesaṃ sabbaṃ pathaviyaṃ vuttasadisameva.
MAIN001-S533,MAIN001,5346,5369,"Kevalaṃ yojanānaye pana ‘‘pittaṃ semha’’ntiādinā nayena vuttā dvādasabhedā ajjhattikā āpodhātu, ‘‘tattha, katamā bāhirā āpodhātu? Yaṃ bāhiraṃ āpo āpogataṃ, sineho sinehagataṃ bandhanattaṃ rūpassa bahiddhā anupādinnaṃ."
MAIN001-S534,MAIN001,5370,5400,"Seyyathidaṃ, mūlaraso khandharaso tacaraso pattaraso puppharaso phalaraso khīraṃ dadhi sappi navanītaṃ telaṃ madhu phāṇitaṃ bhummāni vā udakāni antalikkhāni vā’’ti (vibha. 174) evaṃ vuttā ca bāhirā āpodhātu veditabbā, yo ca ajjhattārammaṇattike nimittaāpo."
MAIN001-S535,MAIN001,5401,5407,Tejaṃ tejatoti imasmiṃ tejovārepi vuttanayeneva vitthāro veditabbo.
MAIN001-S536,MAIN001,5408,5431,"Yojanānaye panettha ‘‘yena ca santappati, yena ca jīrīyati, yena ca pariḍayhati, yena ca asitapītakhāyitasāyitaṃ sammā pariṇāmaṃ gacchatī’’ti (vibha. 175) evaṃ vuttā catuppabhedā ajjhattikā tejodhātu."
MAIN001-S537,MAIN001,5432,5445,‘‘Tattha katamā bāhirā tejodhātu? Yaṃ bāhiraṃ tejo tejogataṃ usmā usmāgataṃ usumaṃ usumagataṃ bahiddhā anupādinnaṃ.
MAIN001-S538,MAIN001,5446,5467,"Seyyathidaṃ, kaṭṭhaggi palālaggi tiṇaggi gomayaggi thusaggi saṅkāraggi indaggi aggisantāpo sūriyasantāpo kaṭṭhasannicayasantāpo tiṇasannicayasantāpo dhaññasannicayasantāpo bhaṇḍasannicayasantāpo’’ti (vibha. 175) evaṃ vuttā ca bāhirā tejodhātu veditabbā."
MAIN001-S539,MAIN001,5468,5492,Vāyaṃ vāyatoti imassa vāyavārassāpi yojanānaye pana ‘‘uddhaṅgamā vātā adhogamā vātā kucchisayā vātā koṭṭhāsayā vātā aṅgamaṅgānusārino vātā satthakavātā khurakavātā uppalakavātā assāso passāso’’ti evaṃ vuttā ajjhattikā vāyodhātu.
MAIN001-S540,MAIN001,5493,5504,‘‘Tattha katamā bāhirā vāyodhātu? Yaṃ bāhiraṃ vāyo vāyogataṃ thambhitattaṃ rūpassa bahiddhā anupādinnaṃ.
MAIN001-S541,MAIN001,5505,5539,"Seyyathidaṃ, puratthimā vātā pacchimā vātā uttarā vātā dakkhiṇā vātā sarajā vātā arajā vātā sītā vātā uṇhā vātā parittā vātā adhimattā vātā kāḷavātā verambhavātā pakkhavātā supaṇṇavātā tālavaṇṭavātā vidhūpanavātā’’ti (vibha. 176) evaṃ vuttā ca bāhirā vāyodhātu veditabbā."
MAIN001-S542,MAIN001,5540,5541,Sesaṃ vuttanayamevāti.
MAIN001-S543,MAIN001,5542,5558,"Ettāvatā ca yvāyaṃ – ‘‘Vuttamhi ekadhamme, ye dhammā ekalakkhaṇā tena; Vuttā bhavanti sabbe, iti vutto lakkhaṇo hāro’’ti."
MAIN001-S544,MAIN001,5559,5576,"– Evaṃ nettiyaṃ lakkhaṇo nāma hāro vutto, tassa vasena yasmā catūsu bhūtesu gahitesu upādārūpampi gahitameva bhavati, rūpalakkhaṇaṃ anatītattā."
MAIN001-S545,MAIN001,5577,5580,Yañca bhūtopādārūpaṃ so rūpakkhandho.
MAIN001-S546,MAIN001,5581,5595,Tasmā ‘‘assutavā puthujjano pathaviṃ āpaṃ tejaṃ vāyaṃ maññatī’’ti vadantena atthato rūpaṃ attato samanupassatītipi vuttaṃ hoti.
MAIN001-S547,MAIN001,5596,5607,‘‘Pathaviyā āpasmiṃ tejasmiṃ vāyasmiṃ maññatī’’ti vadantena rūpasmiṃ vā attānaṃ samanupassatīti vuttampi hoti.
MAIN001-S548,MAIN001,5608,5626,‘‘Pathavito āpato tejato vāyato maññatī’’ti vadantena rūpato añño attāti siddhattā rūpavantaṃ vā attānaṃ attani vā rūpaṃ samanupassatītipi vuttaṃ hoti.
MAIN001-S549,MAIN001,5627,5631,Evametā catasso rūpavatthukā sakkāyadiṭṭhimaññanā veditabbā.
MAIN001-S550,MAIN001,5632,5642,"Tattha ekā ucchedadiṭṭhi, tisso sassatadiṭṭhiyoti dveva diṭṭhiyo hontīti ayampi atthaviseso veditabbo."
MAIN001-S551,MAIN001,5643,5644,Āpovārādivaṇṇanā niṭṭhitā.
MAIN001-S552,MAIN001,5645,5645,Bhūtavārādivaṇṇanā
MAIN001-S553,MAIN001,5646,5671,"3. Evaṃ rūpamukhena saṅkhāravatthukaṃ maññanaṃ vatvā idāni ye saṅkhāre upādāya sattā paññapīyanti, tesu saṅkhāresu sattesupi yasmā puthujjano maññanaṃ karoti, tasmā te satte niddisanto bhūte bhūtato sañjānātītiādimāha."
MAIN001-S554,MAIN001,5672,5675,Tatthāyaṃ bhūtasaddo pañcakkhandhaamanussadhātuvijjamānakhīṇāsavasattarukkhādīsu dissati.
MAIN001-S555,MAIN001,5676,5685,"‘‘Bhūtamidanti, bhikkhave, samanupassathā’’tiādīsu (ma. ni. 1.401) hi ayaṃ pañcakkhandhesu dissati."
MAIN001-S556,MAIN001,5686,5693,‘‘Yānīdha bhūtāni samāgatānī’’ti (su. ni. 224) ettha amanussesu.
MAIN001-S557,MAIN001,5694,5703,"‘‘Cattāro kho, bhikkhu, mahābhūtā hetū’’ti (ma. ni. 3.86) ettha dhātūsu."
MAIN001-S558,MAIN001,5704,5708,‘‘Bhūtasmiṃ pācittiya’’ntiādīsu (pāci. 69) vijjamāne.
MAIN001-S559,MAIN001,5709,5716,‘‘Yo ca kālaghaso bhūto’’ti (jā. 1.10.190) ettha khīṇāsave.
MAIN001-S560,MAIN001,5717,5726,‘‘Sabbeva nikkhipissanti bhūtā loke samussaya’’nti (dī. ni. 2.220) ettha sattesu.
MAIN001-S561,MAIN001,5727,5731,‘‘Bhūtagāmapātabyatāyā’’ti (pāci. 90) ettha rukkhādīsu.
MAIN001-S562,MAIN001,5732,5739,"Idha panāyaṃ sattesu vattati, no ca kho avisesena."
MAIN001-S563,MAIN001,5740,5746,Cātumahārājikānaṃ hi heṭṭhā sattā idha bhūtāti adhippetā.
MAIN001-S564,MAIN001,5747,5751,Tattha bhūte bhūtato sañjānātītiādi vuttanayameva.
MAIN001-S565,MAIN001,5752,5757,Bhūte maññatītiādīsu pana tissopi maññanā yojetabbā.
MAIN001-S566,MAIN001,5758,5786,"Kathaṃ? Ayañhi ‘‘so passati gahapatiṃ vā gahapatiputtaṃ vā pañcahi kāmaguṇehi samappitaṃ samaṅgibhūta’’nti (a. ni. 7.50) vuttanayena bhūte subhā sukhitāti gahetvā rajjati, disvāpi ne rajjati, sutvāpi, ghāyitvāpi, sāyitvāpi, phusitvāpi, ñatvāpi."
MAIN001-S567,MAIN001,5787,5790,Evaṃ bhūte taṇhāmaññanāya maññati.
MAIN001-S568,MAIN001,5791,5810,"‘‘Aho vatāhaṃ khattiyamahāsālānaṃ vā sahabyataṃ upapajjeyya’’ntiādinā (dī. ni. 3.337) vā pana nayena appaṭiladdhassa paṭilābhāya cittaṃ paṇidahati, evampi bhūte taṇhāmaññanāya maññati."
MAIN001-S569,MAIN001,5811,5819,Attano pana bhūtānañca sampattivipattiṃ nissāya attānaṃ vā seyyaṃ dahati.
MAIN001-S570,MAIN001,5820,5830,"Bhūtesu ca yaṃkiñci bhūtaṃ hīnaṃ attānaṃ vā hīnaṃ, yaṃkiñci bhūtaṃ seyyaṃ."
MAIN001-S571,MAIN001,5831,5838,"Attānaṃ vā bhūtena, bhūtaṃ vā attanā sadisaṃ dahati."
MAIN001-S572,MAIN001,5839,5849,Yathāha ‘‘idhekacco jātiyā vā…pe… aññataraññatarena vatthunā pubbakālaṃ parehi sadisaṃ attānaṃ dahati.
MAIN001-S573,MAIN001,5850,5853,Aparakālaṃ attānaṃ seyyaṃ dahati.
MAIN001-S574,MAIN001,5854,5865,"Pare hīne dahati, yo evarūpo māno …pe… ayaṃ vuccati mānātimāno’’ti (vibha. 876-880)."
MAIN001-S575,MAIN001,5866,5869,Evaṃ bhūte mānamaññanāya maññati.
MAIN001-S576,MAIN001,5870,5898,Bhūte pana ‘‘niccā dhuvā sassatā avipariṇāmadhammā’’ti vā ‘‘sabbe sattā sabbe pāṇā sabbe bhūtā sabbe jīvā avasā abalā avīriyā niyatisaṅgatibhāvapariṇatā chasvevābhijātīsu sukhadukkhaṃ paṭisaṃvedentī’’ti (dī. ni. 1.168) vā maññamāno diṭṭhimaññanāya maññati.
MAIN001-S577,MAIN001,5899,5903,Evaṃ bhūte tīhi maññanāhi maññati.
MAIN001-S578,MAIN001,5904,5915,Kathaṃ bhūtesu maññati? Tesu tesu bhūtesu attano upapattiṃ vā sukhuppattiṃ vā ākaṅkhati.
MAIN001-S579,MAIN001,5916,5920,Evaṃ tāva taṇhāmaññanāya bhūtesu maññati.
MAIN001-S580,MAIN001,5921,5930,"Bhūtesu vā upapattiṃ ākaṅkhamāno dānaṃ deti, sīlaṃ samādiyati, uposathakammaṃ karoti."
MAIN001-S581,MAIN001,5931,5934,Evampi bhūtesu taṇhāmaññanāya maññati.
MAIN001-S582,MAIN001,5935,5948,"Bhūte pana samūhaggāhena gahetvā tattha ekacce bhūte seyyato dahati, ekacce sadisato vā hīnato vāti."
MAIN001-S583,MAIN001,5949,5952,Evaṃ bhūtesu mānamaññanāya maññati.
MAIN001-S584,MAIN001,5953,5958,Tathā ekacce bhūte niccā dhuvāti maññati.
MAIN001-S585,MAIN001,5959,5966,"Ekacce aniccā adhuvāti, ahampi bhūtesu aññatarosmīti vā maññati."
MAIN001-S586,MAIN001,5967,5970,Evaṃ bhūtesu diṭṭhimaññanāya maññati.
MAIN001-S587,MAIN001,5971,5989,"Bhūtato maññatīti ettha pana saupakaraṇassa attano vā parassa vā yato kutoci bhūtato uppattiṃ maññamāno bhūtato maññatīti veditabbo, ayamassa diṭṭhimaññanā."
MAIN001-S588,MAIN001,5990,5999,Tasmiṃyeva panassa diṭṭhimaññanāya maññite vatthusmiṃ sinehaṃ mānañca uppādayato taṇhāmānamaññanāpi veditabbā.
MAIN001-S589,MAIN001,6000,6007,Bhūte meti maññatīti ettha pana ekā taṇhāmaññanāva labbhati.
MAIN001-S590,MAIN001,6008,6022,"Sā cāyaṃ ‘‘mama puttā, mama dhītā, mama ajeḷakā, kukkuṭasūkarā, hatthigavassavaḷavā’’ti evamādinā nayena mamāyato pavattatīti veditabbā."
MAIN001-S591,MAIN001,6023,6026,Bhūte abhinandatīti etaṃ vuttanayameva.
MAIN001-S592,MAIN001,6027,6041,"Apariññātaṃ tassāti ettha pana ye saṅkhāre upādāya bhūtānaṃ paññatti, tesaṃ apariññātattā bhūtā apariññātā hontīti veditabbā."
MAIN001-S593,MAIN001,6042,6045,Yojanā pana vuttanayeneva kātabbā.
MAIN001-S594,MAIN001,6046,6061,Evaṃ saṅkhepato saṅkhāravasena ca sattavasena ca maññanāvatthuṃ dassetvā idāni bhūmivisesādinā bhedena vitthāratopi taṃ dassento deve devatotiādimāha.
MAIN001-S595,MAIN001,6062,6073,"Tattha dibbanti pañcahi kāmaguṇehi attano vā iddhiyāti devā, kīḷanti jotenti cāti attho."
MAIN001-S596,MAIN001,6074,6078,Te tividhā sammutidevā upapattidevā visuddhidevāti.
MAIN001-S597,MAIN001,6079,6083,Sammutidevā nāma rājāno deviyo rājakumārā.
MAIN001-S598,MAIN001,6084,6089,Upapattidevā nāma cātumahārājike deve upādāya tatuttaridevā.
MAIN001-S599,MAIN001,6090,6093,Visuddhidevā nāma arahanto khīṇāsavā.
MAIN001-S600,MAIN001,6094,6101,"Idha pana upapattidevā daṭṭhabbā, no ca kho avisesena."
MAIN001-S601,MAIN001,6102,6111,Paranimmitavasavattidevaloke māraṃ saparisaṃ ṭhapetvā sesā cha kāmāvacarā idha devāti adhippetā.
MAIN001-S602,MAIN001,6112,6117,Tattha sabbā atthavaṇṇanā bhūtavāre vuttanayeneva veditabbā.
MAIN001-S603,MAIN001,6118,6123,Pajāpatinti ettha pana māro pajāpatīti veditabbo.
MAIN001-S604,MAIN001,6124,6132,Keci pana ‘‘tesaṃ tesaṃ devānaṃ adhipatīnaṃ mahārājādīnametaṃ adhivacana’’nti vadanti.
MAIN001-S605,MAIN001,6133,6147,"Taṃ devaggahaṇeneva tesaṃ gahitattā ayuttanti mahāaṭṭhakathāyaṃ paṭikkhittaṃ, māroyeva pana sattasaṅkhātāya pajāya adhipatibhāvena idha pajāpatīti adhippeto."
MAIN001-S606,MAIN001,6148,6151,So kuhiṃ vasati? Paranimmitavasavattidevaloke.
MAIN001-S607,MAIN001,6152,6156,Tatra hi vasavattirājā rajjaṃ kāreti.
MAIN001-S608,MAIN001,6157,6168,Māro ekasmiṃ padese attano parisāya issariyaṃ pavattento rajjapaccante dāmarikarājaputto viya vasatīti vadanti.
MAIN001-S609,MAIN001,6169,6173,Māraggahaṇeneva cettha māraparisāyapi gahaṇaṃ veditabbaṃ.
MAIN001-S610,MAIN001,6174,6186,Yojanānayo cettha pajāpatiṃ vaṇṇavantaṃ dīghāyukaṃ sukhabahulaṃ disvā vā sutvā vā rajjanto taṇhāmaññanāya maññati.
MAIN001-S611,MAIN001,6187,6201,‘‘Aho vatāhaṃ pajāpatino sahabyataṃ upapajjeyya’’ntiādinā vā pana nayena appaṭiladdhassa paṭilābhāya cittaṃ paṇidahantopi pajāpatiṃ taṇhāmaññanāya maññati.
MAIN001-S612,MAIN001,6202,6213,Pajāpatibhāvaṃ pana patto samāno ahamasmi pajānamissaro adhipatīti mānaṃ janento pajāpatiṃ mānamaññanāya maññati.
MAIN001-S613,MAIN001,6214,6234,‘‘Pajāpati nicco dhuvo’’ti vā ‘‘ucchijjissati vinassissatī’’ti vā ‘‘avaso abalo avīriyo niyatisaṅgatibhāvapariṇato chasvevābhijātīsu sukhadukkhaṃ paṭisaṃvedetī’’ti vā maññamāno pana pajāpatiṃ diṭṭhimaññanāya maññatīti veditabbo.
MAIN001-S614,MAIN001,6235,6240,Pajāpatisminti ettha pana ekā diṭṭhimaññanāva yujjati.
MAIN001-S615,MAIN001,6241,6244,Tassā evaṃ pavatti veditabbā.
MAIN001-S616,MAIN001,6245,6257,"Idhekacco ‘‘pajāpatismiṃ ye ca dhammā saṃvijjanti, sabbe te niccā dhuvā sassatā avipariṇāmadhammā’’ti maññati."
MAIN001-S617,MAIN001,6258,6268,"Atha vā ‘‘pajāpatismiṃ natthi pāpaṃ, na tasmiṃ pāpakāni kammāni upalabbhantī’’ti maññati."
MAIN001-S618,MAIN001,6269,6273,Pajāpatitoti ettha tissopi maññanā labbhanti.
MAIN001-S619,MAIN001,6274,6288,"Kathaṃ? Idhekacco saupakaraṇassa attano vā parassa vā pajāpatito uppattiṃ vā niggamanaṃ vā maññati, ayamassa diṭṭhimaññanā."
MAIN001-S620,MAIN001,6289,6298,Tasmiṃyeva panassa diṭṭhimaññanāya maññite vatthusmiṃ sinehaṃ mānañca uppādayato taṇhāmānamaññanāpi veditabbā.
MAIN001-S621,MAIN001,6299,6305,Pajāpatiṃ meti ettha pana ekā taṇhāmaññanāva labbhati.
MAIN001-S622,MAIN001,6306,6316,Sā cāyaṃ ‘‘pajāpati mama satthā mama sāmī’’tiādinā nayena mamāyato pavattatīti veditabbā.
MAIN001-S623,MAIN001,6317,6318,Sesaṃ vuttanayameva.
MAIN001-S624,MAIN001,6319,6326,Brahmaṃ brahmatoti ettha brūhito tehi tehi guṇavisesehīti brahmā.
MAIN001-S625,MAIN001,6327,6334,"Apica brahmāti mahābrahmāpi vuccati, tathāgatopi brāhmaṇopi mātāpitaropi seṭṭhampi."
MAIN001-S626,MAIN001,6335,6345,‘‘Sahasso brahmā dvisahasso brahmā’’tiādīsu (ma. ni. 3.165-166) hi mahābrahmā brahmāti vuccati.
MAIN001-S627,MAIN001,6346,6352,"‘‘Brahmāti kho, bhikkhave, tathāgatassetaṃ adhivacana’’nti ettha tathāgato."
MAIN001-S628,MAIN001,6353,6368,"‘‘Tamonudo buddho samantacakkhu, Lokantagū sabbabhavātivatto; Anāsavo sabbadukkhappahīno, Saccavhayo brahme upāsito me’’ti. (cūḷani. 104) – Ettha brāhmaṇo."
MAIN001-S629,MAIN001,6369,6379,"‘‘Brahmāti mātāpitaro, pubbācariyāti vuccare’’ti. (itivu. 106; jā. 2.20.181) – Ettha mātāpitaro."
MAIN001-S630,MAIN001,6380,6389,‘‘Brahmacakkaṃ pavattetī’’ti (ma. ni. 1.148; a. ni. 5.11) ettha seṭṭhaṃ.
MAIN001-S631,MAIN001,6390,6395,Idha pana paṭhamābhinibbatto kappāyuko brahmā adhippeto.
MAIN001-S632,MAIN001,6396,6400,Taggahaṇeneva ca brahmapurohitabrahmapārisajjāpi gahitāti veditabbā.
MAIN001-S633,MAIN001,6401,6405,Atthavaṇṇanā panettha pajāpativāre vuttanayeneva veditabbā.
MAIN001-S634,MAIN001,6406,6419,Ābhassaravāre daṇḍadīpikāya acci viya etesaṃ sarīrato ābhā chijjitvā chijjitvā patantī viya sarati visaratīti ābhassarā.
MAIN001-S635,MAIN001,6420,6432,"Tesaṃ gahaṇena sabbāpi dutiyajjhānabhūmi gahitā, ekatalavāsino eva cete sabbepi parittābhā appamāṇābhā ābhassarāti veditabbā."
MAIN001-S636,MAIN001,6433,6442,Subhakiṇhavāre subhena okiṇṇā vikiṇṇā subhena sarīrappabhāvaṇṇena ekagghanā suvaṇṇamañjūsāya ṭhapitasampajjalitakañcanapiṇḍasassirikāti subhakiṇhā.
MAIN001-S637,MAIN001,6443,6447,Tesaṃ gahaṇena sabbāpi tatiyajjhānabhūmi gahitā.
MAIN001-S638,MAIN001,6448,6455,Ekatalavāsino eva cete sabbepi parittasubhā appamāṇasubhā subhakiṇhāti veditabbā.
MAIN001-S639,MAIN001,6456,6459,"Vehapphalavāre, vipulā phalāti vehapphalā."
MAIN001-S640,MAIN001,6460,6462,Catutthajjhānabhūmi brahmāno vuccanti.
MAIN001-S641,MAIN001,6463,6470,Atthanayayojanā pana imesu tīsupi vāresu bhūtavāre vuttanayeneva veditabbā.
MAIN001-S642,MAIN001,6471,6473,Abhibhūvāre abhibhavīti abhibhū.
MAIN001-S643,MAIN001,6474,6478,Kiṃ abhibhavi? Cattāro khandhe arūpino.
MAIN001-S644,MAIN001,6479,6480,Asaññabhavassetaṃ adhivacanaṃ.
MAIN001-S645,MAIN001,6481,6495,"Asaññasattā devā vehapphalehi saddhiṃ ekatalāyeva ekasmiṃ okāse yena iriyāpathena nibbattā, teneva yāvatāyukaṃ tiṭṭhanti cittakammarūpasadisā hutvā."
MAIN001-S646,MAIN001,6496,6500,Te idha sabbepi abhibhūvacanena gahitā.
MAIN001-S647,MAIN001,6501,6511,Keci abhibhū nāma sahasso brahmāti evamādinā nayena tattha tattha adhipatibrahmānaṃ vaṇṇayanti.
MAIN001-S648,MAIN001,6512,6517,Brahmaggahaṇeneva pana tassa gahitattā ayuttametanti veditabbaṃ.
MAIN001-S649,MAIN001,6518,6529,Yojanānayo cettha abhibhū vaṇṇavā dīghāyukoti sutvā tattha chandarāgaṃ uppādento abhibhuṃ taṇhāmaññanāya maññati.
MAIN001-S650,MAIN001,6530,6543,‘‘Aho vatāhaṃ abhibhuno sahabyataṃ upapajjeyya’’ntiādinā pana nayena appaṭiladdhassa paṭilābhāya cittaṃ paṇidahantopi abhibhuṃ taṇhāmaññanāya maññati.
MAIN001-S651,MAIN001,6544,6552,Attānaṃ hīnato abhibhuṃ seyyato dahanto pana abhibhuṃ mānamaññanāya maññati.
MAIN001-S652,MAIN001,6553,6561,‘‘Abhibhū nicco dhuvo’’tiādinā nayena parāmasanto abhibhuṃ diṭṭhimaññanāya maññatīti veditabbo.
MAIN001-S653,MAIN001,6562,6564,Sesaṃ pajāpativāre vuttanayameva.
MAIN001-S654,MAIN001,6565,6566,Bhūtavārādivaṇṇanā niṭṭhitā.
MAIN001-S655,MAIN001,6567,6567,Ākāsānañcāyatanavārādivaṇṇanā
MAIN001-S656,MAIN001,6568,6589,"4. Evaṃ bhagavā paṭipāṭiyā devaloke dassentopi abhibhūvacanena asaññabhavaṃ dassetvā idāni yasmā ayaṃ vaṭṭakathā, suddhāvāsā ca vivaṭṭapakkhe ṭhitā, anāgāmikhīṇāsavā eva hi te devā."
MAIN001-S657,MAIN001,6590,6596,"Yasmā vā katipayakappasahassāyukā te devā, buddhuppādakāleyeva honti."
MAIN001-S658,MAIN001,6597,6607,"Buddhā pana asaṅkheyepi kappe na uppajjanti, tadā suññāpi sā bhūmi hoti."
MAIN001-S659,MAIN001,6608,6613,Rañño khandhāvāraṭṭhānaṃ viya hi buddhānaṃ suddhāvāsabhavo.
MAIN001-S660,MAIN001,6614,6624,"Te teneva ca kāraṇena viññāṇaṭṭhitisattāvāsavasenapi na gahitā, sabbakālikā pana imā maññanā."
MAIN001-S661,MAIN001,6625,6631,"Tasmā tāsaṃ sadāvijjamānabhūmiṃ dassento suddhāvāse atikkamitvā, ākāsānañcāyatanantiādimāha."
MAIN001-S662,MAIN001,6632,6637,Tattha ākāsānañcāyatananti tabbhūmikā cattāro kusalavipākakiriyā khandhā.
MAIN001-S663,MAIN001,6638,6644,Te ca tatrūpapannāyeva daṭṭhabbā bhavaparicchedakathā ayanti katvā.
MAIN001-S664,MAIN001,6645,6647,Esa nayo viññāṇañcāyatanādīsu.
MAIN001-S665,MAIN001,6648,6655,Atthayojanā pana catūsupi etesu vāresu abhibhūvāre vuttanayeneva veditabbā.
MAIN001-S666,MAIN001,6656,6660,Mānamaññanā cettha pajāpativāre vuttanayenāpi yujjati.
MAIN001-S667,MAIN001,6661,6662,Ākāsānañcāyatanavārādivaṇṇanā niṭṭhitā.
MAIN001-S668,MAIN001,6663,6663,Diṭṭhasutavārādivaṇṇanā
MAIN001-S669,MAIN001,6664,6680,"5. Evaṃ bhūmivisesādinā bhedena vitthāratopi maññanāvatthuṃ dassetvā idāni sabbamaññanāvatthubhūtaṃ sakkāyapariyāpannaṃ tebhūmakadhammabhedaṃ diṭṭhādīhi catūhi saṅgaṇhitvā dassento, diṭṭhaṃ diṭṭhatotiādimāha."
MAIN001-S670,MAIN001,6681,6686,"Tattha diṭṭhanti maṃsacakkhunāpi diṭṭhaṃ, dibbacakkhunāpi diṭṭhaṃ."
MAIN001-S671,MAIN001,6687,6688,Rūpāyatanassetaṃ adhivacanaṃ.
MAIN001-S672,MAIN001,6689,6695,Tattha diṭṭhaṃ maññatīti diṭṭhaṃ tīhi maññanāhi maññati.
MAIN001-S673,MAIN001,6696,6707,"Kathaṃ? Rūpāyatanaṃ subhasaññāya sukhasaññāya ca passanto tattha chandarāgaṃ janeti, taṃ assādeti abhinandati."
MAIN001-S674,MAIN001,6708,6725,"Vuttampi hetaṃ bhagavatā ‘‘itthirūpe, bhikkhave, sattā rattā giddhā gadhitā mucchitā ajjhosannā, te dīgharattaṃ socanti itthirūpavasānugā’’ti (a. ni. 5.55)."
MAIN001-S675,MAIN001,6726,6729,Evaṃ diṭṭhaṃ taṇhāmaññanāya maññati.
MAIN001-S676,MAIN001,6730,6745,"‘‘Iti me rūpaṃ siyā anāgatamaddhānanti vā panettha nandiṃ samannāneti, rūpasampadaṃ vā pana ākaṅkhamāno dānaṃ detī’’ti vitthāro."
MAIN001-S677,MAIN001,6746,6749,Evampi diṭṭhaṃ taṇhāmaññanāya maññati.
MAIN001-S678,MAIN001,6750,6758,Attano pana parassa ca rūpasampattiṃ vipattiṃ nissāya mānaṃ janeti.
MAIN001-S679,MAIN001,6759,6769,‘‘Imināhaṃ seyyosmī’’ti vā ‘‘sadisosmī’’ti vā ‘‘hīnosmī’’ti vāti evaṃ diṭṭhaṃ mānamaññanāya maññati.
MAIN001-S680,MAIN001,6770,6785,"Rūpāyatanaṃ pana niccaṃ dhuvaṃ sassatanti maññati, attānaṃ attaniyanti maññati, maṅgalaṃ amaṅgalanti maññati, evaṃ diṭṭhaṃ diṭṭhimaññanāya maññati."
MAIN001-S681,MAIN001,6786,6790,Evaṃ diṭṭhaṃ tīhi maññanāhi maññati.
MAIN001-S682,MAIN001,6791,6799,Kathaṃ diṭṭhasmiṃ maññati? Rūpasmiṃ attānaṃ samanupassananayena maññanto diṭṭhasmiṃ maññati.
MAIN001-S683,MAIN001,6800,6803,Yathā vā dhane dhaññe.
MAIN001-S684,MAIN001,6804,6809,Evaṃ rūpasmiṃ rāgādayoti maññantopi diṭṭhasmiṃ maññati.
MAIN001-S685,MAIN001,6810,6811,Ayamassa diṭṭhimaññanā.
MAIN001-S686,MAIN001,6812,6821,Tasmiññeva panassa diṭṭhimaññanāya maññite vatthusmiṃ sinehaṃ mānañca uppādayato taṇhāmānamaññanāpi veditabbā.
MAIN001-S687,MAIN001,6822,6824,Evaṃ diṭṭhasmiṃ maññati.
MAIN001-S688,MAIN001,6825,6828,Sesaṃ pathavīvāre vuttanayeneva veditabbaṃ.
MAIN001-S689,MAIN001,6829,6835,"Sutanti maṃsasotenapi sutaṃ, dibbasotenapi sutaṃ, saddāyatanassetaṃ adhivacanaṃ."
MAIN001-S690,MAIN001,6836,6851,"Mutanti mutvā munitvā ca gahitaṃ, āhacca upagantvāti attho, indriyānaṃ ārammaṇānañca aññamaññasaṃsilese viññātanti vuttaṃ hoti, gandharasaphoṭṭhabbāyatanānametaṃ adhivacanaṃ."
MAIN001-S691,MAIN001,6852,6860,"Viññātanti manasā viññātaṃ, sesānaṃ sattannaṃ āyatanānametaṃ adhivacanaṃ dhammārammaṇassa vā."
MAIN001-S692,MAIN001,6861,6864,Idha pana sakkāyapariyāpannameva labbhati.
MAIN001-S693,MAIN001,6865,6869,Vitthāro panettha diṭṭhavāre vuttanayeneva veditabbo.
MAIN001-S694,MAIN001,6870,6871,Diṭṭhasuttavārādivaṇṇanā niṭṭhitā.
MAIN001-S695,MAIN001,6872,6872,Ekattavārādivaṇṇanā
MAIN001-S696,MAIN001,6873,6889,6. Evaṃ sabbaṃ sakkāyabhedaṃ diṭṭhādīhi catūhi dassetvā idāni tameva samāpannakavārena ca asamāpannakavārena ca dvidhā dassento ekattaṃ nānattantiādimāha.
MAIN001-S697,MAIN001,6890,6894,Ekattanti iminā hi samāpannakavāraṃ dasseti.
MAIN001-S698,MAIN001,6895,6897,Nānattanti iminā asamāpannakavāraṃ.
MAIN001-S699,MAIN001,6898,6902,Tesaṃ ayaṃ vacanattho ekabhāvo ekattaṃ.
MAIN001-S700,MAIN001,6903,6904,Nānābhāvo nānattanti.
MAIN001-S701,MAIN001,6905,6924,"Yojanā panettha samāpannakavāraṃ catūhi khandhehi, asamāpannakavārañca pañcahi khandhehi bhinditvā ‘‘rūpaṃ attato samanupassatī’’tiādinā sāsananayena pathavīvārādīsu vuttena ca aṭṭhakathānayena yathānurūpaṃ vīmaṃsitvā veditabbā."
MAIN001-S702,MAIN001,6925,6931,Keci pana ekattanti ekattanayaṃ vadanti nānattanti nānattanayaṃ.
MAIN001-S703,MAIN001,6932,6943,"Apare ‘‘ekattasaññī attā hoti arogo paraṃ maraṇā, nānattasaññī attā hotī’’ti evaṃ diṭṭhābhinivesaṃ."
MAIN001-S704,MAIN001,6944,6949,Taṃ sabbaṃ idha nādhippetattā ayuttameva hoti.
MAIN001-S705,MAIN001,6950,6961,Evaṃ sabbaṃ sakkāyaṃ dvidhā dassetvā idāni tameva ekadhā sampiṇḍetvā dassento sabbaṃ sabbatotiādimāha.
MAIN001-S706,MAIN001,6962,6968,Yojanānayo panettha sabbaṃ assādento sabbaṃ taṇhāmaññanāya maññati.
MAIN001-S707,MAIN001,6969,6979,‘‘Mayā ete sattā nimmitā’’tiādinā nayena attanā nimmitaṃ maññanto sabbaṃ mānamaññanāya maññati.
MAIN001-S708,MAIN001,6980,6995,"‘‘Sabbaṃ pubbekatakammahetu, sabbaṃ issaranimmānahetu, sabbaṃ ahetuapaccayā, sabbaṃ atthi, sabbaṃ natthī’’tiādinā nayena maññanto sabbaṃ diṭṭhimaññanāya maññatīti veditabbo."
MAIN001-S709,MAIN001,6996,7004,Kathaṃ sabbasmiṃ maññati? Idhekacco evaṃdiṭṭhiko hoti ‘‘mahā me attā’’ti.
MAIN001-S710,MAIN001,7005,7018,"So sabbalokasannivāsaṃ tassokāsabhāvena parikappetvā so kho pana me ayaṃ attā sabbasminti maññati, ayamassa diṭṭhimaññanā."
MAIN001-S711,MAIN001,7019,7027,Tasmiṃyeva panassa attani sinehaṃ tabbatthukañca mānaṃ uppādayato taṇhāmānamaññanāpi veditabbā.
MAIN001-S712,MAIN001,7028,7031,Sesaṃ pathavīvāre vuttanayeneva veditabbaṃ.
MAIN001-S713,MAIN001,7032,7045,Evaṃ sabbaṃ sakkāyaṃ ekadhā dassetvā idāni aparenapi nayena taṃ ekadhā dassento nibbānaṃ nibbānatoti āha.
MAIN001-S714,MAIN001,7046,7057,"Tattha nibbānanti ‘‘yato kho, bho, ayaṃ attā pañcahi kāmaguṇehi samappito samaṅgibhūto paricāreti."
MAIN001-S715,MAIN001,7058,7070,"Ettāvatā kho, bho, ayaṃ attā paramadiṭṭhadhammanibbānaṃ patto hotī’’tiādinā nayena pañcadhā āgataṃ paramadiṭṭhadhammanibbānaṃ veditabbaṃ."
MAIN001-S716,MAIN001,7071,7075,Tattha nibbānaṃ assādento taṇhāmaññanāya maññati.
MAIN001-S717,MAIN001,7076,7084,Tena nibbānena ‘‘ahamasmi nibbānaṃ patto’’ti mānaṃ janento mānamaññanāya maññati.
MAIN001-S718,MAIN001,7085,7094,Anibbānaṃyeva samānaṃ taṃ nibbānato niccādito ca gaṇhanto diṭṭhimaññanāya maññatīti veditabbo.
MAIN001-S719,MAIN001,7095,7112,"Nibbānato pana aññaṃ attānaṃ gahetvā so kho pana me ayaṃ attā imasmiṃ nibbāneti maññanto nibbānasmiṃ maññati, ayamassa diṭṭhimaññanā."
MAIN001-S720,MAIN001,7113,7121,Tasmiṃyeva panassa attani sinehaṃ tabbatthukañca mānaṃ uppādayato taṇhāmānamaññanāpi veditabbā.
MAIN001-S721,MAIN001,7122,7125,Esa nayo nibbānato maññanāyapi.
MAIN001-S722,MAIN001,7126,7149,"Tatrapi hi nibbānato aññaṃ attānaṃ gahetvā ‘‘idaṃ nibbānaṃ, ayaṃ attā, so kho pana me ayaṃ attā ito nibbānato añño’’ti maññanto nibbānato maññati, ayamassa diṭṭhimaññanā."
MAIN001-S723,MAIN001,7150,7158,Tasmiṃyeva panassa attani sinehaṃ tabbatthukañca mānaṃ uppādayato taṇhāmānamaññanāpi veditabbā.
MAIN001-S724,MAIN001,7159,7168,‘‘Aho sukhaṃ mama nibbāna’’nti maññanto pana nibbānaṃ meti maññatīti veditabbo.
MAIN001-S725,MAIN001,7169,7170,Sesaṃ vuttanayameva.
MAIN001-S726,MAIN001,7171,7184,"Ayaṃ panettha anugīti – Yādiso esa sakkāyo, tathā naṃ avijānato; Puthujjanassa sakkāye, jāyanti sabbamaññanā."
MAIN001-S727,MAIN001,7185,7195,"Jeguccho bhiduro cāyaṃ, dukkho apariṇāyako; Taṃ paccanīkato bālo, gaṇhaṃ gaṇhāti maññanaṃ."
MAIN001-S728,MAIN001,7196,7205,"Subhato sukhato ceva, sakkāyaṃ anupassato; Salabhasseva aggimhi, hoti taṇhāya maññanā."
MAIN001-S729,MAIN001,7206,7216,"Niccasaññaṃ adhiṭṭhāya, sampattiṃ tassa passato; Gūthādī viya gūthasmiṃ, hoti mānena maññanā."
MAIN001-S730,MAIN001,7217,7228,"Attā attaniyo meti, passato naṃ abuddhino; Ādāse viya bondhissa, diṭṭhiyā hoti maññanā."
MAIN001-S731,MAIN001,7229,7238,"Maññanāti ca nāmetaṃ, sukhumaṃ mārabandhanaṃ; Sithilaṃ duppamuñcañca, yena baddho puthujjano."
MAIN001-S732,MAIN001,7239,7246,"Bahuṃ vipphandamānopi, sakkāyaṃ nātivattati; Samussitaṃ daḷhatthambhaṃ, sāva gaddulabandhano."
MAIN001-S733,MAIN001,7247,7258,"Sa’so sakkāyamalīno, jātiyā ca jarāya ca; Rogādīhi ca dukkhehi, niccaṃ haññati bāḷhaso."
MAIN001-S734,MAIN001,7259,7269,"Taṃ vo vadāmi bhaddante, sakkāyaṃ anupassatha; Asātato asubhato, bhedato ca anattato."
MAIN001-S735,MAIN001,7270,7280,"Eso sabhāvo hetassa, passaṃ evamimaṃ budho; Pahāya maññanā sabbā, sabbadukkhā pamuccatīti."
MAIN001-S736,MAIN001,7281,7282,Ekattavārādivaṇṇanā niṭṭhitā.
MAIN001-S737,MAIN001,7283,7286,Puthujjanavasena catuvīsatipabbā paṭhamanayakathā niṭṭhitā.
MAIN001-S738,MAIN001,7287,7287,Sekkhavāradutiyanayavaṇṇanā
MAIN001-S739,MAIN001,7288,7307,"7. Evaṃ bhagavā pathavīādīsu vatthūsu sabbasakkāyadhammamūlabhūtaṃ puthujjanassa pavattiṃ dassetvā idāni tesveva vatthūsu sekkhassa pavattiṃ dassento yopi so, bhikkhave, bhikkhu sekkhotiādimāha."
MAIN001-S740,MAIN001,7308,7310,Tattha yoti uddesavacanaṃ.
MAIN001-S741,MAIN001,7311,7312,Soti niddesavacanaṃ.
MAIN001-S742,MAIN001,7313,7318,Pikāro sampiṇḍanattho ayampi dhammo aniyatotiādīsu viya.
MAIN001-S743,MAIN001,7319,7335,"Tena ca ārammaṇasabhāgena puggalaṃ sampiṇḍeti, no puggalasabhāgena, heṭṭhato hi puggalā diṭṭhivipannā, idha diṭṭhisampannā, na tesaṃ sabhāgatā atthi."
MAIN001-S744,MAIN001,7336,7342,"Ārammaṇaṃ pana heṭṭhā puggalānampi tadeva, imesampi tadevāti."
MAIN001-S745,MAIN001,7343,7349,Tena vuttaṃ ‘‘ārammaṇasabhāgena puggalaṃ sampiṇḍeti no puggalasabhāgenā’’ti.
MAIN001-S746,MAIN001,7350,7360,Yopi soti iminā pana sakalena vacanena idāni vattabbaṃ sekkhaṃ dassetīti veditabbo.
MAIN001-S747,MAIN001,7361,7364,"Bhikkhave, bhikkhūti idaṃ vuttanayameva."
MAIN001-S748,MAIN001,7365,7369,Sekkhoti kenaṭṭhena sekkho? Sekkhadhammappaṭilābhato sekkho.
MAIN001-S749,MAIN001,7370,7387,"Vuttañhetaṃ ‘‘kittāvatā nu kho, bhante, sekkho hotīti? Idha, bhikkhave, bhikkhu sekkhāya sammādiṭṭhiyā samannāgato hoti…pe… sekkhena sammāsamādhinā samannāgato hoti."
MAIN001-S750,MAIN001,7388,7395,"Ettāvatā kho bhikkhu, sekkho hotī’’ti (saṃ. ni. 5.13)."
MAIN001-S751,MAIN001,7396,7398,Apica sikkhatītipi sekkho.
MAIN001-S752,MAIN001,7399,7405,Vuttañhetaṃ ‘‘sikkhatīti kho bhikkhu tasmā sekkhoti vuccati.
MAIN001-S753,MAIN001,7406,7422,"Kiñca sikkhati? Adhisīlampi sikkhati, adhicittampi sikkhati, adhipaññampi sikkhati, sikkhatīti kho bhikkhu tasmā sekkhoti vuccatī’’ti (a. ni. 3.86)."
MAIN001-S754,MAIN001,7423,7449,"Yopi kalyāṇaputhujjano anulomapaṭipadāya paripūrakārī sīlasampanno indriyesu guttadvāro bhojane mattaññū jāgariyānuyogamanuyutto pubbarattāpararattaṃ bodhipakkhiyānaṃ dhammānaṃ bhāvanānuyogamanuyutto viharati – ‘‘ajja vā sve vā aññataraṃ sāmaññaphalaṃ adhigamissāmī’’ti, sopi vuccati sikkhatīti sekkhoti."
MAIN001-S755,MAIN001,7450,7456,"Imasmiṃ panatthe paṭivedhappattova sekkho adhippeto, no puthujjano."
MAIN001-S756,MAIN001,7457,7460,Appattaṃ mānasaṃ etenāti appattamānaso.
MAIN001-S757,MAIN001,7461,7464,Mānasanti rāgopi cittampi arahattampi.
MAIN001-S758,MAIN001,7465,7478,"‘‘Antalikkhacaro pāso, yvāyaṃ carati mānaso’’ti (mahāva. 33; saṃ. ni. 1.151) ettha hi rāgo mānasaṃ."
MAIN001-S759,MAIN001,7479,7486,‘‘Cittaṃ mano mānasa’’nti (dha. sa. 65) ettha cittaṃ.
MAIN001-S760,MAIN001,7487,7496,"‘‘Appattamānaso sekkho, kālaṃ kayirā janesutā’’ti (saṃ. ni. 1.159) ettha arahattaṃ."
MAIN001-S761,MAIN001,7497,7499,Idhāpi arahattameva adhippetaṃ.
MAIN001-S762,MAIN001,7500,7503,Tena appattārahattoti vuttaṃ hoti.
MAIN001-S763,MAIN001,7504,7507,"Anuttaranti seṭṭhaṃ, asadisanti attho."
MAIN001-S764,MAIN001,7508,7514,"Catūhi yogehi khemaṃ ananuyuttanti yogakkhemaṃ, arahattameva adhippetaṃ."
MAIN001-S765,MAIN001,7515,7521,"Patthayamānoti dve patthanā taṇhāpatthanā ca, chandapatthanā ca."
MAIN001-S766,MAIN001,7522,7532,"‘‘Patthayamānassa hi pajappitāni, pavedhitaṃ vāpi pakappitesū’’ti (su. ni. 908) ettha taṇhāpatthanā."
MAIN001-S767,MAIN001,7533,7549,"‘‘Chinnaṃ pāpimato sotaṃ, viddhastaṃ vinaḷīkataṃ; Pāmojjabahulā hotha, khemaṃ pattattha bhikkhavo’’ti. (ma. ni. 1.352) – Ettha kattukamyatā kusalacchandapatthanā."
MAIN001-S768,MAIN001,7550,7551,Ayameva idhādhippetā.
MAIN001-S769,MAIN001,7552,7561,Tena patthayamānoti taṃ yogakkhemaṃ pattukāmo adhigantukāmo tanninno tappoṇo tappabbhāroti veditabbo.
MAIN001-S770,MAIN001,7562,7570,Viharatīti aññaṃ iriyāpathadukkhaṃ aññena iriyāpathena vicchinditvā aparipatantaṃ kāyaṃ harati.
MAIN001-S771,MAIN001,7571,7581,Atha vā ‘‘sabbe saṅkhārā aniccāti adhimuccanto saddhāya viharatī’’tiādināpi niddesanayenettha attho daṭṭhabbo.
MAIN001-S772,MAIN001,7582,7593,"Pathaviṃ pathavito abhijānātīti pathaviṃ pathavībhāvena abhijānāti, na puthujjano viya sabbākāraviparītāya saññāya sañjānāti."
MAIN001-S773,MAIN001,7594,7612,"Apica kho abhivisiṭṭhena ñāṇena jānāti, evaṃ pathavīti etaṃ pathavībhāvaṃ adhimuccanto eva naṃ aniccātipi dukkhātipi anattātipi evaṃ abhijānātīti vuttaṃ hoti."
MAIN001-S774,MAIN001,7613,7620,Evañca naṃ abhiññatvā pathaviṃ mā maññīti vuttaṃ hoti.
MAIN001-S775,MAIN001,7621,7622,Maññatīti maññi.
MAIN001-S776,MAIN001,7623,7631,Ayaṃ pana maññī ca na maññī ca na vattabboti.
MAIN001-S777,MAIN001,7632,7638,Etasmiñhi atthe idaṃ padaṃ nipātetvā vuttanti veditabbaṃ.
MAIN001-S778,MAIN001,7639,7641,Ko panettha adhippāyoti.
MAIN001-S779,MAIN001,7642,7648,"Vuccate, puthujjano tāva sabbamaññanānaṃ appahīnattā maññatīti vutto."
MAIN001-S780,MAIN001,7649,7652,Khīṇāsavo pahīnattā na maññatīti.
MAIN001-S781,MAIN001,7653,7673,"Sekkhassa pana diṭṭhimaññanā pahīnā, itarā pana tanubhāvaṃ gatā, tena so maññatītipi na vattabbo puthujjano viya, na maññatītipi na vattabbo khīṇāsavo viyāti."
MAIN001-S782,MAIN001,7674,7695,"Pariññeyyaṃ tassāti tassa sekkhassa taṃ maññanāvatthu okkantaniyāmattā sambodhiparāyaṇattā ca tīhi pariññāhi pariññeyyaṃ, apariññeyyañca apariññātañca na hoti puthujjanassa viya, nopi pariññātaṃ khīṇāsavassa viya."
MAIN001-S783,MAIN001,7696,7698,Sesaṃ sabbattha vuttanayameva.
MAIN001-S784,MAIN001,7699,7701,Sekkhavasena dutiyanayakathā niṭṭhitā.
MAIN001-S785,MAIN001,7702,7702,Khīṇāsavavāratatiyādinayavaṇṇanā
MAIN001-S786,MAIN001,7703,7718,"8. Evaṃ pathavīādīsu vatthūsu sekkhassa pavattiṃ dassetvā idāni khīṇāsavassa pavattiṃ dassento yopi so, bhikkhave, bhikkhu arahantiādimāha."
MAIN001-S787,MAIN001,7719,7722,Tattha yopīti pi-saddo sampiṇḍanattho.
MAIN001-S788,MAIN001,7723,7727,Tena idha ubhayasabhāgatāpi labbhatīti dasseti.
MAIN001-S789,MAIN001,7728,7739,"Sekkho hi khīṇāsavena ariyapuggalattā sabhāgo, tena puggalasabhāgatā labbhati, ārammaṇasabhāgatā pana vuttanayā eva."
MAIN001-S790,MAIN001,7740,7744,"Arahanti ārakakileso, dūrakileso pahīnakilesoti attho."
MAIN001-S791,MAIN001,7745,7762,"Vuttañcetaṃ bhagavatā ‘‘kathañca, bhikkhave, bhikkhu arahaṃ hoti? Ārakāssa honti pāpakā akusalā dhammā saṃkilesikā ponobbhavikā sadarā dukkhavipākā āyatiṃ jātijarāmaraṇiyā."
MAIN001-S792,MAIN001,7763,7790,"Evaṃ kho, bhikkhave, bhikkhu arahaṃ hotī’’ti. (Ma. ni. 1.434) khīṇāsavoti cattāro āsavā kāmāsavo…pe… avijjāsavo, ime cattāro āsavā arahato khīṇā pahīnā samucchinnā paṭippassaddhā, abhabbuppattikā ñāṇagginā daḍḍhā, tena vuccati khīṇāsavoti."
MAIN001-S793,MAIN001,7791,7823,"Vusitavāti garusaṃvāsepi ariyamaggasaṃvāsepi dasasu ariyavāsesupi vasi parivasi vuttho parivuttho, so vutthavāso ciṇṇacaraṇoti vusitavā katakaraṇīyoti puthujjanakalyāṇakaṃ upādāya satta sekkhā catūhi maggehi karaṇīyaṃ karonti nāma, khīṇāsavassa sabbakaraṇīyāni katāni pariyositāni, natthi tassa uttari karaṇīyaṃ dukkhakkhayādhigamāyāti katakaraṇīyo."
MAIN001-S794,MAIN001,7824,7855,"Vuttampi hetaṃ – ‘‘Tassa sammā vimuttassa, santacittassa bhikkhuno; Katassa paṭicayo natthi, karaṇīyaṃ na vijjatī’’ti. (theragā. 642); Ohitabhāroti tayo bhārā khandhabhāro kilesabhāro abhisaṅkhārabhāroti, tassime tayo bhārā ohitā oropitā nikkhittā pātitā, tena vuccati ohitabhāroti."
MAIN001-S795,MAIN001,7856,7861,"Anuppattasadatthoti anuppatto sadatthaṃ, sakatthanti vuttaṃ hoti."
MAIN001-S796,MAIN001,7862,7868,"Kakārassāyaṃ dakāro kato, sadatthoti ca arahattaṃ veditabbaṃ."
MAIN001-S797,MAIN001,7869,7879,Tañhi attupanibandhanaṭṭhena attānaṃ avijahanaṭṭhena attano paramatthaṭṭhena ca attano attho sakatthoti vuccati.
MAIN001-S798,MAIN001,7880,7886,Parikkhīṇabhavasaṃyojanoti bhavasaṃyojanānīti dasa saṃyojanāni kāmarāgasaṃyojanaṃ paṭighamānadiṭṭhivicikicchāsīlabbataparāmāsabhavarāgaissāmacchariyasaṃyojanaṃ avijjāsaṃyojanaṃ.
MAIN001-S799,MAIN001,7887,7899,"Imāni hi satte bhavesu saṃyojenti upanibandhanti, bhavaṃ vā bhavena saṃyojenti, tasmā ‘‘bhavasaṃyojanānī’’ti vuccanti."
MAIN001-S800,MAIN001,7900,7909,"Imāni bhavasaṃyojanāni arahato parikkhīṇāni pahīnāni ñāṇagginā daḍḍhāni, tena vuccati ‘‘parikkhīṇabhavasaṃyojano’’ti."
MAIN001-S801,MAIN001,7910,7915,Sammadaññā vimuttoti ettha sammadaññāti sammā aññāya.
MAIN001-S802,MAIN001,7916,7948,"Kiṃ vuttaṃ hoti – khandhānaṃ khandhaṭṭhaṃ, āyatanānaṃ āyatanaṭṭhaṃ, dhātūnaṃ dhātuṭṭhaṃ, dukkhassa pīḷanaṭṭhaṃ, samudayassa pabhavaṭṭhaṃ, nirodhassa santaṭṭhaṃ, maggassa dassanaṭṭhaṃ, sabbe saṅkhārā aniccāti evamādiṃ vā bhedaṃ sammā yathābhūtaṃ aññāya jānitvā tīrayitvā tulayitvā vibhāvetvā vibhūtaṃ katvāti."
MAIN001-S803,MAIN001,7949,7955,Vimuttoti dve vimuttiyo cittassa ca vimutti nibbānañca.
MAIN001-S804,MAIN001,7956,7960,Arahā sabbakilesehi vimuttacittattā cittavimuttiyāpi vimutto.
MAIN001-S805,MAIN001,7961,7964,Nibbānaṃ adhimuttattā nibbānepi vimutto.
MAIN001-S806,MAIN001,7965,7968,Tena vuccati ‘‘sammadaññā vimutto’’ti.
MAIN001-S807,MAIN001,7969,7977,Pariññātaṃ tassāti tassa arahato taṃ maññanāvatthu tīhi pariññāhi pariññātaṃ.
MAIN001-S808,MAIN001,7978,7992,"Tasmā so taṃ vatthuṃ na maññati, taṃ vā maññanaṃ na maññatīti vuttaṃ hoti, sesaṃ vuttanayameva."
MAIN001-S809,MAIN001,7993,7999,Nibbānavāre pana khayā rāgassātiādayo tayo vārā vuttā.
MAIN002-S001,MAIN002,8000,8002,Te pathavīvārādīsupi vitthāretabbā.
MAIN002-S002,MAIN002,8003,8006,Ayañca pariññātavāro nibbānavārepi vitthāretabbo.
MAIN002-S003,MAIN002,8007,8017,Vitthārentena ca pariññātaṃ tassāti sabbapadehi yojetvā puna khayā rāgassa vītarāgattāti yojetabbaṃ.
MAIN002-S004,MAIN002,8018,8020,Esa nayo itaresu.
MAIN002-S005,MAIN002,8021,8028,Desanā pana ekattha vuttaṃ sabbattha vuttameva hotīti saṃkhittā.
MAIN002-S006,MAIN002,8029,8041,"Khayā rāgassa vītarāgattāti ettha ca yasmā bāhirako kāmesu vītarāgo, na khayā rāgassa vītarāgo."
MAIN002-S007,MAIN002,8042,8050,"Arahā pana khayā yeva, tasmā vuttaṃ ‘‘khayā rāgassa vītarāgattā’’ti."
MAIN002-S008,MAIN002,8051,8053,Esa nayo dosamohesupi.
MAIN002-S009,MAIN002,8054,8081,"Yathā ca ‘‘pariññātaṃ tassāti vadāmī’’ti vuttepi pariññātattā so taṃ vatthuṃ taṃ vā maññanaṃ na maññatīti attho hoti, evamidhāpi vītarāgattā so taṃ vatthuṃ taṃ vā maññanaṃ na maññatīti daṭṭhabbo."
MAIN002-S010,MAIN002,8082,8089,Ettha ca pariññātaṃ tassāti ayaṃ vāro maggabhāvanāpāripūridassanatthaṃ vutto.
MAIN002-S011,MAIN002,8090,8093,Itare pana phalasacchikiriyāpāripūridassanatthanti veditabbā.
MAIN002-S012,MAIN002,8094,8104,Dvīhi vā kāraṇehi arahā na maññati vatthussa ca pariññātattā akusalamūlānañca samucchinnattā.
MAIN002-S013,MAIN002,8105,8111,"Tenassa pariññātavārena vatthuno vatthupariññaṃ dīpeti, itarehi akusalamūlasamucchedanti."
MAIN002-S014,MAIN002,8112,8132,"Tattha pacchimesu tīsu vāresu ayaṃ viseso veditabbo, tīsu hi vāresu rāge ādīnavaṃ disvā dukkhānupassī viharanto appaṇihitavimokkhena vimutto khayā rāgassa vītarāgo hoti."
MAIN002-S015,MAIN002,8133,8143,Dose ādīnavaṃ disvā aniccānupassī viharanto animittavimokkhena vimutto khayā dosassa vītadoso hoti.
MAIN002-S016,MAIN002,8144,8154,Mohe ādīnavaṃ disvā anattānupassī viharanto suññatavimokkhena vimutto khayā mohassa vītamoho hotīti.
MAIN002-S017,MAIN002,8155,8169,"Evaṃ sante na eko tīhi vimokkhehi vimuccatīti dve vārā na vattabbā siyunti ce, taṃ na."
MAIN002-S018,MAIN002,8170,8171,Kasmā? Aniyamitattā.
MAIN002-S019,MAIN002,8172,8179,"Aniyamena hi vuttaṃ ‘‘yopi so, bhikkhave, bhikkhu araha’’nti."
MAIN002-S020,MAIN002,8180,8194,"Na pana vuttaṃ appaṇihitavimokkhena vā vimutto, itarena vāti, tasmā yaṃ arahato yujjati, taṃ sabbaṃ vattabbamevāti."
MAIN002-S021,MAIN002,8195,8212,"Avisesena vā yo koci arahā samānepi rāgādikkhaye vipariṇāmadukkhassa pariññātattā khayā rāgassa vītarāgoti vuccati, dukkhadukkhassa pariññātattā khayā dosassa vītadosoti."
MAIN002-S022,MAIN002,8213,8217,Saṅkhāradukkhassa pariññātattā khayā mohassa vītamohoti.
MAIN002-S023,MAIN002,8218,8223,Iṭṭhārammaṇassa vā pariññātattā khayā rāgassa vītarāgo.
MAIN002-S024,MAIN002,8224,8228,Aniṭṭhārammaṇassa pariññātattā khayā dosassa vītadoso.
MAIN002-S025,MAIN002,8229,8233,Majjhattārammaṇassa pariññātattā khayā mohassa vītamoho.
MAIN002-S026,MAIN002,8234,8247,"Sukhāya vā vedanāya rāgānusayassa samucchinnattā khayā rāgassa vītarāgo, itarāsu paṭighamohānusayānaṃ samucchinnattā vītadoso vītamoho cāti."
MAIN002-S027,MAIN002,8248,8256,Tasmā taṃ visesaṃ dassento āha ‘‘khayā rāgassa vītarāgattā…pe… vītamohattā’’ti.
MAIN002-S028,MAIN002,8257,8259,Khīṇāsavavasena tatiyacatutthapañcamachaṭṭhanayakathā niṭṭhitā.
MAIN002-S029,MAIN002,8260,8260,Tathāgatavārasattamanayavaṇṇanā
MAIN002-S030,MAIN002,8261,8273,"12. Evaṃ pathavīādīsu vatthūsu khīṇāsavassa pavattiṃ dassetvā idāni attano pavattiṃ dassento tathāgatopi, bhikkhavetiādimāha."
MAIN002-S031,MAIN002,8274,8302,"Tattha tathāgatoti aṭṭhahi kāraṇehi bhagavā tathāgatoti vuccati – tathā āgatoti tathāgato, tathā gatoti tathāgato, tathalakkhaṇaṃ āgatoti tathāgato, tathadhamme yāthāvato abhisambuddhoti tathāgato, tathadassitāya tathāgato, tathāvāditāya tathāgato, tathākāritāya tathāgato, abhibhavanaṭṭhena tathāgatoti."
MAIN002-S032,MAIN002,8303,8333,"Kathaṃ bhagavā tathā āgatoti tathāgato? Yathā sabbalokahitāya ussukkamāpannā purimakā sammāsambuddhā āgatā, yathā vipassī bhagavā āgato, yathā sikhī bhagavā, yathā vessabhū bhagavā, yathā kakusandho bhagavā, yathā koṇāgamano bhagavā, yathā kassapo bhagavā āgatoti."
MAIN002-S033,MAIN002,8334,8345,"Kiṃ vuttaṃ hoti? Yena abhinīhārena ete bhagavanto āgatā, teneva amhākampi bhagavā āgato."
MAIN002-S034,MAIN002,8346,8383,"Atha vā yathā vipassī bhagavā…pe… yathā kassapo bhagavā dānapāramiṃ pūretvā, sīlanekkhammapaññāvīriyakhantisaccaadhiṭṭhānamettāupekkhāpāramiṃ pūretvā, imā dasa pāramiyo, dasa upapāramiyo, dasa paramatthapāramiyoti, samatiṃsa pāramiyo pūretvā, aṅgapariccāgaṃ nayanadhanarajjaputtadārapariccāganti ime pañca mahāpariccāge pariccajitvā pubbayogapubbacariyadhammakkhānañātatthacariyādayo pūretvā, buddhicariyāya koṭiṃ patvā āgato, tathā amhākampi bhagavā āgato."
MAIN002-S035,MAIN002,8384,8410,"Yathā ca vipassī bhagavā…pe… yathā kassapo bhagavā cattāro satipaṭṭhāne sammappadhāne iddhipāde pañcindriyāni pañca balāni satta bojjhaṅge ariyaṃ aṭṭhaṅgikaṃ maggaṃ bhāvetvā brūhetvā āgato, tathā amhākaṃ bhagavāpi āgatoti tathāgato."
MAIN002-S036,MAIN002,8411,8424,"Yatheva lokamhi vipassiādayo, Sabbaññubhāvaṃ munayo idhāgatā; Tathā ayaṃ sakyamunīpi āgato, Tathāgato vuccati tena cakkhumāti."
MAIN002-S037,MAIN002,8425,8428,Evaṃ tathā āgatoti tathāgato.
MAIN002-S038,MAIN002,8429,8432,Kathaṃ tathā gatoti tathāgato.
MAIN002-S039,MAIN002,8433,8440,Yathā sampatijāto vipassī bhagavā gato…pe… kassapo bhagavā gato.
MAIN002-S040,MAIN002,8441,8453,"Kathañca so gatoti, so hi sampatijātova samehi pādehi pathaviyaṃ patiṭṭhāya uttarābhimukho sattapadavītihārena gato."
MAIN002-S041,MAIN002,8454,8489,"Yathāha – sampatijāto, ānanda, bodhisatto samehi pādehi pathaviyaṃ patiṭṭhahitvā uttarābhimukho sattapadavītihārena gacchati setamhi chatte anudhārīyamāne, sabbā ca disā anuviloketi, āsabhiñca vācaṃ bhāsati ‘‘aggohamasmi lokassa, jeṭṭhohamasmi lokassa, seṭṭhohamasmi lokassa, ayamantimā jāti, natthi dāni punabbhavo’’ti (ma. ni. 3.207)."
MAIN002-S042,MAIN002,8490,8497,Tañcassa gamanaṃ tathaṃ ahosi avitathaṃ anekesaṃ visesādhigamānaṃ pubbanimittabhāvena.
MAIN002-S043,MAIN002,8498,8506,"Yañhi so sampatijātova samehi pādehi patiṭṭhahi, idamassa caturiddhipādapaṭilābhassa pubbanimittaṃ."
MAIN002-S044,MAIN002,8507,8510,Uttarābhimukhabhāvo pana sabbalokuttarabhāvassa pubbanimittaṃ.
MAIN002-S045,MAIN002,8511,8512,Sattapadavītihāro sattabojjhaṅgaratanapaṭilābhassa.
MAIN002-S046,MAIN002,8513,8522,‘‘Suvaṇṇadaṇḍā vītipatanti cāmarā’’ti (su. ni. 693) ettha vutto cāmarukkhepo sabbatitthiyanimmathanassa.
MAIN002-S047,MAIN002,8523,8524,Setacchattadhāraṇaṃ arahattavimuttivaravimalasetacchattapaṭilābhassa.
MAIN002-S048,MAIN002,8525,8526,Sabbadisānuvilokanaṃ sabbaññutānāvaraṇañāṇapaṭilābhassa.
MAIN002-S049,MAIN002,8527,8529,Āsabhīvācābhāsanaṃ appaṭivattiyavaradhammacakkappavattanassa pubbanimittaṃ.
MAIN002-S050,MAIN002,8530,8533,Tathā ayaṃ bhagavāpi gato.
MAIN002-S051,MAIN002,8534,8541,Tañcassa gamanaṃ tathaṃ ahosi avitathaṃ tesaññeva visesādhigamānaṃ pubbanimittabhāvena.
MAIN002-S052,MAIN002,8542,8560,"Tenāhu porāṇā – ‘‘Muhuttajātova gavampatī yathā, Samehi pādehi phusī vasundharaṃ; So vikkamī satta padāni gotamo, Setañca chattaṃ anudhārayuṃ marū."
MAIN002-S053,MAIN002,8561,8574,"Gantvāna so satta padāni gotamo, Disā vilokesi samā samantato; Aṭṭhaṅgupetaṃ giramabbhudīrayī, Sīho yathā pabbatamuddhaniṭṭhito’’ti."
MAIN002-S054,MAIN002,8575,8579,– Evaṃ tathā gatoti tathāgato.
MAIN002-S055,MAIN002,8580,8594,"Atha vā yathā vipassī bhagavā…pe… yathā kassapo bhagavā, ayampi bhagavā tatheva nekkhammena kāmacchandaṃ pahāya gato."
MAIN002-S056,MAIN002,8595,8632,"Abyāpādena byāpādaṃ, ālokasaññāya thinamiddhaṃ, avikkhepena uddhaccakukkuccaṃ, dhammavavatthānena vicikicchaṃ pahāya, ñāṇena avijjaṃ padāletvā, pāmojjena aratiṃ vinodetvā, paṭhamajjhānena nīvaraṇakavāṭaṃ ugghāṭetvā, dutiyajjhānena vitakkavicāradhūmaṃ vūpasametvā, tatiyajjhānena pītiṃ virājetvā, catutthajjhānena sukhadukkhaṃ pahāya, ākāsānañcāyatanasamāpattiyā rūpasaññāpaṭighasaññānānattasaññāyo samatikkamitvā, viññāṇañcāyatanasamāpattiyā ākāsānañcāyatanasaññaṃ, ākiñcaññāyatanasamāpattiyā viññāṇañcāyatanasaññaṃ, nevasaññānāsaññāyatanasamāpattiyā ākiñcaññāyatanasaññaṃ samatikkamitvā gato."
MAIN002-S057,MAIN002,8633,8685,"Aniccānupassanāya niccasaññaṃ pahāya, dukkhānupassanāya sukhasaññaṃ, anattānupassanāya attasaññaṃ, nibbidānupassanāya nandiṃ, virāgānupassanāya rāgaṃ, nirodhānupassanāya samudayaṃ, paṭinissaggānupassanāya ādānaṃ, khayānupassanāya ghanasaññaṃ, vayānupassanāya āyūhanaṃ, vipariṇāmānupassanāya dhuvasaññaṃ, animittānupassanāya nimittaṃ, appaṇihitānupassanāya paṇidhiṃ, suññatānupassanāya abhinivesaṃ, adhipaññādhammavipassanāya sārādānābhinivesaṃ, yathābhūtañāṇadassanena sammohābhinivesaṃ, ādīnavānupassanāya ālayābhinivesaṃ, paṭisaṅkhānupassanāya appaṭisaṅkhaṃ, vivaṭṭānupassanāya saṃyogābhinivesaṃ, sotāpattimaggena diṭṭhekaṭṭhe kilese bhañjitvā, sakadāgāmimaggena oḷārike kilese pahāya, anāgāmimaggena aṇusahagate kilese samugghāṭetvā, arahattamaggena sabbakilese samucchinditvā gato."
MAIN002-S058,MAIN002,8686,8689,Evampi tathā gatoti tathāgato.
MAIN002-S059,MAIN002,8690,8693,Kathaṃ tathalakkhaṇaṃ āgatoti tathāgato.
MAIN002-S060,MAIN002,8694,8697,Pathavīdhātuyā kakkhaḷattalakkhaṇaṃ tathaṃ avitathaṃ.
MAIN002-S061,MAIN002,8698,8699,Āpodhātuyā paggharaṇalakkhaṇaṃ.
MAIN002-S062,MAIN002,8700,8701,Tejodhātuyā uṇhattalakkhaṇaṃ.
MAIN002-S063,MAIN002,8702,8703,Vāyodhātuyā vitthambhanalakkhaṇaṃ.
MAIN002-S064,MAIN002,8704,8705,Ākāsadhātuyā asamphuṭṭhalakkhaṇaṃ.
MAIN002-S065,MAIN002,8706,8707,Viññāṇadhātuyā vijānanalakkhaṇaṃ.
MAIN002-S066,MAIN002,8708,8709,Rūpassa ruppanalakkhaṇaṃ.
MAIN002-S067,MAIN002,8710,8711,Vedanāya vedayitalakkhaṇaṃ.
MAIN002-S068,MAIN002,8712,8713,Saññāya sañjānanalakkhaṇaṃ.
MAIN002-S069,MAIN002,8714,8715,Saṅkhārānaṃ abhisaṅkharaṇalakkhaṇaṃ.
MAIN002-S070,MAIN002,8716,8717,Viññāṇassa vijānanalakkhaṇaṃ.
MAIN002-S071,MAIN002,8718,8719,Vitakkassa abhiniropanalakkhaṇaṃ.
MAIN002-S072,MAIN002,8720,8721,Vicārassa anumajjanalakkhaṇaṃ.
MAIN002-S073,MAIN002,8722,8723,Pītiyā pharaṇalakkhaṇaṃ.
MAIN002-S074,MAIN002,8724,8725,Sukhassa sātalakkhaṇaṃ.
MAIN002-S075,MAIN002,8726,8727,Cittekaggatāya avikkhepalakkhaṇaṃ.
MAIN002-S076,MAIN002,8728,8729,Phassassa phusanalakkhaṇaṃ.
MAIN002-S077,MAIN002,8730,8731,Saddhindriyassa adhimokkhalakkhaṇaṃ.
MAIN002-S078,MAIN002,8732,8733,Vīriyindriyassa paggahaṇalakkhaṇaṃ.
MAIN002-S079,MAIN002,8734,8735,Satindriyassa upaṭṭhānalakkhaṇaṃ.
MAIN002-S080,MAIN002,8736,8737,Samādhindriyassa avikkhepalakkhaṇaṃ.
MAIN002-S081,MAIN002,8738,8739,Paññindriyassa pajānanalakkhaṇaṃ.
MAIN002-S082,MAIN002,8740,8742,Saddhābalassa assaddhiye akampiyalakkhaṇaṃ.
MAIN002-S083,MAIN002,8743,8744,Vīriyabalassa kosajje.
MAIN002-S084,MAIN002,8745,8746,Satibalassa muṭṭhasacce.
MAIN002-S085,MAIN002,8747,8748,Samādhibalassa uddhacce.
MAIN002-S086,MAIN002,8749,8751,Paññābalassa avijjāya akampiyalakkhaṇaṃ.
MAIN002-S087,MAIN002,8752,8753,Satisambojjhaṅgassa upaṭṭhānalakkhaṇaṃ.
MAIN002-S088,MAIN002,8754,8755,Dhammavicayasambojjhaṅgassa pavicayalakkhaṇaṃ.
MAIN002-S089,MAIN002,8756,8757,Vīriyasambojjhaṅgassa paggahaṇalakkhaṇaṃ.
MAIN002-S090,MAIN002,8758,8759,Pītisambojjhaṅgassa pharaṇalakkhaṇaṃ.
MAIN002-S091,MAIN002,8760,8761,Passaddhisambojjhaṅgassa upasamalakkhaṇaṃ.
MAIN002-S092,MAIN002,8762,8763,Samādhisambojjhaṅgassa avikkhepalakkhaṇaṃ.
MAIN002-S093,MAIN002,8764,8765,Upekkhāsambojjhaṅgassa paṭisaṅkhānalakkhaṇaṃ.
MAIN002-S094,MAIN002,8766,8767,Sammādiṭṭhiyā dassanalakkhaṇaṃ.
MAIN002-S095,MAIN002,8768,8769,Sammāsaṅkappassa abhiniropanalakkhaṇaṃ.
MAIN002-S096,MAIN002,8770,8771,Sammāvācāya pariggāhalakkhaṇaṃ.
MAIN002-S097,MAIN002,8772,8773,Sammākammantassa samuṭṭhānalakkhaṇaṃ.
MAIN002-S098,MAIN002,8774,8775,Sammāājīvassa vodānalakkhaṇaṃ.
MAIN002-S099,MAIN002,8776,8777,Sammāvāyāmassa paggahaṇalakkhaṇaṃ.
MAIN002-S100,MAIN002,8778,8779,Sammāsatiyā upaṭṭhānalakkhaṇaṃ.
MAIN002-S101,MAIN002,8780,8781,Sammāsamādhissa avikkhepalakkhaṇaṃ.
MAIN002-S102,MAIN002,8782,8783,Avijjāya aññāṇalakkhaṇaṃ.
MAIN002-S103,MAIN002,8784,8785,Saṅkhārānaṃ cetanālakkhaṇaṃ.
MAIN002-S104,MAIN002,8786,8787,Viññāṇassa vijānanalakkhaṇaṃ.
MAIN002-S105,MAIN002,8788,8789,Nāmassa namanalakkhaṇaṃ.
MAIN002-S106,MAIN002,8790,8791,Rūpassa ruppanalakkhaṇaṃ.
MAIN002-S107,MAIN002,8792,8793,Saḷāyatanassa āyatanalakkhaṇaṃ.
MAIN002-S108,MAIN002,8794,8795,Phassassa phusanalakkhaṇaṃ.
MAIN002-S109,MAIN002,8796,8797,Vedanāya vedayitalakkhaṇaṃ.
MAIN002-S110,MAIN002,8798,8799,Taṇhāya hetulakkhaṇaṃ.
MAIN002-S111,MAIN002,8800,8801,Upādānassa gahaṇalakkhaṇaṃ.
MAIN002-S112,MAIN002,8802,8803,Bhavassa āyūhanalakkhaṇaṃ.
MAIN002-S113,MAIN002,8804,8805,Jātiyā nibbattilakkhaṇaṃ.
MAIN002-S114,MAIN002,8806,8807,Jarāya jīraṇalakkhaṇaṃ.
MAIN002-S115,MAIN002,8808,8809,Maraṇassa cutilakkhaṇaṃ.
MAIN002-S116,MAIN002,8810,8811,Dhātūnaṃ suññatālakkhaṇaṃ.
MAIN002-S117,MAIN002,8812,8813,Āyatanānaṃ āyatanalakkhaṇaṃ.
MAIN002-S118,MAIN002,8814,8815,Satipaṭṭhānānaṃ upaṭṭhānalakkhaṇaṃ.
MAIN002-S119,MAIN002,8816,8817,Sammappadhānānaṃ padahanalakkhaṇaṃ.
MAIN002-S120,MAIN002,8818,8819,Iddhipādānaṃ ijjhanalakkhaṇaṃ.
MAIN002-S121,MAIN002,8820,8821,Indriyānaṃ adhipatilakkhaṇaṃ.
MAIN002-S122,MAIN002,8822,8823,Balānaṃ akampiyalakkhaṇaṃ.
MAIN002-S123,MAIN002,8824,8825,Bojjhaṅgānaṃ niyyānalakkhaṇaṃ.
MAIN002-S124,MAIN002,8826,8827,Maggassa hetulakkhaṇaṃ.
MAIN002-S125,MAIN002,8828,8829,Saccānaṃ tathalakkhaṇaṃ.
MAIN002-S126,MAIN002,8830,8831,Samathassa avikkhepalakkhaṇaṃ.
MAIN002-S127,MAIN002,8832,8833,Vipassanāya anupassanālakkhaṇaṃ.
MAIN002-S128,MAIN002,8834,8835,Samathavipassanānaṃ ekarasalakkhaṇaṃ.
MAIN002-S129,MAIN002,8836,8837,Yuganandhānaṃ anativattanalakkhaṇaṃ.
MAIN002-S130,MAIN002,8838,8839,Sīlavisuddhiyā saṃvaralakkhaṇaṃ.
MAIN002-S131,MAIN002,8840,8841,Cittavisuddhiyā avikkhepalakkhaṇaṃ.
MAIN002-S132,MAIN002,8842,8843,Diṭṭhivisuddhiyā dassanalakkhaṇaṃ.
MAIN002-S133,MAIN002,8844,8845,Khayeñāṇassa samucchedalakkhaṇaṃ.
MAIN002-S134,MAIN002,8846,8848,Anuppāde ñāṇassa passaddhilakkhaṇaṃ.
MAIN002-S135,MAIN002,8849,8850,Chandassa mūlalakkhaṇaṃ.
MAIN002-S136,MAIN002,8851,8852,Manasikārassa samuṭṭhānalakkhaṇaṃ.
MAIN002-S137,MAIN002,8853,8854,Phassassa samodhānalakkhaṇaṃ.
MAIN002-S138,MAIN002,8855,8856,Vedanāya samosaraṇalakkhaṇaṃ.
MAIN002-S139,MAIN002,8857,8858,Samādhissa pamukhalakkhaṇaṃ.
MAIN002-S140,MAIN002,8859,8860,Satiyā ādhipateyyalakkhaṇaṃ.
MAIN002-S141,MAIN002,8861,8862,Paññāya tatuttarilakkhaṇaṃ.
MAIN002-S142,MAIN002,8863,8864,Vimuttiyā sāralakkhaṇaṃ.
MAIN002-S143,MAIN002,8865,8869,Amatogadhassa nibbānassa pariyosānalakkhaṇaṃ tathaṃ avitathaṃ.
MAIN002-S144,MAIN002,8870,8881,"Evaṃ tathalakkhaṇaṃ ñāṇagatiyā āgato avirajjhitvā patto anuppattoti tathāgato, evaṃ tathalakkhaṇaṃ āgatoti tathāgato."
MAIN002-S145,MAIN002,8882,8890,Kathaṃ tathadhamme yāthāvato abhisambuddhoti tathāgato? Tathadhammā nāma cattāri ariyasaccāni.
MAIN002-S146,MAIN002,8891,8896,"Yathāha ‘‘cattārimāni, bhikkhave, tathāni avitathāni anaññathāni."
MAIN002-S147,MAIN002,8897,8908,"Katamāni cattāri, idaṃ dukkhanti, bhikkhave, tathametaṃ avitathametaṃ anaññathameta’’nti (saṃ. ni. 5.1050) vitthāro."
MAIN002-S148,MAIN002,8909,8917,"Tāni ca bhagavā abhisambuddho, tasmā tathānaṃ abhisambuddhattā tathāgatoti vuccati."
MAIN002-S149,MAIN002,8918,8921,Abhisambuddhattho hi ettha gatasaddo.
MAIN002-S150,MAIN002,8922,8932,Apica jarāmaraṇassa jātipaccayasambhūtasamudāgataṭṭho tatho avitatho anaññatho…pe… saṅkhārānaṃ avijjāpaccayasambhūtasamudāgataṭṭho tatho avitatho anaññatho.
MAIN002-S151,MAIN002,8933,8936,Tathā avijjāya saṅkhārānaṃ paccayaṭṭho.
MAIN002-S152,MAIN002,8937,8945,Saṅkhārānaṃ viññāṇassa paccayaṭṭho…pe… jātiyā jarāmaraṇassa paccayaṭṭho tatho avitatho anaññatho.
MAIN002-S153,MAIN002,8946,8955,"Taṃ sabbaṃ bhagavā abhisambuddho, tasmāpi tathānaṃ dhammānaṃ abhisambuddhattā tathāgatoti vuccati."
MAIN002-S154,MAIN002,8956,8960,Evaṃ tathadhamme yāthāvato abhisambuddhoti tathāgato.
MAIN002-S155,MAIN002,8961,8978,Kathaṃ tathadassitāya tathāgato? Bhagavā yaṃ sadevake loke…pe… sadevamanussāya aparimāṇāsu lokadhātūsu aparimāṇānaṃ sattānaṃ cakkhudvāre āpāthaṃ āgacchantaṃ rūpārammaṇaṃ nāma atthi.
MAIN002-S156,MAIN002,8979,8982,"Taṃ sabbākārato jānāti, passati."
MAIN002-S157,MAIN002,8983,9023,"Evaṃ jānatā passatā ca tena taṃ iṭṭhāniṭṭhādivasena vā diṭṭhasutamutaviññātesu labbhamānakapadavasena vā ‘‘katamaṃ taṃ rūpaṃ rūpāyatanaṃ, yaṃ rūpaṃ catunnaṃ mahābhūtānaṃ upādāya vaṇṇanibhā sanidassanaṃ sappaṭighaṃ nīlaṃ pītaka’’nti (dha. sa. 616) ādinā nayena anekehi nāmehi terasahi vārehi dvepaññāsāya nayehi vibhajjamānaṃ tathameva hoti, vitathaṃ natthi."
MAIN002-S158,MAIN002,9024,9028,Esa nayo sotadvārādīsupi āpāthamāgacchantesu saddādīsu.
MAIN002-S159,MAIN002,9029,9057,"Vuttañcetaṃ bhagavatā ‘‘yaṃ, bhikkhave, sadevakassa lokassa…pe… sadevamanussāya diṭṭhaṃ sutaṃ mutaṃ viññātaṃ pattaṃ pariyesitaṃ anuvicaritaṃ manasā, tamahaṃ jānāmi, …tamahaṃ abhiññāsiṃ, taṃ tathāgatassa viditaṃ, taṃ tathāgato na upaṭṭhāsī’’ti (a. ni. 4.24)."
MAIN002-S160,MAIN002,9058,9060,Evaṃ tathadassitāya tathāgato.
MAIN002-S161,MAIN002,9061,9065,Tattha tathadassīatthe tathāgatoti padasambhavo veditabbo.
MAIN002-S162,MAIN002,9066,9129,"Kathaṃ tathāvāditāya tathāgato? Yaṃ rattiṃ bhagavā bodhimaṇḍe aparājitapallaṅke nisinno tiṇṇaṃ mārānaṃ matthakaṃ madditvā anuttaraṃ sammāsambodhiṃ abhisambuddho, yañca rattiṃ yamakasālānamantare anupādisesāya nibbānadhātuyā parinibbāyi, etthantare pañcacattālīsavassaparimāṇe kāle paṭhamabodhiyāpi majjhimabodhiyāpi pacchimabodhiyāpi yaṃ bhagavatā bhāsitaṃ suttaṃ geyyaṃ…pe… vedallaṃ, taṃ sabbaṃ atthato ca byañjanato ca anupavajjaṃ anūnamanadhikaṃ sabbākāraparipuṇṇaṃ rāgamadanimmadanaṃ dosamohamadanimmadanaṃ, natthi tattha vālaggamattampi pakkhalitaṃ, sabbaṃ taṃ ekamuddikāya lañchitaṃ viya, ekanāḷiyā mitaṃ viya, ekatulāya tulitaṃ viya ca tathameva hoti avitathaṃ."
MAIN002-S163,MAIN002,9130,9155,"Tenāha – ‘‘yañca, cunda, rattiṃ tathāgato anuttaraṃ sammāsambodhiṃ abhisambujjhati, yañca rattiṃ anupādisesāya nibbānadhātuyā parinibbāyati, yaṃ etasmiṃ antare bhāsati lapati niddisati, sabbaṃ taṃ tatheva hoti no aññathā."
MAIN002-S164,MAIN002,9156,9161,Tasmā tathāgatoti vuccatī’’ti (a. ni. 4.23).
MAIN002-S165,MAIN002,9162,9165,Gadaattho hi ettha gatasaddo.
MAIN002-S166,MAIN002,9166,9168,Evaṃ tathāvāditāya tathāgato.
MAIN002-S167,MAIN002,9169,9173,"Apica āgadanaṃ āgado, vacananti attho."
MAIN002-S168,MAIN002,9174,9185,Tatho aviparīto āgado assāti dakārassa takāraṃ katvā tathāgatoti evametasmiṃ atthe padasiddhi veditabbā.
MAIN002-S169,MAIN002,9186,9195,"Kathaṃ tathākāritāya tathāgato? Bhagavato hi vācāya kāyo anulometi, kāyassapi vācā."
MAIN002-S170,MAIN002,9196,9202,"Tasmā yathāvādī tathākārī, yathākārī tathāvādī ca hoti."
MAIN002-S171,MAIN002,9203,9210,"Evaṃbhūtassa cassa yathā vācā, kāyopi tathāgato pavattoti attho."
MAIN002-S172,MAIN002,9211,9218,"Yathā ca kāyo, vācāpi tathā gatā pavattāti tathāgato."
MAIN002-S173,MAIN002,9219,9225,"Tenāha ‘‘yathāvādī, bhikkhave, tathāgato tathākārī, yathākārī tathāvādī."
MAIN002-S174,MAIN002,9226,9236,"Iti yathāvādī tathākārī, yathākārī tathāvādī, tasmā tathāgatoti vuccatī’’ti (a. ni. 4.23)."
MAIN002-S175,MAIN002,9237,9239,Evaṃ tathākāritāya tathāgato.
MAIN002-S176,MAIN002,9240,9274,"Kathaṃ abhibhavanaṭṭhena tathāgato? Upari bhavaggaṃ heṭṭhā aviciṃ pariyantaṃ katvā tiriyaṃ aparimāṇāsu lokadhātūsu sabbasatte abhibhavati, sīlenapi samādhināpi paññāyapi vimuttiyāpi vimuttiñāṇadassanenapi, na tassa tulā vā pamāṇaṃ vā atthi, atulo appameyyo anuttaro rājarājo devadevo sakkānaṃ atisakko brahmānaṃ atibrahmā."
MAIN002-S177,MAIN002,9275,9285,"Tenāha ‘‘sadevake, bhikkhave, loke…pe… sadevamanussāya tathāgato abhibhū anabhibhūto aññadatthu daso vasavattī."
MAIN002-S178,MAIN002,9286,9288,Tasmā tathāgatoti vuccatī’’ti.
MAIN002-S179,MAIN002,9289,9294,"Tatrevaṃ padasiddhi veditabbā, agado viya agado."
MAIN002-S180,MAIN002,9295,9300,Ko panesa? Desanāvilāsamayo ceva puññussayo ca.
MAIN002-S181,MAIN002,9301,9326,"Tena hesa mahānubhāvo bhisakko dibbāgadena sappe viya sabbaparappavādino sadevakañca lokaṃ abhibhavati, iti sabbalokābhibhavane tatho aviparīto desanāvilāsamayo ceva puññassayo ca agado assāti dakārassa takāraṃ katvā tathāgatoti veditabbo."
MAIN002-S182,MAIN002,9327,9329,Evaṃ abhibhavanaṭṭhena tathāgato.
MAIN002-S183,MAIN002,9330,9336,"Apica tathāya gatotipi tathāgato, tathaṃ gatotipi tathāgato."
MAIN002-S184,MAIN002,9337,9342,"Gatoti avagato, atīto, patto, paṭipannoti attho."
MAIN002-S185,MAIN002,9343,9350,Tattha sakalaṃ lokaṃ tīraṇapariññāya tathāya gato avagatoti tathāgato.
MAIN002-S186,MAIN002,9351,9356,Lokasamudayaṃ pahānapariññāya tathāya gato atītoti tathāgato.
MAIN002-S187,MAIN002,9357,9362,Lokanirodhaṃ sacchikiriyāya tathāya gato pattoti tathāgato.
MAIN002-S188,MAIN002,9363,9368,Lokanirodhagāminiṃ paṭipadaṃ tathaṃ gato paṭipannoti tathāgato.
MAIN002-S189,MAIN002,9369,9379,"Tena yaṃ vuttaṃ bhagavatā ‘‘loko, bhikkhave, tathāgatena abhisambuddho, lokasmā tathāgato visaṃyutto."
MAIN002-S190,MAIN002,9380,9386,"Lokasamudayo, bhikkhave, tathāgatena abhisambuddho, lokasamudayo tathāgatassa pahīno."
MAIN002-S191,MAIN002,9387,9393,"Lokanirodho, bhikkhave, tathāgatena abhisambuddho, lokanirodho tathāgatassa sacchikato."
MAIN002-S192,MAIN002,9394,9402,"Lokanirodhagāminī paṭipadā, bhikkhave, tathāgatena abhisambuddhā, lokanirodhagāminī paṭipadā tathāgatassa bhāvitā."
MAIN002-S193,MAIN002,9403,9416,"Yaṃ, bhikkhave, sadevakassa lokassa…pe… sabbaṃ taṃ tathāgatena abhisambuddhaṃ, tasmā tathāgatoti vuccatī’’ti (a. ni. 4.23)."
MAIN002-S194,MAIN002,9417,9420,Tassa evampi attho veditabbo.
MAIN002-S195,MAIN002,9421,9425,Idampi ca tathāgatassa tathāgatabhāvadīpane mukhamattameva.
MAIN002-S196,MAIN002,9426,9431,Sabbākārena pana tathāgatova tathāgatassa tathāgatabhāvaṃ vaṇṇeyya.
MAIN002-S197,MAIN002,9432,9448,"Arahaṃ sammāsambuddhoti padadvaye pana ārakattā arīnaṃ, arānañca hatattā, paccayādīnaṃ arahattā, pāpakaraṇe rahābhāvāti imehi tāva kāraṇehi arahanti veditabbo."
MAIN002-S198,MAIN002,9449,9454,Sammā sāmañca sabbadhammānaṃ buddhattā pana sammāsambuddhoti.
MAIN002-S199,MAIN002,9455,9456,Ayamettha saṅkhepo.
MAIN002-S200,MAIN002,9457,9462,Vitthārato panetaṃ padadvayaṃ visuddhimagge buddhānussativaṇṇanāyaṃ pakāsitaṃ.
MAIN002-S201,MAIN002,9463,9472,Pariññātantaṃ tathāgatassāti ettha pana taṃ maññanāvatthu pariññātaṃ tathāgatassātipi attho veditabbo.
MAIN002-S202,MAIN002,9473,9480,Pariññātantaṃ nāma pariññātapāraṃ pariññātāvasānaṃ anavasesato pariññātanti vuttaṃ hoti.
MAIN002-S203,MAIN002,9481,9493,"Buddhānañhi sāvakehi saddhiṃ kiñcāpi tena tena maggena kilesappahāne viseso natthi, pariññāya pana atthi."
MAIN002-S204,MAIN002,9494,9501,Sāvakā hi catunnaṃ dhātūnaṃ ekadesameva sammasitvā nibbānaṃ pāpuṇanti.
MAIN002-S205,MAIN002,9502,9508,Buddhānaṃ pana aṇuppamāṇampi saṅkhāragataṃ ñāṇena adiṭṭhamatulitamatīritamasacchikataṃ natthi.
MAIN002-S206,MAIN002,9509,9510,Tathāgatavārasattamanayavaṇṇanā niṭṭhitā.
MAIN002-S207,MAIN002,9511,9511,Tathāgatavāraaṭṭhamanayavaṇṇanā
MAIN002-S208,MAIN002,9512,9518,13. Nandī dukkhassa mūlantiādīsu ca nandīti purimataṇhā.
MAIN002-S209,MAIN002,9519,9520,Dukkhanti pañcakkhandhā.
MAIN002-S210,MAIN002,9521,9521,Mūlantiādi.
MAIN002-S211,MAIN002,9522,9530,Iti viditvāti taṃ purimabhavanandiṃ ‘‘imassa dukkhassa mūla’’nti evaṃ jānitvā.
MAIN002-S212,MAIN002,9531,9532,Bhavāti kammabhavato.
MAIN002-S213,MAIN002,9533,9534,Jātīti vipākakkhandhā.
MAIN002-S214,MAIN002,9535,9541,"Te hi yasmā jāyanti, tasmā ‘‘jātī’’ti vuttā."
MAIN002-S215,MAIN002,9542,9545,Jātisīsena vā ayaṃ desanā.
MAIN002-S216,MAIN002,9546,9550,Etampi ‘‘iti viditvā’’ti iminā yojetabbaṃ.
MAIN002-S217,MAIN002,9551,9558,Ayañhi ettha attho ‘‘kammabhavato upapattibhavo hotīti evañca jānitvā’’ti.
MAIN002-S218,MAIN002,9559,9560,Bhūtassāti sattassa.
MAIN002-S219,MAIN002,9561,9564,Jarāmaraṇanti jarā ca maraṇañca.
MAIN002-S220,MAIN002,9565,9577,Idaṃ vuttaṃ hoti – tena upapattibhavena bhūtassa sattassa khandhānaṃ jarāmaraṇaṃ hotīti evañca jānitvāti.
MAIN002-S221,MAIN002,9578,9598,"Ettāvatā yaṃ bodhirukkhamūle aparājitapallaṅke nisinno sammasitvā sabbaññutaṃ patto, tassa paṭiccasamuppādassa paṭivedhā maññanānaṃ abhāvakāraṇaṃ dassento catusaṅkhepaṃ tisandhiṃ tiyaddhaṃ vīsatākāraṃ tameva paṭiccasamuppādaṃ dasseti."
MAIN002-S222,MAIN002,9599,9605,Kathaṃ pana ettāvatā esa sabbo dassito hotīti.
MAIN002-S223,MAIN002,9606,9611,Ettha hi nandīti ayaṃ eko saṅkhepo.
MAIN002-S224,MAIN002,9612,9622,"Dukkhassāti vacanato dukkhaṃ dutiyo, bhavā jātīti vacanato bhavo tatiyo, jātijarāmaraṇaṃ catuttho."
MAIN002-S225,MAIN002,9623,9629,"Evaṃ tāva cattāro saṅkhepā veditabbā, koṭṭhāsāti attho."
MAIN002-S226,MAIN002,9630,9646,"Taṇhādukkhānaṃ pana antaraṃ eko sandhi, dukkhassa ca bhavassa ca antaraṃ dutiyo, bhavassa ca jātiyā ca antaraṃ tatiyo."
MAIN002-S227,MAIN002,9647,9654,Evaṃ catunnaṃ aṅgulīnaṃ antarasadisā catusaṅkhepantarā tayo sandhī veditabbā.
MAIN002-S228,MAIN002,9655,9668,"Tattha nandīti atīto addhā, jātijarāmaraṇaṃ anāgato, dukkhañca bhavo ca paccuppannoti evaṃ tayo addhā veditabbā."
MAIN002-S229,MAIN002,9669,9682,"Atīte pana pañcasu ākāresu nandīvacanena taṇhā ekā āgatā, tāya anāgatāpi avijjāsaṅkhāraupādānabhavā paccayalakkhaṇena gahitāva honti."
MAIN002-S230,MAIN002,9683,9695,"Jātijarāmaraṇavacanena pana yesaṃ khandhānaṃ tajjātijarāmaraṇaṃ, te vuttā yevāti katvā āyatiṃ viññāṇanāmarūpasaḷāyatanaphassavedanā gahitāva honti."
MAIN002-S231,MAIN002,9696,9715,"Evamete ‘‘purimakammabhavasmiṃ moho avijjā, āyūhanā saṅkhārā, nikanti taṇhā, upagamanaṃ upādānaṃ, cetanā bhavo iti ime pañca dhammā purimakammabhavasmiṃ idha paṭisandhiyā paccayā."
MAIN002-S232,MAIN002,9716,9734,"Idha paṭisandhi viññāṇaṃ, okkanti nāmarūpaṃ, pasādo āyatanaṃ, phuṭṭho phasso, vedayitaṃ vedanā iti ime pañca dhammā idhūpapattibhavasmiṃ purekatassa kammassa paccayā."
MAIN002-S233,MAIN002,9735,9755,"Idha paripakkattā āyatanānaṃ moho avijjā, āyūhanā saṅkhārā, nikanti taṇhā, upagamanamupādānaṃ, cetanā bhavo iti ime pañca dhammā idha kammabhavasmiṃ āyatiṃ paṭisandhiyā paccayā."
MAIN002-S234,MAIN002,9756,9782,"Āyatiṃ paṭisandhi viññāṇaṃ, okkanti nāmarūpaṃ, pasādo āyatanaṃ, phuṭṭho phasso, vedayitaṃ vedanā iti ime pañca dhammā āyatiṃ upapattibhavasmiṃ idha katassa kammassa paccayā’’ti evaṃ niddiṭṭhalakkhaṇā vīsati ākārā idha veditabbā."
MAIN002-S235,MAIN002,9783,9803,"Evaṃ ‘‘nandī dukkhassa mūlanti iti viditvā bhavā jāti, bhūtassa jarāmaraṇa’’nti ettāvatā esa sabbopi catusaṅkhepo tisandhi tiyaddho vīsatākāro paṭiccasamuppādo dassito hotīti veditabbo."
MAIN002-S236,MAIN002,9804,9815,"Idāni tasmā tiha, bhikkhave…pe… abhisambuddhoti vadāmīti ettha apubbapadavaṇṇanaṃ katvā padayojanāya atthanigamanaṃ karissāma."
MAIN002-S237,MAIN002,9816,9821,Tasmā tihāti tasmā icceva vuttaṃ hoti.
MAIN002-S238,MAIN002,9822,9824,Tikārahakārā hi nipātā.
MAIN002-S239,MAIN002,9825,9826,Sabbasoti anavasesavacanametaṃ.
MAIN002-S240,MAIN002,9827,9831,Taṇhānanti nandīti evaṃ vuttānaṃ sabbataṇhānaṃ.
MAIN002-S241,MAIN002,9832,9834,Khayāti lokuttaramaggena accantakkhayā.
MAIN002-S242,MAIN002,9835,9836,Virāgādīni khayavevacanāneva.
MAIN002-S243,MAIN002,9837,9846,"Yā hi taṇhā khīṇā, virattāpi tā bhavanti niruddhāpi cattāpi paṭinissaṭṭhāpi."
MAIN002-S244,MAIN002,9847,9849,Khayāti vā catumaggakiccasādhāraṇametaṃ.
MAIN002-S245,MAIN002,9850,9859,"Tato paṭhamamaggena virāgā, dutiyena nirodhā, tatiyena cāgā, catutthena paṭinissaggāti yojetabbaṃ."
MAIN002-S246,MAIN002,9860,9867,"Yāhi vā taṇhāhi pathaviṃ pathavito sañjāneyya, tāsaṃ khayā."
MAIN002-S247,MAIN002,9868,9872,"Yāhi pathaviṃ maññeyya, tāsaṃ virāgā."
MAIN002-S248,MAIN002,9873,9877,"Yāhi pathaviyā maññeyya, tāsaṃ nirodhā."
MAIN002-S249,MAIN002,9878,9882,"Yāhi pathavito maññeyya, tāsaṃ cāgā."
MAIN002-S250,MAIN002,9883,9888,"Yāhi pathaviṃ meti maññeyya, tāsaṃ paṭinissaggā."
MAIN002-S251,MAIN002,9889,9905,"Yāhi vā pathaviṃ maññeyya, tāsaṃ khayā…pe… yāhi pathaviṃ abhinandeyya, tāsaṃ paṭinissaggāti evamettha yojanā kātabbā, na kiñci virujjhati."
MAIN002-S252,MAIN002,9906,9908,Anuttaranti uttaravirahitaṃ sabbaseṭṭhaṃ.
MAIN002-S253,MAIN002,9909,9912,Sammāsambodhinti sammā sāmañca bodhiṃ.
MAIN002-S254,MAIN002,9913,9917,Atha vā pasatthaṃ sundarañca bodhiṃ.
MAIN002-S255,MAIN002,9918,9922,Bodhīti rukkhopi maggopi sabbaññutañāṇampi nibbānampi.
MAIN002-S256,MAIN002,9923,9945,‘‘Bodhirukkhamūle paṭhamābhisambuddho’’ti (mahāva. 1; udā. 1) ca ‘‘antarā ca bodhiṃ antarā ca gaya’’nti (mahāva. 11; ma. ni. 1.285) ca āgataṭṭhānehi rukkho bodhīti vuccati.
MAIN002-S257,MAIN002,9946,9952,‘‘Catūsu maggesu ñāṇa’’nti (cūḷani. 121) āgataṭṭhāne maggo.
MAIN002-S258,MAIN002,9953,9960,‘‘Pappoti bodhiṃ varabhūrimedhaso’’ti (dī. ni. 3.217) āgataṭṭhāne sabbaññutañāṇaṃ.
MAIN002-S259,MAIN002,9961,9966,‘‘Patvāna bodhiṃ amataṃ asaṅkhata’’nti āgataṭṭhāne nibbānaṃ.
MAIN002-S260,MAIN002,9967,9971,Idha pana bhagavato arahattamaggañāṇaṃ adhippetaṃ.
MAIN002-S261,MAIN002,9972,9974,Apare sabbaññutañāṇantipi vadanti.
MAIN002-S262,MAIN002,9975,9981,Sāvakānaṃ arahattamaggo anuttarā bodhi hoti na hotīti.
MAIN002-S263,MAIN002,9982,9983,Na hoti.
MAIN002-S264,MAIN002,9984,9985,Kasmā? Asabbaguṇadāyakattā.
MAIN002-S265,MAIN002,9986,10001,"Tesañhi kassaci arahattamaggo arahattaphalameva deti, kassaci tisso vijjā, kassaci cha abhiññā, kassaci catasso paṭisambhidā, kassaci sāvakapāramīñāṇaṃ."
MAIN002-S266,MAIN002,10002,10004,Paccekabuddhānampi paccekabodhiñāṇameva deti.
MAIN002-S267,MAIN002,10005,10012,Buddhānaṃ pana sabbaguṇasampattiṃ deti abhiseko viya rañño sabbalokissariyabhāvaṃ.
MAIN002-S268,MAIN002,10013,10019,Tasmā aññassa kassacipi anuttarā bodhi na hotīti.
MAIN002-S269,MAIN002,10020,10026,"Abhisambuddhoti abhiññāsi paṭivijjhi, patto adhigatoti vuttaṃ hoti."
MAIN002-S270,MAIN002,10027,10037,"Iti vadāmīti iti vadāmi ācikkhāmi desemi paññapemi, paṭṭhapemi vivarāmi vibhajāmi uttānīkaromīti."
MAIN002-S271,MAIN002,10038,10047,"Tatrāyaṃ yojanā – tathāgatopi, bhikkhave…pe… pathaviṃ na maññati…pe… pathaviṃ nābhinandati."
MAIN002-S272,MAIN002,10048,10059,"Taṃ kissa hetu, nandī dukkhassa mūlaṃ, bhavā jāti, bhūtassa jarāmaraṇanti iti viditvāti."
MAIN002-S273,MAIN002,10060,10064,Tattha iti viditvāti itikāro kāraṇattho.
MAIN002-S274,MAIN002,10065,10071,Tena imassa paṭiccasamuppādassa viditattā paṭividdhattāti vuttaṃ hoti.
MAIN002-S275,MAIN002,10072,10094,"Kiñca bhiyyo – yasmā ca evamimaṃ paṭiccasamuppādaṃ viditvā tathāgatassa yā nandīti vuttataṇhā sabbappakārā, sā pahīnā, tāsañca tathāgato sabbaso taṇhānaṃ khayā…pe… anuttaraṃ sammāsambodhiṃ abhisambuddho."
MAIN002-S276,MAIN002,10095,10109,Tasmā pathaviṃ na maññati…pe… pathaviṃ nābhinandatīti vadāmīti evaṃ abhisambuddhattā na maññati nābhinandatīti vadāmīti vuttaṃ hoti.
MAIN002-S277,MAIN002,10110,10131,"Atha vā yasmā ‘‘nandī dukkhassa mūla’’ntiādinā nayena paṭiccasamuppādaṃ viditvā sabbaso taṇhā khayaṃ gatā, tasmā tiha, bhikkhave, tathāgato sabbaso taṇhānaṃ khayā…pe… abhisambuddhoti vadāmi."
MAIN002-S278,MAIN002,10132,10138,So evaṃ abhisambuddhattā pathaviṃ na maññati…pe… nābhinandatīti.
MAIN002-S279,MAIN002,10139,10152,"Yattha yattha hi yasmāti avatvā tasmāti vuccati, tattha tattha yasmāti ānetvā yojetabbaṃ, ayaṃ sāsanayutti."
MAIN002-S280,MAIN002,10153,10155,Esa nayo sabbattha.
MAIN002-S281,MAIN002,10156,10190,Idamavoca bhagavāti idaṃ nidānāvasānato pabhuti yāva abhisambuddhoti vadāmīti sakalasuttantaṃ bhagavā paresaṃ paññāya alabbhaṇeyyapatiṭṭhaṃ paramagambhīraṃ sabbaññutañāṇaṃ dassento ekena puthujjanavārena ekena sekkhavārena catūhi khīṇāsavavārehi dvīhi tathāgatavārehīti aṭṭhahi mahāvārehi ekamekasmiñca vāre pathavīādīhi catuvīsatiyā antaravārehi paṭimaṇḍetvā dvebhāṇavāraparimāṇāya tantiyā avoca.
MAIN002-S282,MAIN002,10191,10200,Evaṃ vicitranayadesanāvilāsayuttaṃ panetaṃ suttaṃ karavikarudamañjunā kaṇṇasukhena paṇḍitajanahadayānaṃ amatābhisekasadisena brahmassarena bhāsamānassāpi.
MAIN002-S283,MAIN002,10201,10213,Na te bhikkhū bhagavato bhāsitaṃ abhinandunti te pañcasatā bhikkhū idaṃ bhagavato vacanaṃ nānumodiṃsu.
MAIN002-S284,MAIN002,10214,10215,Kasmā? Aññāṇakena.
MAIN002-S285,MAIN002,10216,10224,"Te kira imassa suttassa atthaṃ na jāniṃsu, tasmā nābhinandiṃsu."
MAIN002-S286,MAIN002,10225,10240,Tesañhi tasmiṃ samaye evaṃ vicitranayadesanāvilāsayuttampi etaṃ suttaṃ ghanaputhulena dussapaṭṭena mukhe bandhaṃ katvā purato ṭhapitamanuññabhojanaṃ viya ahosi.
MAIN002-S287,MAIN002,10241,10255,Nanu ca bhagavā attanā desitaṃ dhammaṃ pare ñāpetuṃ kappasatasahassādhikāni cattāri asaṅkhyeyyāni pāramiyo pūretvā sabbaññutaṃ patto.
MAIN002-S288,MAIN002,10256,10263,"So kasmā yathā te na jānanti, tathā desesīti."
MAIN002-S289,MAIN002,10264,10294,"Vuttamidaṃ imassa suttassa nikkhepavicāraṇāyaṃ eva ‘‘mānabhañjanatthaṃ sabbadhammamūlapariyāyanti desanaṃ ārabhī’’ti, tasmā na yidha puna vattabbamatthi, evaṃ mānabhañjanatthaṃ desitañca panetaṃ suttaṃ sutvā te bhikkhū taṃyeva kira pathaviṃ diṭṭhigatikopi sañjānāti, sekkhopi arahāpi tathāgatopi sañjānāti."
MAIN002-S290,MAIN002,10295,10330,"Kinnāmidaṃ kathaṃ nāmidanti cintentā pubbe mayaṃ bhagavatā kathitaṃ yaṃkiñci khippameva jānāma, idāni panimassa mūlapariyāyassa antaṃ vā koṭiṃ vā na jānāma na passāma, aho buddhā nāma appameyyā atulāti uddhaṭadāṭhā viya sappā nimmadā hutvā buddhupaṭṭhānañca dhammassavanañca sakkaccaṃ āgamaṃsu."
MAIN002-S291,MAIN002,10331,10357,"Tena kho pana samayena bhikkhū dhammasabhāyaṃ sannisinnā imaṃ kathaṃ samuṭṭhāpesuṃ ‘‘aho buddhānaṃ ānubhāvo, te nāma brāhmaṇapabbajitā tathā mānamadamattā bhagavatā mūlapariyāyadesanāya nihatamānā katā’’ti, ayañcarahi tesaṃ bhikkhūnaṃ antarākathā vippakatā."
MAIN002-S292,MAIN002,10358,10376,"Atha bhagavā gandhakuṭiyā nikkhamitvā taṅkhaṇānurūpena pāṭihāriyena dhammasabhāyaṃ paññattavarabuddhāsane nisīditvā te bhikkhū āha – ‘‘kāya nuttha, bhikkhave, etarahi kathāya sannisinnā’’ti."
MAIN002-S293,MAIN002,10377,10380,Te tamatthaṃ bhagavato ārocesuṃ.
MAIN002-S294,MAIN002,10381,10394,"Bhagavā etadavoca – ‘‘na, bhikkhave, idāneva, pubbepi ahaṃ ime evaṃ mānapaggahitasire vicarante nihatamāne akāsi’’nti."
MAIN002-S295,MAIN002,10395,10423,"Tato imissā aṭṭhuppattiyā idaṃ atītaṃ ānesi – Bhūtapubbaṃ, bhikkhave, aññataro disāpāmokkho brāhmaṇo bārāṇasiyaṃ paṭivasati tiṇṇaṃ vedānaṃ pāragū sanighaṇṭukeṭubhānaṃ sākkharappabhedānaṃ itihāsapañcamānaṃ padako veyyākaraṇo lokāyatamahāpurisalakkhaṇesu anavayo, so pañcamattāni māṇavakasatāni mante vāceti."
MAIN002-S296,MAIN002,10424,10435,"Paṇḍitā māṇavakā bahuñca gaṇhanti lahuñca, suṭṭhu ca upadhārenti, gahitañca tesaṃ na vinassati."
MAIN002-S297,MAIN002,10436,10452,Sopi brāhmaṇo ācariyamuṭṭhiṃ akatvā ghaṭe udakaṃ āsiñcanto viya sabbampi sippaṃ uggaṇhāpetvā te māṇavake etadavoca ‘‘ettakamidaṃ sippaṃ diṭṭhadhammasamparāyahita’’nti.
MAIN002-S298,MAIN002,10453,10474,"Te māṇavakā – ‘‘yaṃ amhākaṃ ācariyo jānāti, mayampi taṃ jānāma, mayampi dāni ācariyā evā’’ti mānaṃ uppādetvā tato pabhuti ācariye agāravā nikkhittavattā vihariṃsu."
MAIN002-S299,MAIN002,10475,10480,Ācariyo ñatvā ‘‘karissāmi nesaṃ mānaniggaha’’nti cintesi.
MAIN002-S300,MAIN002,10481,10495,"So ekadivasaṃ upaṭṭhānaṃ āgantvā vanditvā nisinne te māṇavake āha ‘‘tātā pañhaṃ pucchissāmi, kaccittha samatthā kathetu’’nti."
MAIN002-S301,MAIN002,10496,10505,"Te ‘‘pucchatha ācariya, pucchatha ācariyā’’ti sahasāva āhaṃsu, yathā taṃ sutamadamattā."
MAIN002-S302,MAIN002,10506,10527,"Ācariyo āha – ‘‘Kālo ghasati bhūtāni, sabbāneva sahattanā; Yo ca kālaghaso bhūto, sa bhūtapacaniṃ pacī’’ti. (jā. 1.10.190) – Vissajjetha tātā imaṃ pañhanti."
MAIN002-S303,MAIN002,10528,10532,Te cintetvā ajānamānā tuṇhī ahesuṃ.
MAIN002-S304,MAIN002,10533,10540,"Ācariyo āha ‘‘alaṃ tātā gacchathajja, sve katheyyāthā’’ti uyyojesi."
MAIN002-S305,MAIN002,10541,10551,"Te dasapi vīsatipi sampiṇḍitā hutvā na tassa pañhassa ādiṃ, na antamaddasaṃsu."
MAIN002-S306,MAIN002,10552,10559,Āgantvā ācariyassa ārocesuṃ ‘‘na imassa pañhassa atthaṃ ājānāmā’’ti.
MAIN002-S307,MAIN002,10560,10603,"Ācariyo tesaṃ niggahatthāya imaṃ gāthamabhāsi – ‘‘Bahūni narasīsāni, lomasāni brahāni ca; Gīvāsu paṭimukkāni, kocidevettha kaṇṇavā’’ti. (jā. 1.10.191) – Gāthāyattho – bahūni narānaṃ sīsāni dissanti, sabbāni ca tāni lomasāni sabbāni ca mahantāni gīvāyameva ca ṭhapitāni, na tālaphalaṃ viya hatthena gahitāni, natthi tesaṃ imehi dhammehi nānākaraṇaṃ."
MAIN002-S308,MAIN002,10604,10609,Ettha pana kocideva kaṇṇavāti attānaṃ sandhāyāha.
MAIN002-S309,MAIN002,10610,10611,Kaṇṇavāti paññavā.
MAIN002-S310,MAIN002,10612,10628,"Kaṇṇacchiddaṃ pana na kassaci natthi, taṃ sutvā te māṇavakā maṅkubhūtā pattakkhandhā adhomukhā aṅguliyā bhūmiṃ vilikhantā tuṇhī ahesuṃ."
MAIN002-S311,MAIN002,10629,10638,Atha nesaṃ ahirikabhāvaṃ passitvā ācariyo ‘‘uggaṇhatha tātā pañha’’nti pañhaṃ vissajjesi.
MAIN002-S312,MAIN002,10639,10642,Kāloti purebhattakālopi pacchābhattakālopīti evamādi.
MAIN002-S313,MAIN002,10643,10644,Bhūtānīti sattādhivacanametaṃ.
MAIN002-S314,MAIN002,10645,10662,"Kālo hi bhūtānaṃ na cammamaṃsādīni khādati, apica kho nesaṃ āyuvaṇṇabalāni khepento yobbaññaṃ maddanto ārogyaṃ vināsento ghasati khādatīti vuccati."
MAIN002-S315,MAIN002,10663,10672,"Sabbāneva sahattanāti evaṃ ghasanto ca na kiñci vajjeti, sabbāneva ghasati."
MAIN002-S316,MAIN002,10673,10680,"Na kevalañca bhūtāniyeva, apica kho sahattanā attānampi ghasati."
MAIN002-S317,MAIN002,10681,10685,Purebhattakālo hi pacchābhattakālaṃ na pāpuṇāti.
MAIN002-S318,MAIN002,10686,10688,Esa nayo pacchābhattakālādīsu.
MAIN002-S319,MAIN002,10689,10694,Yo ca kālaghaso bhūtoti khīṇāsavassetaṃ adhivacanaṃ.
MAIN002-S320,MAIN002,10695,10703,So hi āyatiṃ paṭisandhikālaṃ khepetvā khāditvā ṭhitattā ‘‘kālaghaso’’ti vuccati.
MAIN002-S321,MAIN002,10704,10721,"Sa bhūtapacaniṃ pacīti so yāyaṃ taṇhā apāyesu bhūte pacati, taṃ ñāṇagginā paci dayhi bhasmamakāsi, tena ‘‘bhūtapacaniṃ pacī’’ti vuccati."
MAIN002-S322,MAIN002,10722,10723,‘‘Pajani’’ntipi pāṭho.
MAIN002-S323,MAIN002,10724,10726,Janikaṃ nibbattikanti attho.
MAIN002-S324,MAIN002,10727,10762,"Atha te māṇavakā dīpasahassālokena viya rattiṃ samavisamaṃ ācariyassa vissajjanena pañhassa atthaṃ pākaṭaṃ disvā ‘‘idāni mayaṃ yāvajīvaṃ guruvāsaṃ vasissāma, mahantā ete ācariyā nāma, mayañhi bahussutamānaṃ uppādetvā catuppadikagāthāyapi atthaṃ na jānāmā’’ti nihatamānā pubbasadisameva ācariyassa vattappaṭipattiṃ katvā saggaparāyaṇā ahesuṃ."
MAIN002-S325,MAIN002,10763,10773,"Ahaṃ kho, bhikkhave, tena samayena tesaṃ ācariyo ahosiṃ, ime bhikkhū māṇavakā."
MAIN002-S326,MAIN002,10774,10781,Evaṃ pubbepāhaṃ ime evaṃ mānapaggahitasire vicarante nihatamāne akāsinti.
MAIN002-S327,MAIN002,10782,10796,Imañca jātakaṃ sutvā te bhikkhū pubbepi mayaṃ māneneva upahatāti bhiyyosomattāya nihatamānā hutvā attano upakārakakammaṭṭhānaparāyaṇā ahesuṃ.
MAIN002-S328,MAIN002,10797,10829,"Tato bhagavā ekaṃ samayaṃ janapadacārikaṃ caranto vesāliṃ patvā gotamake cetiye viharanto imesaṃ pañcasatānaṃ bhikkhūnaṃ ñāṇaparipākaṃ viditvā imaṃ gotamakasuttaṃ kathesi – ‘‘Abhiññāyāhaṃ, bhikkhave, dhammaṃ desemi no anabhiññāya, sanidānāhaṃ…pe… sappāṭihāriyāhaṃ, bhikkhave, dhammaṃ desemi no appāṭihāriyaṃ."
MAIN002-S329,MAIN002,10830,10837,"Tassa mayhaṃ, bhikkhave, abhiññāya dhammaṃ desayato…pe… no appāṭihāriyaṃ."
MAIN002-S330,MAIN002,10838,10841,"Karaṇīyo ovādo, karaṇīyā anusāsanī."
MAIN002-S331,MAIN002,10842,10850,"Alañca pana vo, bhikkhave, tuṭṭhiyā alaṃ attamanatāya alaṃ somanassāya."
MAIN002-S332,MAIN002,10851,10856,"Sammāsambuddho bhagavā, svākkhāto dhammo, suppaṭipanno saṅghoti."
MAIN002-S333,MAIN002,10857,10867,"Idamavoca bhagavā, imasmiñca pana veyyākaraṇasmiṃ bhaññamāne dasasahassilokadhātu akampitthā’’ti (a. ni. 3.126)."
MAIN002-S334,MAIN002,10868,10883,"Idañca suttaṃ sutvā te pañcasatā bhikkhū tasmiṃyevāsane saha paṭisambhidāhi arahattaṃ pāpuṇiṃsu, evāyaṃ desanā etasmiṃ ṭhāne niṭṭhamagamāsīti."
MAIN002-S335,MAIN002,10884,10885,Tathāgatavāraaṭṭhamanayavaṇṇanā niṭṭhitā.
MAIN002-S336,MAIN002,10886,10889,Papañcasūdaniyā majjhimanikāyaṭṭhakathāya Mūlapariyāyasuttavaṇṇanā niṭṭhitā.
MAIN002-S337,MAIN002,10890,10891,2. Sabbāsavasuttavaṇṇanā
MAIN002-S338,MAIN002,10892,10897,14. Evaṃ me sutaṃ…pe… sāvatthiyanti sabbāsavasuttaṃ.
MAIN002-S339,MAIN002,10898,10912,"Tatrāyaṃ apubbapadavaṇṇanā – sāvatthīti savatthassa isino nivāsaṭṭhānabhūtā nagarī, yathā kākandī mākandī kosambīti evaṃ tāva akkharacintakā."
MAIN002-S340,MAIN002,10913,10921,Aṭṭhakathācariyā pana bhaṇanti ‘‘yaṃkiñci manussānaṃ upabhogaparibhogaṃ sabbamettha atthīti sāvatthī.
MAIN002-S341,MAIN002,10922,10929,Satthasamāyoge ca kiṃ bhaṇḍamatthīti pucchite sabbamatthī’’ti vacanamupādāya sāvatthī.
MAIN002-S342,MAIN002,10930,10937,"‘‘Sabbadā sabbūpakaraṇaṃ, sāvatthiyaṃ samohitaṃ; Tasmā sabbamupādāya, sāvatthīti pavuccati."
MAIN002-S343,MAIN002,10938,10946,"Kosalānaṃ puraṃ rammaṃ, dassaneyyaṃ manoramaṃ; Dasahi saddehi avivittaṃ, annapānasamāyutaṃ."
MAIN002-S344,MAIN002,10947,10955,"Vuddhiṃ vepullataṃ pattaṃ, iddhaṃ phītaṃ manoramaṃ; Aḷakamandāva devānaṃ, sāvatthipuramuttama’’nti."
MAIN002-S345,MAIN002,10956,10957,Tassaṃ sāvatthiyaṃ.
MAIN002-S346,MAIN002,10958,10979,"Jetavaneti ettha attano paccatthikajanaṃ jinātīti jeto, raññā vā attano paccatthikajane jite jātoti jeto, maṅgalakamyatāya vā tassa evaṃnāmameva katanti jeto, jetassa vanaṃ jetavanaṃ."
MAIN002-S347,MAIN002,10980,10990,"Tañhi jetena rājakumārena ropitaṃ saṃvaddhitaṃ paripālitaṃ, so ca tassa sāmī ahosi."
MAIN002-S348,MAIN002,10991,10995,"Tasmā jetavananti vuccati, tasmiṃ jetavane."
MAIN002-S349,MAIN002,10996,11004,Anāthapiṇḍikassa ārāmeti ettha sudatto nāma so gahapati mātāpitūhi katanāmavasena.
MAIN002-S350,MAIN002,11005,11016,"Sabbakāmasamiddhitāya pana vigatamalamaccheratāya karuṇādiguṇasamaṅgitāya ca niccakālaṃ anāthānaṃ piṇḍamadāsi, tena anāthapiṇḍikoti saṅkhaṃ gato."
MAIN002-S351,MAIN002,11017,11036,"Āramanti ettha pāṇino visesena vā pabbajitāti ārāmo, tassa pupphaphalādisobhāya nātidūranaccāsannatādipañcavidhasenāsanaṅgasampattiyā ca tato tato āgamma ramanti abhiramanti anukkaṇṭhitā hutvā nivasantīti attho."
MAIN002-S352,MAIN002,11037,11047,Vuttappakārāya vā sampattiyā tattha tattha gatepi attano abbhantaraṃyeva ānetvā rametīti ārāmo.
MAIN002-S353,MAIN002,11048,11071,So hi anāthapiṇḍikena gahapatinā jetassa rājakumārassa hatthato aṭṭhārasahi hiraññakoṭīhi koṭisantharena kīṇitvā aṭṭhārasahi hiraññakoṭīhi senāsanāni kārāpetvā aṭṭhārasahi hiraññakoṭīhi vihāramahaṃ niṭṭhāpetvā evaṃ catupaññāsahiraññakoṭipariccāgena buddhappamukhassa saṅghassa niyyādito.
MAIN002-S354,MAIN002,11072,11075,Tasmā ‘‘anāthapiṇḍikassa ārāmo’’ti vuccati.
MAIN002-S355,MAIN002,11076,11078,Tasmiṃ anāthapiṇḍikassa ārāme.
MAIN002-S356,MAIN002,11079,11083,Ettha ca ‘‘jetavane’’ti vacanaṃ purimasāmiparikittanaṃ.
MAIN002-S357,MAIN002,11084,11086,‘‘Anāthapiṇḍikassa ārāme’’ti pacchimasāmiparikittanaṃ.
MAIN002-S358,MAIN002,11087,11089,Kimetesaṃ parikittane payojananti.
MAIN002-S359,MAIN002,11090,11091,Puññakāmānaṃ diṭṭhānugatiāpajjanaṃ.
MAIN002-S360,MAIN002,11092,11105,"Tatra hi dvārakoṭṭhakapāsādamāpane bhūmivikkayaladdhā aṭṭhārasa hiraññakoṭiyo anekakoṭiagghanakā rukkhā ca jetassa pariccāgo, catupaññāsa koṭiyo anāthapiṇḍikassa."
MAIN002-S361,MAIN002,11106,11120,Iti tesaṃ parikittanena evaṃ puññakāmā puññāni karontīti dassento āyasmā ānando aññepi puññakāme tesaṃ diṭṭhānugatiāpajjane niyojeti.
MAIN002-S362,MAIN002,11121,11133,"Sabbāsavasaṃvarapariyāyaṃ vo, bhikkhaveti kasmā idaṃ suttamabhāsi? Tesaṃ bhikkhūnaṃ upakkilesavisodhanaṃ ādiṃ katvā āsavakkhayāya paṭipattidassanatthaṃ."
MAIN002-S363,MAIN002,11134,11154,"Tattha sabbāsavasaṃvarapariyāyanti sabbesaṃ āsavānaṃ saṃvarakāraṇaṃ saṃvarabhūtaṃ kāraṇaṃ, yena kāraṇena te saṃvaritā pidahitā hutvā anuppādanirodhasaṅkhātaṃ khayaṃ gacchanti pahīyanti nappavattanti, taṃ kāraṇanti attho."
MAIN002-S364,MAIN002,11155,11163,"Tattha āsavantīti āsavā, cakkhutopi…pe… manatopi sandanti pavattantīti vuttaṃ hoti."
MAIN002-S365,MAIN002,11164,11180,"Dhammato yāva gotrabhuṃ okāsato yāva bhavaggaṃ savantīti vā āsavā, ete dhamme etañca okāsaṃ anto karitvā pavattantīti attho."
MAIN002-S366,MAIN002,11181,11184,Antokaraṇattho hi ayaṃ ākāro.
MAIN002-S367,MAIN002,11185,11190,"Cirapārivāsiyaṭṭhena madirādayo āsavā, āsavā viyātipi āsavā."
MAIN002-S368,MAIN002,11191,11195,Lokasmiñhi cirapārivāsikā madirādayo āsavāti vuccanti.
MAIN002-S369,MAIN002,11196,11201,"Yadi ca cirapārivāsiyaṭṭhena āsavā, eteyeva bhavitumarahanti."
MAIN002-S370,MAIN002,11202,11215,"Vuttañhetaṃ ‘‘purimā, bhikkhave, koṭi na paññāyati avijjāya, ito pubbe avijjā nāhosī’’tiādi (a. ni. 10.61)."
MAIN002-S371,MAIN002,11216,11221,Āyataṃ vā saṃsāradukkhaṃ savanti pasavantītipi āsavā.
MAIN002-S372,MAIN002,11222,11232,"Purimāni cettha nibbacanāni yattha kilesā āsavāti āgacchanti, tattha yujjanti, pacchimaṃ kammepi."
MAIN002-S373,MAIN002,11233,11240,"Na kevalañca kammakilesāyeva āsavā, apica kho nānappakārakā uppaddavāpi."
MAIN002-S374,MAIN002,11241,11257,"Suttesu hi ‘‘nāhaṃ, cunda, diṭṭhadhammikānaṃyeva āsavānaṃ saṃvarāya dhammaṃ desemī’’ti (dī. ni. 3.182) ettha vivādamūlabhūtā kilesā āsavāti āgatā."
MAIN002-S375,MAIN002,11258,11284,"‘‘Yena devūpapatyassa, gandhabbo vā vihaṅgamo; Yakkhattaṃ yena gaccheyyaṃ, manussattañca abbaje; Te mayhaṃ āsavā khīṇā, viddhastā vinaḷīkatā’’ti. (a. ni. 4.36); – Ettha tebhūmakañca kammaṃ avasesā ca akusalā dhammā."
MAIN002-S376,MAIN002,11285,11299,‘‘Diṭṭhadhammikānaṃ āsavānaṃ saṃvarāya samparāyikānaṃ āsavānaṃ paṭighātāyā’’ti (pārā. 39) ettha parūpavādavippaṭisāravadhabandhādayo ceva apāyadukkhabhūtā ca nānappakārā upaddavā.
MAIN002-S377,MAIN002,11300,11308,"Te panete āsavā yattha yathā āgatā, tattha tathā veditabbā."
MAIN002-S378,MAIN002,11309,11320,"Ete hi vinaye tāva ‘‘diṭṭhadhammikānaṃ āsavānaṃ saṃvarāya, samparāyikānaṃ āsavānaṃ paṭighātāyā’’ti dvedhā āgatā."
MAIN002-S379,MAIN002,11321,11332,"Saḷāyatane ‘‘tayome āvuso āsavā, kāmāsavo bhavāsavo avijjāsavo’’ti (a. ni. 6.63) tidhā āgatā."
MAIN002-S380,MAIN002,11333,11342,Aññesu ca suttantesu abhidhamme ca teyeva diṭṭhāsavena saha catudhā āgatā.
MAIN002-S381,MAIN002,11343,11365,"Nibbedhikapariyāye – ‘‘atthi, bhikkhave, āsavā nirayagāminiyā, atthi āsavā tiracchānayonigāminiyā, atthi āsavā pettivisayagāminiyā, atthi āsavā manussalokagāminiyā, atthi āsavā devalokagāminiyā’’ti (a. ni. 6.63) pañcadhā āgatā."
MAIN002-S382,MAIN002,11366,11375,"Chakkanipāte – ‘‘atthi, bhikkhave, āsavā saṃvarā pahātabbā’’tiādinā nayena chadhā āgatā."
MAIN002-S383,MAIN002,11376,11383,Imasmiṃ pana sutte teyeva dassanāpahātabbehi saddhiṃ sattadhā āgatāti.
MAIN002-S384,MAIN002,11384,11390,Ayaṃ tāva āsavapade vacanattho ceva pabhedo ca.
MAIN002-S385,MAIN002,11391,11400,"Saṃvarapade pana saṃvarayatīti saṃvaro, pidahati nivāreti pavattituṃ na detīti attho."
MAIN002-S386,MAIN002,11401,11422,"Tathā hi ‘‘anujānāmi, bhikkhave, divā paṭisallīyantena dvāraṃ saṃvaritvā paṭisallīyitu’’nti (pārā. 77), ‘‘sotānaṃ saṃvaraṃbraūmi, paññāyete pidhīyare’’ti (su. ni. 1041) ca ādīsu pidhānaṭṭhena saṃvaramāha."
MAIN002-S387,MAIN002,11423,11430,Svāyaṃ saṃvaro pañcavidho hoti sīlasaṃvaro satiñāṇa khanti vīriyasaṃvaroti.
MAIN002-S388,MAIN002,11431,11438,Tattha ‘‘iminā pātimokkhasaṃvarena upeto’’ti (vibha. 511) ayaṃ sīlasaṃvaro.
MAIN002-S389,MAIN002,11439,11442,Pātimokkhasīlañhi ettha saṃvaroti vuttaṃ.
MAIN002-S390,MAIN002,11443,11448,‘‘Cakkhundriye saṃvaramāpajjatī’’tiādīsu (dī. ni. 1.213) satisaṃvaro.
MAIN002-S391,MAIN002,11449,11452,Sati hettha saṃvaroti vuttā.
MAIN002-S392,MAIN002,11453,11459,"‘‘Sotānaṃ saṃvaraṃ brūmi, paññāyete pidhīyare’’ti ayaṃ ñāṇasaṃvaro."
MAIN002-S393,MAIN002,11460,11465,Ñāṇañhettha pidhīyareti iminā pidhānaṭṭhena saṃvaroti vuttaṃ.
MAIN002-S394,MAIN002,11466,11479,"‘‘Khamo hoti sītassa…pe…, uppannaṃ kāmavitakkaṃ nādhivāsetī’’tiādinā (ma. ni. 1.24-26) pana nayena idheva khantivīriyasaṃvarā āgatā."
MAIN002-S395,MAIN002,11480,11486,Tesañca ‘‘sabbāsavasaṃvarapariyāya’’nti iminā uddesena saṅgahitattā saṃvarabhāvo veditabbo.
MAIN002-S396,MAIN002,11487,11496,"Apica pañcavidhopi ayaṃ saṃvaro idha āgatoyeva, tattha khantivīriyasaṃvarā tāva vuttāyeva."
MAIN002-S397,MAIN002,11497,11507,‘‘So tañca anāsanaṃ tañca agocara’’nti (ma. ni. 1.25) ayaṃ panettha sīlasaṃvaro.
MAIN002-S398,MAIN002,11508,11515,‘‘Paṭisaṅkhā yoniso cakkhundriyasaṃvarasaṃvuto’’ti (ma. ni. 1.22) ayaṃ satisaṃvaro.
MAIN002-S399,MAIN002,11516,11518,Sabbattha paṭisaṅkhā ñāṇasaṃvaro.
MAIN002-S400,MAIN002,11519,11525,Aggahitaggahaṇena pana dassanaṃ paṭisevanā bhāvanā ca ñāṇasaṃvaro.
MAIN002-S401,MAIN002,11526,11535,"Pariyāyanti etena dhammāti pariyāyo, uppattiṃ nirodhaṃ vā gacchantīti vuttaṃ hoti."
MAIN002-S402,MAIN002,11536,11543,"Ettāvatā ‘‘sabbāsavasaṃvarapariyāya’’nti ettha yaṃ vattabbaṃ, taṃ vuttaṃ hoti."
MAIN002-S403,MAIN002,11544,11549,15. Idāni jānato ahantiādīsu jānatoti jānantassa.
MAIN002-S404,MAIN002,11550,11551,Passatoti passantassa.
MAIN002-S405,MAIN002,11552,11556,"Dvepi padāni ekatthāni, byañjanameva nānaṃ."
MAIN002-S406,MAIN002,11557,11565,"Evaṃ santepi jānatoti ñāṇalakkhaṇaṃ upādāya puggalaṃ niddisati, jānanalakkhaṇañhi ñāṇaṃ."
MAIN002-S407,MAIN002,11566,11570,"Passatoti ñāṇappabhāvaṃ upādāya, passanappabhāvañhi ñāṇaṃ."
MAIN002-S408,MAIN002,11571,11580,Ñāṇasamaṅgī puggalo cakkhumā viya cakkhunā rūpāni ñāṇena vivaṭe dhamme passati.
MAIN002-S409,MAIN002,11581,11592,"Apica yonisomanasikāraṃ uppādetuṃ jānato, ayonisomanasikāro yathā na uppajjati, evaṃ passatoti ayamettha sāro."
MAIN002-S410,MAIN002,11593,11602,"Keci panācariyā bahū papañce bhaṇanti, te imasmiṃ atthe na yujjanti."
MAIN002-S411,MAIN002,11603,11622,"Āsavānaṃ khayanti āsavappahānaṃ āsavānaṃ accantakkhayasamuppādaṃ khīṇākāraṃ natthibhāvanti ayameva hi imasmiñca sutte, ‘‘āsavānaṃ khayā anāsavaṃ cetovimutti’’ntiādīsu (ma. ni. 1.438) ca āsavakkhayattho."
MAIN002-S412,MAIN002,11623,11627,Aññattha pana maggaphalanibbānānipi āsavakkhayoti vuccanti.
MAIN002-S413,MAIN002,11628,11654,"Tathā hi – ‘‘Sekhassa sikkhamānassa, ujumaggānusārino; Khayasmiṃ paṭhamaṃ ñāṇaṃ, tato aññā anantarā’’ti. (itivu. 62) – Ādīsu maggo āsavakkhayoti vutto, ‘‘Āsavānaṃ khayā samaṇo hotī’’tiādīsu (ma. ni. 1.438) phalaṃ."
MAIN002-S414,MAIN002,11655,11671,"‘‘Paravajjānupassissa, niccaṃ ujjhānasaññino; Āsavā tassa vaḍḍhanti, ārā so āsavakkhayā’’ti. (dha. pa. 253) – Ādīsu nibbānaṃ ‘‘āsavakkhayo’’ti vuttaṃ."
MAIN002-S415,MAIN002,11672,11685,"No ajānato no apassatoti yo pana na jānāti na passati, tassa no vadāmīti attho."
MAIN002-S416,MAIN002,11686,11695,"Etena ye ajānato apassatopi saṃvarādīhiyeva suddhiṃ vadanti, te paṭikkhittā honti."
MAIN002-S417,MAIN002,11696,11702,"Purimena vā padadvayena upāyo vutto, iminā anupāyapaṭisedho."
MAIN002-S418,MAIN002,11703,11708,Saṅkhepena cettha ñāṇaṃ āsavasaṃvarapariyāyoti dassitaṃ hoti.
MAIN002-S419,MAIN002,11709,11724,"Idāni yaṃ jānato āsavānaṃ khayo hoti, taṃ dassetukāmo kiñca, bhikkhave, jānatoti pucchaṃ ārabhi, tattha jānanā bahuvidhā."
MAIN002-S420,MAIN002,11725,11749,"Dabbajātiko eva hi koci bhikkhu chattaṃ kātuṃ jānāti, koci cīvarādīnaṃ aññataraṃ, tassa īdisāni kammāni vattasīse ṭhatvā karontassa sā jānanā maggaphalānaṃ padaṭṭhānaṃ na hotīti na vattabbā."
MAIN002-S421,MAIN002,11750,11777,"Yo pana sāsane pabbajitvā vejjakammādīni kātuṃ jānāti, tassevaṃ jānato āsavā vaḍḍhantiyeva, tasmā yaṃ jānato passato ca āsavānaṃ khayo hoti, tadeva dassento āha yoniso ca manasikāraṃ ayoniso ca manasikāranti."
MAIN002-S422,MAIN002,11778,11800,"Tattha yoniso manasikāro nāma upāyamanasikāro pathamanasikāro, aniccādīsu aniccanti ādinā eva nayena saccānulomikena vā cittassa āvaṭṭanā anvāvaṭṭanā ābhogo samannāhāro manasikāro, ayaṃ vuccati yoniso manasikāroti."
MAIN002-S423,MAIN002,11801,11804,Ayoniso manasikāroti anupāyamanasikāro uppathamanasikāro.
MAIN002-S424,MAIN002,11805,11815,Anicce niccanti dukkhe sukhanti anattani attāti asubhe subhanti ayoniso manasikāro uppathamanasikāro.
MAIN002-S425,MAIN002,11816,11827,"Saccappaṭikulena vā cittassa āvaṭṭanā anvāvaṭṭanā ābhogo samannāhāro manasikāro, ayaṃ vuccati ayoniso manasikāroti."
MAIN002-S426,MAIN002,11828,11843,"Evaṃ yoniso manasikāraṃ uppādetuṃ jānato, ayoniso manasikāro ca yathā na uppajjati, evaṃ passato āsavānaṃ khayo hoti."
MAIN002-S427,MAIN002,11844,11851,"Idāni imassevatthassa yuttiṃ dassento āha ayoniso, bhikkhave…pe… pahīyantīti."
MAIN002-S428,MAIN002,11852,11883,"Tena kiṃ vuttaṃ hoti, yasmā ayoniso manasikaroto āsavā uppajjanti, yoniso manasikaroto pahīyanti, tasmā jānitabbaṃ yoniso manasikāraṃ uppādetuṃ jānato, ayoniso manasikāro ca yathā na uppajjati, evaṃ passato āsavānaṃ khayo hotīti, ayaṃ tāvettha saṅkhepavaṇṇanā."
MAIN002-S429,MAIN002,11884,11898,Ayaṃ pana vitthāro – tattha ‘‘yoniso ayoniso’’ti imehi tāva dvīhi padehi ābaddhaṃ hoti upari sakalasuttaṃ.
MAIN002-S430,MAIN002,11899,11903,Vaṭṭavivaṭṭavasena hi upari sakalasuttaṃ vuttaṃ.
MAIN002-S431,MAIN002,11904,11909,"Ayoniso manasikāramūlakañca vaṭṭaṃ, yoniso manasikāramūlakañca vivaṭṭaṃ."
MAIN002-S432,MAIN002,11910,11919,Kathaṃ? Ayoniso manasikāro hi vaḍḍhamāno dve dhamme paripūreti avijjañca bhavataṇhañca.
MAIN002-S433,MAIN002,11920,11927,Avijjāya ca sati ‘‘avijjāpaccayā saṅkhārā…pe… dukkhakkhandhassa samudayo hoti.
MAIN002-S434,MAIN002,11928,11933,Taṇhāya sati taṇhāpaccayā upādānaṃ…pe… samudayo hotī’’ti.
MAIN002-S435,MAIN002,11934,11957,"Evaṃ ayaṃ ayoniso manasikārabahulo puggalo vātavegābhighātena vippanaṭṭhanāvā viya gaṅgāvaṭṭe patitagokulaṃ viya cakkayante yuttabalibaddo viya ca punappunaṃ bhavayonigativiññāṇaṭṭhitisattāvāsesu āvaṭṭaparivaṭṭaṃ karoti, evaṃ tāva ayoniso manasikāramūlakaṃ vaṭṭaṃ."
MAIN002-S436,MAIN002,11958,11983,"Yoniso manasikāro pana vaḍḍhamāno – ‘‘yoniso manasikārasampannassetaṃ, bhikkhave, bhikkhuno pāṭikaṅkhaṃ, ariyaṃ aṭṭhaṅgikaṃ maggaṃ bhāvessati, ariyaṃ aṭṭhaṅgikaṃ maggaṃ bahulīkarissatī’’ti (saṃ. ni. 5.55) vacanato sammādiṭṭhipamukhaṃ aṭṭhaṅgikaṃ maggaṃ paripūreti."
MAIN002-S437,MAIN002,11984,12006,"Yā ca sammādiṭṭhi, sā vijjāti tassa vijjuppādā avijjānirodho, ‘‘avijjānirodhā saṅkhāranirodho…pe… evaṃ etassa kevalassa dukkhakkhandhassa nirodho hotī’’ti (mahāva. 1) evaṃ yoniso manasikāramūlakaṃ vivaṭṭaṃ veditabbaṃ."
MAIN002-S438,MAIN002,12007,12014,Evaṃ imehi dvīhi padehi ābaddhaṃ hoti upari sakalasuttaṃ.
MAIN002-S439,MAIN002,12015,12026,Evaṃ ābaddhe cettha yasmā pubbe āsavappahānaṃ dassetvā pacchā uppatti vuccamānā na yujjati.
MAIN002-S440,MAIN002,12027,12031,Na hi pahīnā puna uppajjanti.
MAIN002-S441,MAIN002,12032,12040,"Uppannānaṃ pana pahānaṃ yujjati, tasmā uddesapaṭilomatopi ‘‘ayoniso, bhikkhave, manasikaroto’’tiādimāha."
MAIN002-S442,MAIN002,12041,12047,Tattha ayoniso manasikarototi vuttappakāraṃ ayoniso manasikāraṃ uppādayato.
MAIN002-S443,MAIN002,12048,12095,"Anuppannā ceva āsavā uppajjantīti ettha ye pubbe appaṭiladdhapubbaṃ cīvarādiṃ vā paccayaṃ upaṭṭhākasaddhivihārikaantevāsikānaṃ vā aññataraṃ manuññaṃ vatthuṃ paṭilabhitvā, taṃ subhaṃ sukhanti ayoniso manasikaroto, aññataraññataraṃ vā pana ananubhūtapubbaṃ ārammaṇaṃ yathā vā tathā vā ayoniso manasikaroto āsavā uppajjanti, te anuppannā uppajjantīti veditabbā, aññathā hi anamatagge saṃsāre anuppannā nāma āsavā na santi."
MAIN002-S444,MAIN002,12096,12117,"Anubhūtapubbepi ca vatthumhi ārammaṇe vā yassa pakatisuddhiyā vā uddesaparipucchāpariyattinavakammayonisomanasikārānaṃ vā aññataravasena pubbe anuppajjitvā pacchā tādisena paccayena sahasā uppajjanti, imepi anuppannā uppajjantīti veditabbā."
MAIN002-S445,MAIN002,12118,12125,Tesuyeva pana vatthārammaṇesu punappunaṃ uppajjamānā uppannā pavaḍḍhantīti vuccanti.
MAIN002-S446,MAIN002,12126,12132,Ito aññathā hi paṭhamuppannānaṃ vaḍḍhi nāma natthi.
MAIN002-S447,MAIN002,12133,12166,"Yoniso ca kho, bhikkhaveti ettha pana yassa pakatisuddhiyā vā seyyathāpi āyasmato mahākassapassa bhaddāya ca kāpilāniyā, uddesaparipucchādīhi vā kāraṇehi āsavā nuppajjanti, so ca jānāti ‘‘na kho me āsavā maggena samugghātaṃ gatā, handa nesaṃ samugghātāya paṭipajjāmī’’ti."
MAIN002-S448,MAIN002,12167,12170,Tato maggabhāvanāya sabbe samugghāteti.
MAIN002-S449,MAIN002,12171,12177,Tassa te āsavā anuppannā na uppajjantīti vuccanti.
MAIN002-S450,MAIN002,12178,12198,"Yassa pana kārakasseva sato satisammosena sahasā āsavā uppajjanti, tato saṃvegamāpajjitvā yoniso padahanto te āsave samucchindati, tassa uppannā pahīyantīti vuccanti maṇḍalārāmavāsīmahātissabhūtattherassa viya."
MAIN002-S451,MAIN002,12199,12217,"So kira tasmiṃyeva vihāre uddesaṃ gaṇhāti, athassa gāme piṇḍāya carato visabhāgārammaṇe kileso uppajji, so taṃ vipassanāya vikkhambhetvā vihāraṃ agamāsi."
MAIN002-S452,MAIN002,12218,12223,Tassa supinantepi taṃ ārammaṇaṃ na upaṭṭhāsi.
MAIN002-S453,MAIN002,12224,12254,So ‘‘ayaṃ kileso vaḍḍhitvā apāyasaṃvattaniko hotī’’ti saṃvegaṃ janetvā ācariyaṃ āpucchitvā vihārā nikkhamma mahāsaṅgharakkhitattherassa santike rāgapaṭipakkhaṃ asubhakammaṭṭhānaṃ gahetvā gumbantaraṃ pavisitvā paṃsukūlacīvaraṃ santharitvā nisajja anāgāmimaggena pañcakāmaguṇikarāgaṃ chinditvā uṭṭhāya ācariyaṃ vanditvā punadivase uddesamaggaṃ pāpuṇi.
MAIN002-S454,MAIN002,12255,12262,"Ye pana vattamānuppannā, tesaṃ paṭipattiyā pahānaṃ nāma natthi."
MAIN002-S455,MAIN002,12263,12291,"16. Idāni ‘‘uppannā ca āsavā pahīyantī’’ti idameva padaṃ gahetvā ye te āsavā pahīyanti, tesaṃ nānappakārato aññampi pahānakāraṇaṃ āvikātuṃ desanaṃ vitthārento atthi, bhikkhave, āsavā dassanā pahātabbātiādimāha yathā taṃ desanāpabhedakusalo dhammarājā."
MAIN002-S456,MAIN002,12292,12296,Tattha dassanā pahātabbāti dassanena pahātabbā.
MAIN002-S457,MAIN002,12297,12299,Esa nayo sabbattha.
MAIN002-S458,MAIN002,12300,12300,Dassanāpahātabbaāsavavaṇṇanā
MAIN002-S459,MAIN002,12301,12323,"17. Idāni tāni padāni anupubbato byākātukāmo ‘‘katame ca, bhikkhave, āsavā dassanā pahātabbā’’ti pucchaṃ katvā mūlapariyāyavaṇṇanāyaṃ vuttanayeneva ‘‘idha, bhikkhave, assutavā puthujjano’’ti puggalādhiṭṭhānaṃ desanaṃ ārabhi."
MAIN002-S460,MAIN002,12324,12332,Tattha manasikaraṇīye dhamme nappajānātīti āvajjitabbe samannāharitabbe dhamme na pajānāti.
MAIN002-S461,MAIN002,12333,12334,Amanasikaraṇīyeti tabbiparīte.
MAIN002-S462,MAIN002,12335,12337,Esa nayo sesapadesupi.
MAIN002-S463,MAIN002,12338,12350,"Yasmā pana ime dhammā manasikaraṇīyā, ime amanasikaraṇīyāti dhammato niyamo natthi, ākārato pana atthi."
MAIN002-S464,MAIN002,12351,12358,"Yenā ākārena manasikariyamānā akusaluppattipadaṭṭhānā honti, tenākārena na manasikātabbā."
MAIN002-S465,MAIN002,12359,12363,"Yena kusaluppattipadaṭṭhānā honti, tenākārena manasikātabbā."
MAIN002-S466,MAIN002,12364,12371,"Tasmā ‘‘ya’ssa, bhikkhave, dhamme manasikaroto anuppanno vā kāmāsavo’’tiādimāha."
MAIN002-S467,MAIN002,12372,12377,Tattha ya’ssāti ye assa assutavato puthujjanassa.
MAIN002-S468,MAIN002,12378,12380,Manasikarototi āvajjayato samannāharantassa.
MAIN002-S469,MAIN002,12381,12388,"Anuppanno vā kāmāsavoti ettha samuccayattho vāsaddo, na vikappattho."
MAIN002-S470,MAIN002,12389,12453,"Tasmā yathā ‘‘yāvatā, bhikkhave, sattā apadā vā dvipadā vā…pe… tathāgato tesaṃ aggamakkhāyatī’’ti (itivu. 90) vutte apadā ca dvipadā cāti attho, yathā ca ‘‘bhūtānaṃ vā sattānaṃ ṭhitiyā sambhavesīnaṃ vā anuggahāyā’’ti (ma. ni. 1.402) vutte bhūtānañca sambhavesīnañcāti attho, yathā ca ‘‘aggito vā udakato vā mithubhedato vā’’ti (udā. 76) vutte aggito ca udakato ca mithubhedato cāti attho, evamidhāpi anuppanno ca kāmāsavo uppajjati, uppanno ca kāmāsavo pavaḍḍhatīti attho daṭṭhabbo."
MAIN002-S471,MAIN002,12454,12455,Evaṃ sesesu.
MAIN002-S472,MAIN002,12456,12460,Ettha ca kāmāsavoti pañcakāmaguṇiko rāgo.
MAIN002-S473,MAIN002,12461,12466,"Bhavāsavoti rupārūpabhave chandarāgo, jhānanikanti ca sassatucchedadiṭṭhisahagatā."
MAIN002-S474,MAIN002,12467,12472,Evaṃ diṭṭhāsavopi bhavāsave eva samodhānaṃ gacchati.
MAIN002-S475,MAIN002,12473,12476,Avijjāsavoti catūsu saccesu aññāṇaṃ.
MAIN002-S476,MAIN002,12477,12487,"Tattha kāmaguṇe assādato manasikaroto anuppanno ca kāmāsavo uppajjati, uppanno ca pavaḍḍhati."
MAIN002-S477,MAIN002,12488,12497,"Mahaggatadhamme assādato manasikaroto anuppanno ca bhavāsavo uppajjati, uppanno ca pavaḍḍhati."
MAIN002-S478,MAIN002,12498,12510,"Tīsu bhūmīsu dhamme catuvipallāsapadaṭṭhānabhāvena manasikaroto anuppanno ca avijjāsavo uppajjati, uppanno ca pavaḍḍhatīti veditabbo."
MAIN002-S479,MAIN002,12511,12513,Vuttanayapaccanīkato sukkapakkho vitthāretabbo.
MAIN002-S480,MAIN002,12514,12520,Kasmā pana tayo eva āsavā idha vuttāti.
MAIN002-S481,MAIN002,12521,12521,Vimokkhapaṭipakkhato.
MAIN002-S482,MAIN002,12522,12524,"Appaṇihitavimokkhapaṭipakkho hi kāmāsavo,."
MAIN002-S483,MAIN002,12525,12526,Animittasuññatavimokkhapaṭipakkhā itare.
MAIN002-S484,MAIN002,12527,12543,"Tasmā ime tayo āsave uppādentā tiṇṇaṃ vimokkhānaṃ abhāgino honti, anuppādentā bhāginoti etamatthaṃ dassentena tayo eva vuttāti veditabbā."
MAIN002-S485,MAIN002,12544,12549,Diṭṭhāsavopi vā ettha vutto yevāti vaṇṇitametaṃ.
MAIN002-S486,MAIN002,12550,12562,"Tassa amanasikaraṇīyānaṃ dhammānaṃ manasikārāti manasikārahetu, yasmā te dhamme manasi karoti, tasmāti vuttaṃ hoti."
MAIN002-S487,MAIN002,12563,12565,Esa nayo dutiyapadepi.
MAIN002-S488,MAIN002,12566,12577,"‘‘Anuppannā ceva āsavā uppajjanti, uppannā ca āsavā pavaḍḍhantī’’ti heṭṭhā vuttaāsavānaṃyeva abhedato nigamanametaṃ."
MAIN002-S489,MAIN002,12578,12626,"18. Ettāvatā yo ayaṃ puggalādhiṭṭhānāya desanāya dassanā pahātabbe āsave niddisituṃ assutavā puthujjano vutto, so yasmā ‘‘ayoniso, bhikkhave, manasikaroto anuppannā ceva āsavā uppajjantī’’ti evaṃ sāmaññato vuttānaṃ ayoniso manasikārapaccayānaṃ kāmāsavādīnampi adhiṭṭhānaṃ, tasmā tepi āsave teneva puggalena dassetvā idāni dassanā pahātabbe āsave dassento so evaṃ ayoniso manasi karoti, ahosiṃ nu kho ahantiādimāha."
MAIN002-S490,MAIN002,12627,12633,Vicikicchāsīsena cettha diṭṭhāsavampi dassetuṃ imaṃ desanaṃ ārabhi.
MAIN002-S491,MAIN002,12634,12655,"Tassattho, yassa te iminā vuttanayena āsavā uppajjanti, so puthujjano, yo cāyaṃ ‘‘assutavā’’tiādinā nayena vutto, so puthujjano evaṃ ayoniso anupāyena uppathena manasi karoti."
MAIN002-S492,MAIN002,12656,12662,Kathaṃ? Ahosiṃ nu kho…pe…so kuhiṃ gāmī bhavissatīti.
MAIN002-S493,MAIN002,12663,12680,"Kiṃ vuttaṃ hoti, so evaṃ ayoniso manasi karoti, yathāssa ‘‘ahaṃ ahosiṃ nu kho’’tiādinā nayena vuttā soḷasavidhāpi vicikicchā uppajjatīti."
MAIN002-S494,MAIN002,12681,12694,Tattha ahosiṃ nu kho nanu khoti sassatākārañca adhiccasamuppattiākārañca nissāya atīte attano vijjamānataṃ avijjamānatañca kaṅkhati.
MAIN002-S495,MAIN002,12695,12698,Kiṃ kāraṇanti na vattabbaṃ.
MAIN002-S496,MAIN002,12699,12707,Ummattako viya hi bālaputhujjano yathā vā tathā vā pavattati.
MAIN002-S497,MAIN002,12708,12711,Apica ayoniso manasikāroyevettha kāraṇaṃ.
MAIN002-S498,MAIN002,12712,12717,Evaṃ ayoniso manasikārassa pana kiṃ kāraṇanti.
MAIN002-S499,MAIN002,12718,12722,Sveva puthujjanabhāvo ariyānaṃ adassanādīni vā.
MAIN002-S500,MAIN002,12723,12728,Nanu ca puthujjanopi yoniso manasi karotīti.
MAIN002-S501,MAIN002,12729,12734,Ko vā evamāha na manasi karotīti.
MAIN002-S502,MAIN002,12735,12742,"Na pana tattha puthujjanabhāvo kāraṇaṃ, saddhammassavanakalyāṇamittādīni tattha kāraṇāni."
MAIN002-S503,MAIN002,12743,12753,"Na hi macchamaṃsādīni attano attano pakatiyā sugandhāni, abhisaṅkhārapaccayā pana sugandhānipi honti."
MAIN002-S504,MAIN002,12754,12766,"Kiṃ nu kho ahosinti jātiliṅgūpapattiyo nissāya khattiyo nu kho ahosiṃ, brāhmaṇavessasuddagahaṭṭhapabbajitadevamanussānaṃ aññataroti kaṅkhati."
MAIN002-S505,MAIN002,12767,12778,"Kathaṃ nu khoti saṇṭhānākāraṃ nissāya dīgho nu kho ahosiṃ, rassaodātakaṇhappamāṇikaappamāṇikādīnaṃ aññataroti kaṅkhati."
MAIN002-S506,MAIN002,12779,12790,Keci pana issaranimmānādiṃ nissāya kena nu kho kāraṇena ahosinti hetuto kaṅkhatīti vadanti.
MAIN002-S507,MAIN002,12791,12808,Kiṃ hutvā kiṃ ahosinti jātiādīni nissāya khattiyo hutvā nu kho brāhmaṇo ahosiṃ…pe… devo hutvā manussoti attano paramparaṃ kaṅkhati.
MAIN002-S508,MAIN002,12809,12812,Sabbattheva pana addhānanti kālādhivacanametaṃ.
MAIN002-S509,MAIN002,12813,12825,Bhavissāmi nu kho nanu khoti sassatākārañca ucchedākārañca nissāya anāgate attano vijjamānataṃ avijjamānatañca kaṅkhati.
MAIN002-S510,MAIN002,12826,12827,Sesamettha vuttanayameva.
MAIN002-S511,MAIN002,12828,12839,Etarahi vā paccuppannamaddhānanti idāni vā paṭisandhiṃ ādiṃ katvā cutipariyantaṃ sabbampi vattamānakālaṃ gahetvā.
MAIN002-S512,MAIN002,12840,12846,Ajjhattaṃ kathaṃkathī hotīti attano khandhesu vicikiccho hoti.
MAIN002-S513,MAIN002,12847,12852,Ahaṃ nu khosmīti attano atthibhāvaṃ kaṅkhati.
MAIN002-S514,MAIN002,12853,12859,Yuttaṃ panetanti? Yuttaṃ ayuttanti kā ettha cintā.
MAIN002-S515,MAIN002,12860,12863,Apicettha idaṃ vatthumpi udāharanti.
MAIN002-S516,MAIN002,12864,12873,"Cūḷamātāya kira putto muṇḍo, mahāmātāya putto amuṇḍo, taṃ puttaṃ muṇḍesuṃ."
MAIN002-S517,MAIN002,12874,12881,So uṭṭhāya ahaṃ nu kho cūḷamātāya puttoti cintesi.
MAIN002-S518,MAIN002,12882,12887,Evaṃ ahaṃ nu khosmīti kaṅkhā hoti.
MAIN002-S519,MAIN002,12888,12893,No nu khosmīti attano natthibhāvaṃ kaṅkhati.
MAIN002-S520,MAIN002,12894,12909,Tatrāpi idaṃ vatthu – eko kira macche gaṇhanto udake ciraṭṭhānena sītibhūtaṃ attano ūruṃ macchoti cintetvā pahari.
MAIN002-S521,MAIN002,12910,12916,Aparo susānapasse khettaṃ rakkhanto bhīto saṅkuṭito sayi.
MAIN002-S522,MAIN002,12917,12924,So paṭibujjhitvā attano jaṇṇukāni dve yakkhāti cintetvā pahari.
MAIN002-S523,MAIN002,12925,12929,Evaṃ no nu khosmīti kaṅkhati.
MAIN002-S524,MAIN002,12930,12937,Kiṃ nu khosmīti khattiyova samāno attano khattiyabhāvaṃ kaṅkhati.
MAIN002-S525,MAIN002,12938,12940,Esa nayo sesesu.
MAIN002-S526,MAIN002,12941,12947,Devo pana samāno devabhāvaṃ ajānanto nāma natthi.
MAIN002-S527,MAIN002,12948,12958,Sopi pana ‘‘ahaṃ rūpī nu kho arūpī nu kho’’tiādinā nayena kaṅkhati.
MAIN002-S528,MAIN002,12959,12963,Khattiyādayo kasmā na jānantīti ce.
MAIN002-S529,MAIN002,12964,12969,Apaccakkhā tesaṃ tattha tattha kule uppatti.
MAIN002-S530,MAIN002,12970,12973,Gahaṭṭhāpi ca potthalikādayo pabbajitasaññino.
MAIN002-S531,MAIN002,12974,12981,Pabbajitāpi ‘‘kuppaṃ nu kho me kamma’’ntiādinā nayena gahaṭṭhasaññino.
MAIN002-S532,MAIN002,12982,12988,Manussāpi ca rājāno viya attani devasaññino honti.
MAIN002-S533,MAIN002,12989,12992,Kathaṃ nu khosmīti vuttanayameva.
MAIN002-S534,MAIN002,12993,13012,"Kevalañcettha abbhantare jīvo nāma atthīti gahetvā tassa saṇṭhānākāraṃ nissāya dīgho nu khosmi, rassacaturaṃsachaḷaṃsaaṭṭhaṃsasoḷasaṃsādīnaṃ aññatarappakāroti kaṅkhanto kathaṃ nu khosmīti kaṅkhatīti veditabbo."
MAIN002-S535,MAIN002,13013,13018,Sarīrasaṇṭhānaṃ pana paccuppannaṃ ajānanto nāma natthi.
MAIN002-S536,MAIN002,13019,13027,"Kuto āgato, so kuhiṃ gāmī bhavissatīti attabhāvassa āgatigatiṭṭhānaṃ kaṅkhati."
MAIN002-S537,MAIN002,13028,13041,19. Evaṃ soḷasappabhedaṃ vicikicchaṃ dassetvā idāni yaṃ iminā vicikicchāsīsena diṭṭhāsavaṃ dassetuṃ ayaṃ desanā āraddhā.
MAIN002-S538,MAIN002,13042,13049,Taṃ dassento tassa evaṃ ayoniso manasikaroto channaṃ diṭṭhīnantiādimāha.
MAIN002-S539,MAIN002,13050,13071,"Tattha tassa puggalassa yathā ayaṃ vicikicchā uppajjati, evaṃ ayoniso manasikaroto tasseva savicikicchassa ayoniso manasikārassa thāmagatattā channaṃ diṭṭhīnaṃ aññatarā diṭṭhi uppajjatīti vuttaṃ hoti."
MAIN002-S540,MAIN002,13072,13083,"Tattha sabbapadesu vāsaddo vikappattho, evaṃ vā evaṃ vā diṭṭhi uppajjatīti vuttaṃ hoti."
MAIN002-S541,MAIN002,13084,13092,Atthi me attāti cettha sassatadiṭṭhi sabbakālesu attano atthitaṃ gaṇhāti.
MAIN002-S542,MAIN002,13093,13105,"Saccato thetatoti bhūtato ca thirato ca, ‘‘idaṃ sacca’’nti bhūtato suṭṭhu daḷhabhāvenāti vuttaṃ hoti."
MAIN002-S543,MAIN002,13106,13116,"Natthi me attāti ayaṃ pana ucchedadiṭṭhi, sato sattassa tattha tattha vibhavaggahaṇato."
MAIN002-S544,MAIN002,13117,13128,"Atha vā purimāpi tīsu kālesu atthīti gahaṇato sassatadiṭṭhi, paccuppannameva atthīti gaṇhanto ucchedadiṭṭhi."
MAIN002-S545,MAIN002,13129,13136,"Pacchimāpi atītānāgatesu natthīti gahaṇato bhasmantāhutiyoti gahitadiṭṭhikānaṃ viya, ucchedadiṭṭhi."
MAIN002-S546,MAIN002,13137,13142,Atīte eva natthīti gaṇhanto adhiccasamuppattikasseva sassatadiṭṭhi.
MAIN002-S547,MAIN002,13143,13158,Attanāva attānaṃ sañjānāmīti saññākkhandhasīsena khandhe attāti gahetvā saññāya avasesakkhandhe sañjānato iminā attanā imaṃ attānaṃ sañjānāmīti hoti.
MAIN002-S548,MAIN002,13159,13172,"Attanāva anattānanti saññākkhandhaṃyeva attāti gahetvā, itare cattāropi anattāti gahetvā saññāya tesaṃ jānato evaṃ hoti."
MAIN002-S549,MAIN002,13173,13176,Anattanāva attānanti saññākkhandhaṃ anattāti.
MAIN002-S550,MAIN002,13177,13187,"Itare cattāro attāti gahetvā saññāya tesaṃ jānato evaṃ hoti, sabbāpi sassatucchedadiṭṭhiyova."
MAIN002-S551,MAIN002,13188,13193,Vado vedeyyotiādayo pana sassatadiṭṭhiyā eva abhinivesākārā.
MAIN002-S552,MAIN002,13194,13200,"Tattha vadatīti vado, vacīkammassa kārakoti vuttaṃ hoti."
MAIN002-S553,MAIN002,13201,13207,"Vedayatīti vedeyyo, jānāti anubhavati cāti vuttaṃ hoti."
MAIN002-S554,MAIN002,13208,13215,"Kiṃ vedetīti, tatra tatra kalyāṇapāpakānaṃ kammānaṃ vipākaṃ paṭisaṃvedeti."
MAIN002-S555,MAIN002,13216,13222,Tatra tatrāti tesu tesu yonigatiṭṭhitinivāsanikāyesu ārammaṇesu vā.
MAIN002-S556,MAIN002,13223,13224,Niccoti uppādavayarahito.
MAIN002-S557,MAIN002,13225,13227,Dhuvoti thiro sārabhūto.
MAIN002-S558,MAIN002,13228,13229,Sassatoti sabbakāliko.
MAIN002-S559,MAIN002,13230,13237,"Avipariṇāmadhammoti attano pakatibhāvaṃ avijahanadhammo, kakaṇṭako viya nānappakārataṃ nāpajjati."
MAIN002-S560,MAIN002,13238,13242,Sassatisamanti candasūriyasamuddamahāpathavīpabbatā lokavohārena sassatiyoti vuccanti.
MAIN002-S561,MAIN002,13243,13245,Sassatīhi samaṃ sassatisamaṃ.
MAIN002-S562,MAIN002,13246,13254,"Yāva sassatiyo tiṭṭhanti, tāva tatheva ṭhassatīti gaṇhato evaṃdiṭṭhi hoti."
MAIN002-S563,MAIN002,13255,13258,"Idaṃ vuccati, bhikkhave, diṭṭhigatantiādīsu."
MAIN002-S564,MAIN002,13259,13262,Idanti idāni vattabbassa paccakkhanidassanaṃ.
MAIN002-S565,MAIN002,13263,13268,"Diṭṭhigatasambandhena ca idanti vuttaṃ, na diṭṭhisambandhena."
MAIN002-S566,MAIN002,13269,13274,"Ettha ca diṭṭhiyeva diṭṭhigataṃ, gūthagataṃ viya."
MAIN002-S567,MAIN002,13275,13280,Diṭṭhīsu vā gatamidaṃ dassanaṃ dvāsaṭṭhidiṭṭhiantogadhattātipi diṭṭhigataṃ.
MAIN002-S568,MAIN002,13281,13284,Diṭṭhiyā vā gataṃ diṭṭhigataṃ.
MAIN002-S569,MAIN002,13285,13298,"Idañhi atthi me attātiādi diṭṭhiyā gamanamattameva, natthettha attā vā nicco vā kocīti vuttaṃ hoti."
MAIN002-S570,MAIN002,13299,13303,Sā cāyaṃ diṭṭhi dunniggamanaṭṭhena gahanaṃ.
MAIN002-S571,MAIN002,13304,13309,"Duratikkamaṭṭhena sappaṭibhayaṭṭhena ca kantāro, dubbhikkhakantāravāḷakantārādayo viya."
MAIN002-S572,MAIN002,13310,13314,Sammādiṭṭhiyā vinivijjhanaṭṭhena vilomanaṭṭhena vā visūkaṃ.
MAIN002-S573,MAIN002,13315,13322,"Kadāci sassatassa, kadāci ucchedassa gahaṇato virūpaṃ phanditanti vipphanditaṃ."
MAIN002-S574,MAIN002,13323,13324,Bandhanaṭṭhena saṃyojanaṃ.
MAIN002-S575,MAIN002,13325,13327,Tenāha ‘‘diṭṭhigahanaṃ…pe… diṭṭhisaṃyojana’’nti.
MAIN002-S576,MAIN002,13328,13332,Idānissa tameva bandhanatthaṃ dassento diṭṭhisaṃyojanasaṃyuttotiādimāha.
MAIN002-S577,MAIN002,13333,13334,Tassāyaṃ saṅkhepattho.
MAIN002-S578,MAIN002,13335,13342,Iminā diṭṭhisaṃyojanena saṃyutto puthujjano etehi jātiādīhi na parimuccatīti.
MAIN002-S579,MAIN002,13343,13348,"Kiṃ vā bahunā, sakalavaṭṭadukkhatopi na muccatīti."
MAIN002-S580,MAIN002,13349,13358,20. Evaṃ chappabhedaṃ diṭṭhāsavaṃ dassetvā yasmā sīlabbataparāmāso kāmāsavādivacaneneva dassito hoti.
MAIN002-S581,MAIN002,13359,13405,"Kāmasukhatthañhi bhavasukhabhavavisuddhiatthañca avijjāya abhibhūtā ito bahiddhā samaṇabrāhmaṇā sīlabbatāni parāmasanti, tasmā taṃ adassetvā diṭṭhiggahaṇena vā tassa gahitattāpi taṃ adassetvāva idāni yo puggalo dassanā pahātabbe āsave pajahati, taṃ dassetvā tesaṃ āsavānaṃ pahānaṃ dassetuṃ pubbe vā ayoniso manasikaroto puthujjanassa tesaṃ uppattiṃ dassetvā idāni tabbiparītassa pahānaṃ dassetuṃ sutavā ca kho, bhikkhavetiādimāha."
MAIN002-S582,MAIN002,13406,13418,"Tassattho, yāva ‘‘so idaṃ dukkha’’nti āgacchati, tāva heṭṭhā vuttanayena ca vuttapaccanīkato ca veditabbo."
MAIN002-S583,MAIN002,13419,13431,Paccanīkato ca sabbākārena ariyadhammassa akovidāvinītapaccanīkato ayaṃ ‘‘sutavā ariyasāvako ariyadhammassa kovido ariyadhamme suvinīto’’ti veditabbo.
MAIN002-S584,MAIN002,13432,13443,"Apica kho sikhāpattavipassanato pabhuti yāva gotrabhu, tāva tadanurūpena atthena ayaṃ ariyasāvakoti veditabbo."
MAIN002-S585,MAIN002,13444,13490,"21. ‘‘So idaṃ dukkhanti yoniso manasi karotī’’tiādīsu pana ayaṃ atthavibhāvanā, so catusaccakammaṭṭhāniko ariyasāvako taṇhāvajjā tebhūmakā khandhā dukkhaṃ, taṇhā dukkhasamudayo, ubhinnaṃ appavatti nirodho, nirodhasampāpako maggoti evaṃ pubbeva ācariyasantike uggahitacatusaccakammaṭṭhāno aparena samayena vipassanāmaggaṃ samāruḷho samāno te tebhūmake khandhe idaṃ dukkhanti yoniso manasi karoti, upāyena pathena samannāharati ceva vipassati ca."
MAIN002-S586,MAIN002,13491,13498,"Ettha hi yāva sotāpattimaggo, tāva manasikārasīseneva vipassanā vuttā."
MAIN002-S587,MAIN002,13499,13510,"Yā panāyaṃ tasseva dukkhassa samuṭṭhāpikā pabhāvikā taṇhā, ayaṃ samudayoti yoniso manasi karoti."
MAIN002-S588,MAIN002,13511,13529,"Yasmā pana dukkhañca samudayo ca idaṃ ṭhānaṃ patvā nirujjhanti nappavattanti, tasmā yadidaṃ nibbānaṃ nāma, ayaṃ dukkhanirodhoti yoniso manasi karoti."
MAIN002-S589,MAIN002,13530,13544,"Nirodhasampāpakaṃ aṭṭhaṅgikaṃ maggaṃ ayaṃ dukkhanirodhagāminī paṭipadāti yoniso manasi karoti, upāyena pathena samannāharati ceva vipassati ca."
MAIN002-S590,MAIN002,13545,13552,"Tatrāyaṃ upāyo, abhiniveso nāma vaṭṭe hoti, vivaṭṭe natthi."
MAIN002-S591,MAIN002,13553,13570,"Tasmā ‘‘ayaṃ atthi imasmiṃ kāye pathavīdhātu, āpodhātū’’tiādinā nayena sakasantatiyaṃ cattāri bhūtāni tadanusārena upādārūpāni ca pariggahetvā ayaṃ rūpakkhandhoti vavatthapeti."
MAIN002-S592,MAIN002,13571,13580,Taṃ vavatthāpayato uppanne tadārammaṇe cittacetasike dhamme ime cattāro arūpakkhandhāti vavatthapeti.
MAIN002-S593,MAIN002,13581,13585,Tato ime pañcakkhandhā dukkhanti vavatthapeti.
MAIN002-S594,MAIN002,13586,13593,Te pana saṅkhepato nāmañca rūpañcāti dve bhāgāyeva honti.
MAIN002-S595,MAIN002,13594,13598,Idañca nāmarūpaṃ sahetu sappaccayaṃ uppajjati.
MAIN002-S596,MAIN002,13599,13606,Tassa ayaṃ hetu ayaṃ paccayoti avijjābhavataṇhākammāhārādike hetupaccaye vavatthapeti.
MAIN002-S597,MAIN002,13607,13622,"Tato tesaṃ paccayānañca paccayuppannadhammānañca yāthāvasarasalakkhaṇaṃ vavatthapetvā ime dhammā ahutvā hontīti aniccalakkhaṇaṃ āropeti, udayabbayapīḷitattā dukkhāti dukkhalakkhaṇaṃ āropeti."
MAIN002-S598,MAIN002,13623,13626,Avasavattanato anattāti anattalakkhaṇaṃ āropeti.
MAIN002-S599,MAIN002,13627,13635,Evaṃ tīṇi lakkhaṇāni āropetvā paṭipāṭiyā vipassanaṃ pavattento sotāpattimaggaṃ pāpuṇāti.
MAIN002-S600,MAIN002,13636,13643,"Tasmiṃ khaṇe cattāri saccāni ekapaṭivedheneva paṭivijjhati, ekābhisamayena abhisameti."
MAIN002-S601,MAIN002,13644,13652,"Dukkhaṃ pariññāpaṭivedhena paṭivijjhati, samudayaṃ pahānapaṭivedhena, nirodhaṃ sacchikiriyāpaṭivedhena, maggaṃ bhāvanāpaṭivedhena."
MAIN002-S602,MAIN002,13653,13663,"Dukkhañca pariññābhisamayena abhisameti…pe… maggaṃ bhāvanābhisamayena abhisameti, no ca kho aññamaññena ñāṇena."
MAIN002-S603,MAIN002,13664,13674,"Ekañāṇeneva hi esa nirodhaṃ ārammaṇato, sesāni kiccato paṭivijjhati ceva abhisameti ca."
MAIN002-S604,MAIN002,13675,13688,Na hissa tasmiṃ samaye evaṃ hoti – ‘‘ahaṃ dukkhaṃ parijānāmī’’ti vā…pe… ‘‘maggaṃ bhāvemī’’ti vā.
MAIN002-S605,MAIN002,13689,13702,Apica khvassa ārammaṇaṃ katvā paṭivedhavasena nirodhaṃ sacchikaroto evaṃ taṃ ñāṇaṃ dukkhapariññākiccampi samudayapahānakiccampi maggabhāvanākiccampi karotiyeva.
MAIN002-S606,MAIN002,13703,13720,"Tassevaṃ upāyena yoniso manasikaroto tīṇi saṃyojanāni pahīyanti, vīsativatthukā sakkāyadiṭṭhi, aṭṭhavatthukā vicikicchā, ‘‘sīlena suddhi vatena suddhī’’ti sīlabbatānaṃ parāmasanato sīlabbataparāmāsoti."
MAIN002-S607,MAIN002,13721,13730,Tattha catūsu āsavesu sakkāyadiṭṭhisīlabbataparāmāsā diṭṭhāsavena saṅgahitattā āsavā ceva saṃyojanā ca.
MAIN002-S608,MAIN002,13731,13734,"Vicikicchā saṃyojanameva, na āsavo."
MAIN002-S609,MAIN002,13735,13741,‘‘Dassanā pahātabbā āsavā’’ti ettha pariyāpannattā pana āsavāti.
MAIN002-S610,MAIN002,13742,13752,‘‘Ime vuccanti…pe… pahātabbā’’ti ime sakkāyadiṭṭhiādayo dassanā pahātabbā nāma āsavāti dassento āha.
MAIN002-S611,MAIN002,13753,13765,Atha vā yā ayaṃ channaṃ diṭṭhīnaṃ aññatarā diṭṭhi uppajjatīti evaṃ sarūpeneva sakkāyadiṭṭhi vibhattā.
MAIN002-S612,MAIN002,13766,13770,"Taṃ sandhāyāha ‘‘ime vuccanti, bhikkhave’’ti."
MAIN002-S613,MAIN002,13771,13776,Sā ca yasmā sahajātapahānekaṭṭhehi saddhiṃ pahīyati.
MAIN002-S614,MAIN002,13777,13785,Diṭṭhāsave hi pahīyamāne taṃsahajāto catūsu diṭṭhisampayuttacittesu kāmāsavopi avijjāsavopi pahīyati.
MAIN002-S615,MAIN002,13786,13792,Pahānekaṭṭho pana catūsu diṭṭhivippayuttesu nāgasupaṇṇādisamiddhipatthanāvasena uppajjamāno bhavāsavo.
MAIN002-S616,MAIN002,13793,13808,"Teneva sampayutto avijjāsavopi, dvīsu domanassacittesu pāṇātipātādinibbattako avijjāsavopi, tathā vicikicchācittasampayutto avijjāsavopīti evaṃ sabbathāpi avasesā tayopi āsavā pahīyanti."
MAIN002-S617,MAIN002,13809,13814,Tasmā bahuvacananiddeso katoti evamettha attho veditabbo.
MAIN002-S618,MAIN002,13815,13817,Esa porāṇānaṃ adhippāyo.
MAIN002-S619,MAIN002,13818,13825,"Dassanā pahātabbāti dassanaṃ nāma sotāpattimaggo, tena pahātabbāti attho."
MAIN002-S620,MAIN002,13826,13830,Kasmā sotāpattimaggo dassanaṃ? Paṭhamaṃ nibbānadassanato.
MAIN002-S621,MAIN002,13831,13837,Nanu gotrabhu paṭhamataraṃ passatīti? No na passati.
MAIN002-S622,MAIN002,13838,13844,Disvā kattabbakiccaṃ pana na karoti saṃyojanānaṃ appahānato.
MAIN002-S623,MAIN002,13845,13848,Tasmā passatīti na vattabbo.
MAIN002-S624,MAIN002,13849,13865,Yattha katthaci rājānaṃ disvāpi paṇṇākāraṃ datvā kiccanipphattiyā adiṭṭhattā ‘‘ajjāpi rājānaṃ na passāmī’’ti vadanto gāmavāsī puriso cettha nidassanaṃ.
MAIN002-S625,MAIN002,13866,13867,Dassanāpahātabbaāsavavaṇṇanā niṭṭhitā.
MAIN002-S626,MAIN002,13868,13868,Saṃvarāpahātabbaāsavavaṇṇanā
MAIN002-S627,MAIN002,13869,13886,"22. Evaṃ dassanena pahātabbe āsave dassetvā idāni tadanantaruddiṭṭhe saṃvarā pahātabbe dassetuṃ, katame ca, bhikkhave, āsavā saṃvarā pahātabbāti āha."
MAIN002-S628,MAIN002,13887,13890,Evaṃ sabbattha sambandho veditabbo.
MAIN002-S629,MAIN002,13891,13894,Ito parañhi atthamattameva vaṇṇayissāma.
MAIN002-S630,MAIN002,13895,13910,"Nanu ca dassanena bhāvanāyāti imehi dvīhi appahātabbo āsavo nāma natthi, atha kasmā visuṃ saṃvarādīhi pahātabbe dassetīti."
MAIN002-S631,MAIN002,13911,13927,"Saṃvarādīhi pubbabhāge vikkhambhitā āsavā catūhi maggehi samugghātaṃ gacchanti, tasmā tesaṃ maggānaṃ pubbabhāge imehi pañcahākārehi vikkhambhanappahānaṃ dassento evamāha."
MAIN002-S632,MAIN002,13928,13943,"Tasmā yo cāyaṃ vutto paṭhamo dassanamaggoyeva, idāni bhāvanānāmena vuccissanti tayo maggā, tesaṃ sabbesampi ayaṃ pubbabhāgapaṭipadāti veditabbā."
MAIN002-S633,MAIN002,13944,13947,Tattha idhāti imasmiṃ sāsane.
MAIN002-S634,MAIN002,13948,13949,Paṭisaṅkhāti paṭisaṅkhāya.
MAIN002-S635,MAIN002,13950,13953,Tatthāyaṃ saṅkhāsaddo ñāṇakoṭṭhāsapaññattigaṇanāsu dissati.
MAIN002-S636,MAIN002,13954,13961,‘‘Saṅkhāyekaṃ paṭisevatī’’tiādīsu (ma. ni. 2.168) hi ñāṇe dissati.
MAIN002-S637,MAIN002,13962,13967,‘‘Papañcasaññāsaṅkhā samudācarantī’’tiādīsu (ma. ni. 1.201) koṭṭhāse.
MAIN002-S638,MAIN002,13968,13976,‘‘Tesaṃ tesaṃ dhammānaṃ saṅkhā samaññā’’tiādīsu (dha. sa. 1313) paññattiyaṃ.
MAIN002-S639,MAIN002,13977,13983,‘‘Na sukaraṃ saṅkhātu’’ntiādīsu (saṃ. ni. 2.128) gaṇanāyaṃ.
MAIN002-S640,MAIN002,13984,13987,Idha pana ñāṇe daṭṭhabbo.
MAIN002-S641,MAIN002,13988,13996,Paṭisaṅkhā yonisoti hi upāyena pathena paṭisaṅkhāya ñatvā paccavekkhitvāti attho.
MAIN002-S642,MAIN002,13997,14003,Ettha ca asaṃvare ādīnavapaṭisaṅkhā yoniso paṭisaṅkhāti veditabbā.
MAIN002-S643,MAIN002,14004,14025,"Sā cāyaṃ ‘‘varaṃ, bhikkhave, tattāya ayosalākāya ādittāya sampajjalitāya sajotibhūtāya cakkhundriyaṃ sampalimaṭṭhaṃ, na tveva cakkhuviññeyyesu rūpesu anubyañjanaso nimittaggāho’’tiādinā (saṃ. ni. 4.235) ādittapariyāyanayena veditabbā."
MAIN002-S644,MAIN002,14026,14037,"Cakkhundriyasaṃvarasaṃvuto viharatīti ettha cakkhumeva indriyaṃ cakkhundriyaṃ, saṃvaraṇato saṃvaro, pidahanato thakanatoti vuttaṃ hoti."
MAIN002-S645,MAIN002,14038,14040,Satiyā etaṃ adhivacanaṃ.
MAIN002-S646,MAIN002,14041,14043,Cakkhundriye saṃvaro cakkhundriyasaṃvaro.
MAIN002-S647,MAIN002,14044,14047,Titthakāko āvāṭakacchapo vanamahiṃsotiādayo viya.
MAIN002-S648,MAIN002,14048,14055,Tattha kiñcāpi cakkhundriye saṃvaro vā asaṃvaro vā natthi.
MAIN002-S649,MAIN002,14056,14064,Na hi cakkhupasādaṃ nissāya sati vā muṭṭhasaccaṃ vā uppajjati.
MAIN002-S650,MAIN002,14065,14095,"Apica yadā rūpārammaṇaṃ cakkhussa āpāthaṃ āgacchati, tadā bhavaṅge dvikkhattuṃ uppajjitvā niruddhe kiriyamanodhātu āvajjanakiccaṃ sādhayamānā uppajjitvā nirujjhati, tato cakkhuviññāṇaṃ dassanakiccaṃ, tato vipākamanodhātu sampaṭicchanakiccaṃ, tato vipākāhetukamanoviññāṇadhātu santīraṇakiccaṃ, tato kiriyāhetukamanoviññāṇadhātu voṭṭhabbanakiccaṃ sādhayamānā uppajjitvā nirujjhati."
MAIN002-S651,MAIN002,14096,14098,Tadanantaraṃ javanaṃ javati.
MAIN002-S652,MAIN002,14099,14109,"Tatthapi neva bhavaṅgasamaye, na āvajjanādīnaṃ aññatarasamaye saṃvaro vā asaṃvaro vā atthi."
MAIN002-S653,MAIN002,14110,14126,"Javanakkhaṇe pana sace dussīlyaṃ vā muṭṭhasaccaṃ vā aññāṇaṃ vā akkhanti vā kosajjaṃ vā uppajjati, ayaṃ asaṃvaro hoti."
MAIN002-S654,MAIN002,14127,14132,Evaṃ hontopi so cakkhundriye asaṃvaroti vuccati.
MAIN002-S655,MAIN002,14133,14141,"Kasmā? Tasmiñhi sati dvārampi aguttaṃ hoti, bhavaṅgampi āvajjanādīni vīthicittānipi."
MAIN002-S656,MAIN002,14142,14159,"Yathā kiṃ, yathā nagare catūsu dvāresu asaṃvutesu kiñcāpi anto gharakoṭṭhakagabbhādayo susaṃvutā, tathāpi antonagare sabbaṃ bhaṇḍaṃ arakkhitaṃ agopitameva hoti."
MAIN002-S657,MAIN002,14160,14179,"Nagaradvārena hi pavisitvā corā yadicchanti, taṃ kareyyuṃ, evameva javane dussīlyādīsu uppannesu, tasmiṃ asaṃvare sati dvārampi aguttaṃ hoti, bhavaṅgampi āvajjanādīni vīthicittānipīti."
MAIN002-S658,MAIN002,14180,14189,"Tasmiṃ pana sīlādīsu uppannesu dvārampi guttaṃ hoti, bhavaṅgampi āvajjanādīni vīthicittānipi."
MAIN002-S659,MAIN002,14190,14205,"Yathā kiṃ? Yathā nagaradvāresu susaṃvutesu kiñcāpi anto gharādayo asaṃvutā, tathāpi antonagare sabbaṃ bhaṇḍaṃ surakkhitaṃ sugopitameva hoti."
MAIN002-S660,MAIN002,14206,14221,"Nagaradvāresu hi pihitesu corānaṃ paveso natthi, evameva javane sīlādīsu uppannesu dvārampi suguttaṃ hoti, bhavaṅgampi āvajjanādīni vīthicittānipi."
MAIN002-S661,MAIN002,14222,14227,Tasmā javanakkhaṇe uppajjamānopi cakkhundriye saṃvaroti vutto.
MAIN002-S662,MAIN002,14228,14232,Idha cāyaṃ satisaṃvaro adhippetoti veditabbo.
MAIN002-S663,MAIN002,14233,14238,"Cakkhundriyasaṃvarena saṃvuto cakkhundriyasaṃvarasaṃvuto, upetoti vuttaṃ hoti."
MAIN002-S664,MAIN002,14239,14251,"Tathā hi, pātimokkhasaṃvarasaṃvutoti imassa vibhaṅge ‘‘iminā pātimokkhasaṃvarena upeto hoti…pe… samannāgato’’ti (vibha. 511) vuttaṃ."
MAIN002-S665,MAIN002,14252,14258,Taṃ ekajjhaṃ katvā cakkhundriyasaṃvarena saṃvutoti evamattho veditabbo.
MAIN002-S666,MAIN002,14259,14266,"Atha vā saṃvarīti saṃvuto, thakesi pidahīti vuttaṃ hoti."
MAIN002-S667,MAIN002,14267,14280,"Cakkhundriye saṃvarasaṃvuto cakkhundriyasaṃvarasaṃvuto, cakkhundriyasaṃvarasaññitaṃ satikavāṭaṃ cakkhudvāre, gharadvāre kavāṭaṃ viya saṃvari thakesi pidahīti vuttaṃ hoti."
MAIN002-S668,MAIN002,14281,14284,Ayameva cettha attho sundarataro.
MAIN002-S669,MAIN002,14285,14296,Tathā hi ‘‘cakkhundriyasaṃvaraṃ asaṃvutassa viharato saṃvutassa viharato’’ti etesu padesu ayameva attho dissati.
MAIN002-S670,MAIN002,14297,14303,Viharatīti evaṃ cakkhundriyasaṃvarasaṃvuto yena kenaci iriyāpathavihārena viharati.
MAIN002-S671,MAIN002,14304,14314,Yañhissātiādimhi yaṃ cakkhundriyasaṃvaraṃ assa bhikkhuno asaṃvutassa athaketvā apidahitvā viharantassāti evamattho veditabbo.
MAIN002-S672,MAIN002,14315,14319,"Atha vā, ye-kārassa yanti ādeso."
MAIN002-S673,MAIN002,14320,14325,"Hikāro ca padapūraṇo, ye assāti attho."
MAIN002-S674,MAIN002,14326,14327,Uppajjeyyunti nibbatteyyuṃ.
MAIN002-S675,MAIN002,14328,14338,Āsavā vighātapariḷāhāti cattāro āsavā ca aññe ca vighātakarā kilesapariḷāhā vipākapariḷāhā ca.
MAIN002-S676,MAIN002,14339,14369,"Cakkhudvāre hi iṭṭhārammaṇaṃ āpāthagataṃ kāmassādavasena assādayato abhinandato kāmāsavo uppajjati, īdisaṃ aññasmimpi sugatibhave labhissāmīti bhavapatthanāya assādayato bhavāsavo uppajjati, sattoti vā sattassāti vā gaṇhantassa diṭṭhāsavo uppajjati, sabbeheva sahajātaṃ aññāṇaṃ avijjāsavoti cattāro āsavā uppajjanti."
MAIN002-S677,MAIN002,14370,14378,"Tehi sampayuttā apare kilesā vighātapariḷāhā, āyatiṃ vā tesaṃ vipākā."
MAIN002-S678,MAIN002,14379,14384,Tepi hi asaṃvutasseva viharato uppajjeyyunti vuccanti.
MAIN002-S679,MAIN002,14385,14389,Evaṃsa teti evaṃ assa te.
MAIN002-S680,MAIN002,14390,14398,"Evaṃ etena upāyena na honti, no aññathāti vuttaṃ hoti."
MAIN002-S681,MAIN002,14399,14403,Esa nayo paṭisaṅkhā yoniso sotindriyasaṃvarasaṃvutotiādīsu.
MAIN002-S682,MAIN002,14404,14420,"Ime vuccanti, bhikkhave, āsavā saṃvarā pahātabbāti ime chasu dvāresu cattāro cattāro katvā catuvīsati āsavā saṃvarena pahātabbāti vuccanti."
MAIN002-S683,MAIN002,14421,14426,Sabbattheva cettha satisaṃvaro eva saṃvaroti veditabbo.
MAIN002-S684,MAIN002,14427,14428,Saṃvarāpahātabbaāsavavaṇṇanā niṭṭhitā.
MAIN002-S685,MAIN002,14429,14429,Paṭisevanāpahātabbaāsavavaṇṇanā
MAIN002-S686,MAIN002,14430,14440,"23. Paṭisaṅkhā yoniso cīvarantiādīsu yaṃ vattabbaṃ, taṃ sabbaṃ visuddhimagge sīlakathāyaṃ vuttameva."
MAIN002-S687,MAIN002,14441,14446,Yañhissāti yaṃ cīvarapiṇḍapātādīsu vā aññataraṃ assa.
MAIN002-S688,MAIN002,14447,14450,Appaṭisevatoti evaṃ yoniso appaṭisevantassa.
MAIN002-S689,MAIN002,14451,14452,Sesaṃ vuttanayameva.
MAIN002-S690,MAIN002,14453,14463,Kevalaṃ panidha aladdhaṃ cīvarādiṃ patthayato laddhaṃ vā assādayato kāmāsavassa uppatti veditabbā.
MAIN002-S691,MAIN002,14464,14484,"Īdisaṃ aññasmimpi sampattibhave sugatibhave labhissāmīti bhavapatthanāya assādayato bhavāsavassa, ahaṃ labhāmi na labhāmīti vā mayhaṃ vā idanti attasaññaṃ adhiṭṭhahato diṭṭhāsavassa uppatti veditabbā."
MAIN002-S692,MAIN002,14485,14496,Sabbeheva pana sahajāto avijjāsavoti evaṃ catunnaṃ āsavānaṃ uppatti vipākapariḷāhā ca navavedanuppādanatopi veditabbā.
MAIN002-S693,MAIN002,14497,14515,"Ime vuccanti, bhikkhave, āsavā paṭisevanā pahātabbāti ime ekamekasmiṃ paccaye cattāro cattāro katvā soḷasa āsavā iminā ñāṇasaṃvarasaṅkhātena paccavekkhaṇapaṭisevanena pahātabbāti vuccanti."
MAIN002-S694,MAIN002,14516,14517,Paṭisevanāpahātabbaāsavavaṇṇanā niṭṭhitā.
MAIN002-S695,MAIN002,14518,14518,Adhivāsanāpahātabbaāsavavaṇṇanā
MAIN002-S696,MAIN002,14519,14542,"24. Paṭisaṅkhā yoniso khamo hoti sītassāti upāyena pathena paccavekkhitvā khamo hoti sītassa sītaṃ khamati sahati, na avīrapuriso viya appamattakenapi sītena calati kampati kammaṭṭhānaṃ vijahati."
MAIN002-S697,MAIN002,14543,14556,"Apica kho lomasanāgatthero viya anappakenāpi sītena phuṭṭho na calati na kampati, kammaṭṭhānameva manasi karoti."
MAIN002-S698,MAIN002,14557,14570,Thero kira cetiyapabbate piyaṅguguhāyaṃ padhānaghare viharanto antaraṭṭhake himapātasamaye lokantarikaniraye paccavekkhitvā kammaṭṭhānaṃ avijahantova abbhokāse vītināmesi.
MAIN002-S699,MAIN002,14571,14574,Evaṃ uṇhādīsupi atthayojanā veditabbā.
MAIN002-S700,MAIN002,14575,14587,"Kevalañhi yo bhikkhu adhimattampi uṇhaṃ sahati sveva thero viya, ayaṃ ‘‘khamo uṇhassā’’ti veditabbo."
MAIN002-S701,MAIN002,14588,14593,Thero kira gimhasamaye pacchābhattaṃ bahicaṅkame nisīdi.
MAIN002-S702,MAIN002,14594,14598,Kammaṭṭhānaṃ manasikaronto sedāpissa kacchehi muccanti.
MAIN002-S703,MAIN002,14599,14607,"Atha naṃ antevāsiko āha ‘‘idha, bhante, nisīdatha, sītalo okāso’’ti."
MAIN002-S704,MAIN002,14608,14615,Thero ‘‘uṇhabhayenevamhi āvuso idha nisinno’’ti avīcimahānirayaṃ paccavekkhitvā nisīdiyeva.
MAIN002-S705,MAIN002,14616,14619,Uṇhanti cettha aggisantāpova veditabbo.
MAIN002-S706,MAIN002,14620,14623,Sūriyasantāpavasena panetaṃ vatthu vuttaṃ.
MAIN002-S707,MAIN002,14624,14642,Yo ca dve tayo vāre bhattaṃ vā pānīyaṃ vā alabhamānopi anamatagge saṃsāre attano pettivisayūpapattiṃ paccavekkhitvā avedhento kammaṭṭhānaṃ na vijahatiyeva.
MAIN002-S708,MAIN002,14643,14652,Adhimattehi ḍaṃsamakasavātātapasamphassehi phuṭṭho cāpi tiracchānūpapattiṃ paccavekkhitvā avedhento kammaṭṭhānaṃ na vijahatiyeva.
MAIN002-S709,MAIN002,14653,14667,Sarīsapasamphassena phuṭṭho cāpi anamatagge saṃsāre sīhabyagghādimukhesu anekavāraṃ parivattitapubbabhāvaṃ paccavekkhitvā avedhento kammaṭṭhānaṃ na vijahatiyeva padhāniyatthero viya.
MAIN002-S710,MAIN002,14668,14672,Ayaṃ ‘‘khamo jighacchāya…pe… sarīsapasamphassāna’’nti veditabbo.
MAIN002-S711,MAIN002,14673,14681,Theraṃ kira khaṇḍacelavihāre kaṇikārapadhāniyaghare ariyavaṃsaṃ suṇantaṃ ghoraviso sappo ḍaṃsi.
MAIN002-S712,MAIN002,14682,14687,Thero jānitvāpi pasannacitto nisinno dhammaṃyeva suṇāti.
MAIN002-S713,MAIN002,14688,14690,Visavego thaddho ahosi.
MAIN002-S714,MAIN002,14691,14699,Thero upasampadamaṇḍalaṃ ādiṃ katvā sīlaṃ paccavekkhitvā parisuddhasīlohamasmīti pītiṃ uppādesi.
MAIN002-S715,MAIN002,14700,14705,Saha pītuppādā visaṃ nivattitvā pathaviṃ pāvisi.
MAIN002-S716,MAIN002,14706,14713,Thero tattheva cittekaggataṃ labhitvā vipassanaṃ vaḍḍhetvā arahattaṃ pāpuṇi.
MAIN002-S717,MAIN002,14714,14730,Yo pana akkosavasena durutte duruttattāyeva ca durāgate api antimavatthusaññite vacanapathe sutvā khantiguṇaṃyeva paccavekkhitvā na vedhati dīghabhāṇakaabhayatthero viya.
MAIN002-S718,MAIN002,14731,14736,Ayaṃ ‘‘khamo duruttānaṃ durāgatānaṃ vacanapathāna’’nti veditabbo.
MAIN002-S719,MAIN002,14737,14744,"Thero kira paccayasantosabhāvanārāmatāya mahāariyavaṃsappaṭipadaṃ kathesi, sabbo mahāgāmo āgacchati."
MAIN002-S720,MAIN002,14745,14747,Therassa mahāsakkāro uppajjati.
MAIN002-S721,MAIN002,14748,14759,Taṃ aññataro mahāthero adhivāsetuṃ asakkonto dīghabhāṇako ariyavaṃsaṃ kathemīti sabbarattiṃ kolāhalaṃ karosītiādīhi akkosi.
MAIN002-S722,MAIN002,14760,14768,Ubhopi ca attano attano vihāraṃ gacchantā gāvutamattaṃ ekapathena agamaṃsu.
MAIN002-S723,MAIN002,14769,14772,Sakalagāvutampi so taṃ akkosiyeva.
MAIN002-S724,MAIN002,14773,14788,"Tato yattha dvinnaṃ vihārānaṃ maggo bhijjati, tattha ṭhatvā dīghabhāṇakatthero taṃ vanditvā ‘‘esa, bhante, tumhākaṃ maggo’’ti āha."
MAIN002-S725,MAIN002,14789,14792,So asuṇanto viya agamāsi.
MAIN002-S726,MAIN002,14793,14798,Theropi vihāraṃ gantvā pāde pakkhāletvā nisīdi.
MAIN002-S727,MAIN002,14799,14808,"Tamenaṃ antevāsiko ‘‘kiṃ, bhante, sakalagāvutaṃ paribhāsantaṃ na kiñci avocutthā’’ti āha."
MAIN002-S728,MAIN002,14809,14815,"Thero ‘‘khantiyeva, āvuso, mayhaṃ bhāro, na akkhanti."
MAIN002-S729,MAIN002,14816,14820,Ekapaduddhārepi kammaṭṭhānaviyogaṃ na passāmī’’ti āha.
MAIN002-S730,MAIN002,14821,14825,Ettha ca vacanameva vacanapathoti veditabbo.
MAIN002-S731,MAIN002,14826,14848,"Yo pana uppannā sārīrikā vedanā dukkhamanaṭṭhena dukkhā, bahalaṭṭhena tibbā, pharusaṭṭhena kharā, tikhiṇaṭṭhena kaṭukā, assādavirahato asātā, manaṃ avaḍḍhanato amanāpā, pāṇaharaṇasamatthatāya pāṇaharā adhivāsetiyeva, na vedhati."
MAIN002-S732,MAIN002,14849,14854,Evaṃ sabhāvo hoti cittalapabbate padhāniyatthero viya.
MAIN002-S733,MAIN002,14855,14858,Ayaṃ ‘‘uppannānaṃ…pe… adhivāsanajātiko’’ti veditabbo.
MAIN002-S734,MAIN002,14859,14866,Therassa kira rattiṃ padhānena vītināmetvā ṭhitassa udaravāto uppajji.
MAIN002-S735,MAIN002,14867,14872,So taṃ adhivāsetuṃ asakkonto āvattati parivattati.
MAIN002-S736,MAIN002,14873,14882,"Tamenaṃ caṅkamapasse ṭhito piṇḍapātiyatthero āha ‘‘āvuso, pabbajito nāma adhivāsanasīlo hotī’’ti."
MAIN002-S737,MAIN002,14883,14888,"So ‘‘sādhu, bhante’’ti adhivāsetvā niccalo sayi."
MAIN002-S738,MAIN002,14889,14893,Vāto nābhito yāva hadayaṃ phāleti.
MAIN002-S739,MAIN002,14894,14901,Thero vedanaṃ vikkhambhetvā vipassanto muhuttena anāgāmī hutvā parinibbāyīti.
MAIN002-S740,MAIN002,14902,14906,Yañhissāti sītādīsu yaṃkiñci ekadhammampi assa.
MAIN002-S741,MAIN002,14907,14909,Anadhivāsayatoti anadhivāsentassa akkhamantassa.
MAIN002-S742,MAIN002,14910,14911,Sesaṃ vuttanayameva.
MAIN002-S743,MAIN002,14912,14915,Āsavuppatti panettha evaṃ veditabbā.
MAIN002-S744,MAIN002,14916,14923,"Sītena phuṭṭhassa uṇhaṃ patthayantassa kāmāsavo uppajjati, evaṃ sabbattha."
MAIN002-S745,MAIN002,14924,14934,Natthi no sampattibhave sugatibhave sītaṃ vā uṇhaṃ vāti bhavaṃ patthayantassa bhavāsavo.
MAIN002-S746,MAIN002,14935,14939,Mayhaṃ sītaṃ uṇhanti gāho diṭṭhāsavo.
MAIN002-S747,MAIN002,14940,14942,Sabbeheva sampayutto avijjāsavoti.
MAIN002-S748,MAIN002,14943,14961,‘‘Ime vuccanti…pe… adhivāsanā pahātabbā’’ti ime sītādīsu ekamekassa vasena cattāro cattāro katvā aneke āsavā imāya khantisaṃvarasaṅkhātāya adhivāsanāya pahātabbāti vuccantīti attho.
MAIN002-S749,MAIN002,14962,14972,"Ettha ca yasmā ayaṃ khanti sītādidhamme adhivāseti, attano upari āropetvā vāsetiyeva."
MAIN002-S750,MAIN002,14973,14980,"Na asahamānā hutvā nirassati, tasmā ‘‘adhivāsanā’’ti vuccatīti veditabbā."
MAIN002-S751,MAIN002,14981,14982,Adhivāsanāpahātabbaāsavavaṇṇanā niṭṭhitā.
MAIN002-S752,MAIN002,14983,14983,Parivajjanāpahātabbaāsavavaṇṇanā
MAIN002-S753,MAIN002,14984,14996,25. Paṭisaṅkhā yoniso caṇḍaṃ hatthiṃ parivajjetīti ahaṃ samaṇoti caṇḍassa hatthissa āsanne na ṭhātabbaṃ.
MAIN002-S754,MAIN002,14997,15010,Tatonidānañhi maraṇampi siyā maraṇamattampi dukkhanti evaṃ upāyena pathena paccayena paccavekkhitvā caṇḍaṃ hatthiṃ parivajjeti paṭikkamati.
MAIN002-S755,MAIN002,15011,15013,Esa nayo sabbattha.
MAIN002-S756,MAIN002,15014,15019,"Caṇḍanti ca duṭṭhaṃ, vāḷanti vuttaṃ hoti."
MAIN002-S757,MAIN002,15020,15021,Khāṇunti khadirakhāṇuādiṃ.
MAIN002-S758,MAIN002,15022,15031,"Kaṇṭakaṭṭhānanti kaṇṭakānaṃ ṭhānaṃ, yattha kaṇṭakā vijjanti, taṃ okāsanti vuttaṃ hoti."
MAIN002-S759,MAIN002,15032,15034,Sobbhanti sabbato paricchinnataṭaṃ.
MAIN002-S760,MAIN002,15035,15037,Papātanti ekato chinnataṭaṃ.
MAIN002-S761,MAIN002,15038,15040,Candanikanti ucchiṭṭhodakagabbhamalādīnaṃ chaḍḍanaṭṭhānaṃ.
MAIN002-S762,MAIN002,15041,15044,Oḷigallanti tesaṃyeva sakaddamādīnaṃ sandanokāsaṃ.
MAIN002-S763,MAIN002,15045,15053,"Taṃ jaṇṇumattampi asucibharitaṃ hoti, dvepi cetāni ṭhānāni amanussaduṭṭhāni honti."
MAIN002-S764,MAIN002,15054,15056,Tasmā tāni vajjetabbāni.
MAIN002-S765,MAIN002,15057,15067,"Anāsaneti ettha pana ayuttaṃ āsanaṃ anāsanaṃ, taṃ atthato aniyatavatthukaṃ rahopaṭicchannāsananti veditabbaṃ."
MAIN002-S766,MAIN002,15068,15076,"Agocareti etthapi ca ayutto gocaro agocaro, so vesiyādibhedato pañcavidho."
MAIN002-S767,MAIN002,15077,15083,"Pāpake mitteti lāmake dussīle mittapatirūpake, amitte vā."
MAIN002-S768,MAIN002,15084,15085,Bhajantanti sevamānaṃ.
MAIN002-S769,MAIN002,15086,15092,"Viññū sabrahmacārīti paṇḍitā buddhisampannā sabrahmacārayo, bhikkhūnametaṃ adhivacanaṃ."
MAIN002-S770,MAIN002,15093,15104,"Te hi ekakammaṃ ekuddeso samasikkhatāti imaṃ brahmaṃ samānaṃ caranti, tasmā sabrahmacārīti vuccanti."
MAIN002-S771,MAIN002,15105,15108,Pāpakesu ṭhānesūti lāmakesu ṭhānesu.
MAIN002-S772,MAIN002,15109,15117,"Okappeyyunti saddaheyyuṃ, adhimucceyyuṃ ‘‘addhā ayamāyasmā akāsi vā karissati vā’’ti."
MAIN002-S773,MAIN002,15118,15122,Yañhissāti hatthiādīsu yaṃkiñci ekampi assa.
MAIN002-S774,MAIN002,15123,15124,Sesaṃ vuttanayameva.
MAIN002-S775,MAIN002,15125,15128,Āsavuppatti panettha evaṃ veditabbā.
MAIN002-S776,MAIN002,15129,15135,Hatthiādinidānena dukkhena phuṭṭhassa sukhaṃ patthayato kāmāsavo uppajjati.
MAIN002-S777,MAIN002,15136,15144,Natthi no sampattibhave sugatibhave īdisaṃ dukkhanti bhavaṃ patthentassa bhavāsavo.
MAIN002-S778,MAIN002,15145,15151,"Maṃ hatthī maddati, maṃ assoti gāho diṭṭhāsavo."
MAIN002-S779,MAIN002,15152,15154,Sabbeheva sampayutto avijjāsavoti.
MAIN002-S780,MAIN002,15155,15173,Ime vuccanti…pe… parivajjanā pahātabbāti ime hatthiādīsu ekekassa vasena cattāro cattāro katvā aneke āsavā iminā sīlasaṃvarasaṅkhātena parivajjanena pahātabbāti vuccantīti veditabbā.
MAIN002-S781,MAIN002,15174,15175,Parivajjanāpahātabbaāsavavaṇṇanā niṭṭhitā.
MAIN002-S782,MAIN002,15176,15176,Vinodanāpahātabbaāsavavaṇṇanā
MAIN002-S783,MAIN002,15177,15216,"26. Paṭisaṅkhā yoniso uppannaṃ kāmavitakkaṃ nādhivāsetīti ‘‘iti pāyaṃ vitakko akusalo, itipi sāvajjo, itipi dukkhavipāko, so ca kho attabyābādhāya saṃvattatī’’tiādinā nayena yoniso kāmavitakke ādīnavaṃ paccavekkhitvā tasmiṃ tasmiṃ ārammaṇe uppannaṃ jātamabhinibbattaṃ kāmavitakkaṃ nādhivāseti, cittaṃ āropetvā na vāseti, abbhantare vā na vāsetītipi attho."
MAIN002-S784,MAIN002,15217,15221,Anadhivāsento kiṃ karotīti? Pajahati chaḍḍeti.
MAIN002-S785,MAIN002,15222,15234,"Kiṃ kacavaraṃ viya piṭakenāti? Na hi, apica kho naṃ vinodeti tudati vijjhati nīharati."
MAIN002-S786,MAIN002,15235,15246,"Kiṃ balibaddaṃ viya patodenāti? Na hi, atha kho naṃ byantīkaroti vigatantaṃ karoti."
MAIN002-S787,MAIN002,15247,15254,"Yathāssa antopi nāvasissati antamaso bhaṅgamattampi, tathā naṃ karoti."
MAIN002-S788,MAIN002,15255,15273,"Kathaṃ pana naṃ tathā karotīti? Anabhāvaṃ gametīti anu anu abhāvaṃ gameti, vikkhambhanappahānena yathā suvikkhambhito hoti, tathā karotīti vuttaṃ hoti."
MAIN002-S789,MAIN002,15274,15276,Esa nayo byāpādavihiṃsāvitakkesu.
MAIN002-S790,MAIN002,15277,15288,Ettha ca kāmavitakkoti ‘‘yo kāmapaṭisaṃyutto takko vitakko micchāsaṅkappo’’ti vibhaṅge (vibha. 910) vutto.
MAIN002-S791,MAIN002,15289,15291,Esa nayo itaresu.
MAIN002-S792,MAIN002,15292,15297,"Uppannuppanneti uppanne uppanne, uppannamatteyevāti vuttaṃ hoti."
MAIN002-S793,MAIN002,15298,15309,"Sakiṃ vā uppanne vinodetvā dutiyavāre ajjhupekkhitā na hoti, satakkhattumpi uppanne uppanne vinodetiyeva."
MAIN002-S794,MAIN002,15310,15315,"Pāpake akusaleti lāmakaṭṭhena pāpake, akosallatāya akusale."
MAIN002-S795,MAIN002,15316,15322,Dhammeti teyeva kāmavitakkādayo sabbepi vā nava mahāvitakke.
MAIN002-S796,MAIN002,15323,15326,Tattha tayo vuttā eva.
MAIN002-S797,MAIN002,15327,15340,Avasesā ‘‘ñātivitakko janapadavitakko amaravitakko parānuddayatāpaṭisaṃyutto vitakko lābhasakkārasilokapaṭisaṃyutto vitakko anavaññattipaṭisaṃyutto vitakko’’ti (mahāni. 207) ime cha.
MAIN002-S798,MAIN002,15341,15347,"Yañhissāti etesu vitakkesu yaṃkiñci assa, sesaṃ vuttanayameva."
MAIN002-S799,MAIN002,15348,15351,Kāmavitakko panettha kāmāsavo eva.
MAIN002-S800,MAIN002,15352,15353,Tabbiseso bhavāsavo.
MAIN002-S801,MAIN002,15354,15355,Taṃsampayutto diṭṭhāsavo.
MAIN002-S802,MAIN002,15356,15360,Sabbavitakkesu avijjāsavoti evaṃ āsavuppattipi veditabbā.
MAIN002-S803,MAIN002,15361,15378,Ime vuccanti…pe… vinodanā pahātabbāti ime kāmavitakkādivasena vuttappakārā āsavā iminā tasmiṃ tasmiṃ vitakke ādīnavapaccavekkhaṇasahitena vīriyasaṃvarasaṅkhātena vinodanena pahātabbāti vuccantīti veditabbā.
MAIN002-S804,MAIN002,15379,15380,Vinodanāpahātabbaāsavavaṇṇanā niṭṭhitā.
MAIN002-S805,MAIN002,15381,15381,Bhāvanāpahātabbaāsavavaṇṇanā
MAIN002-S806,MAIN002,15382,15399,"27. Paṭisaṅkhā yoniso satisambojjhaṅgaṃ bhāvetīti abhāvanāya ādīnavaṃ, bhāvanāya ca ānisaṃsaṃ upāyena pathena paccavekkhitvā satisambojjhaṅgaṃ bhāveti, esa nayo sabbattha."
MAIN002-S807,MAIN002,15400,15416,"Ettha ca kiñcāpi ime uparimaggattayasamayasambhūtā lokuttarabojjhaṅgā eva adhippetā, tathāpi ādikammikānaṃ bojjhaṅgesu asammohatthaṃ lokiyalokuttaramissakena nesaṃ nayena atthavaṇṇanaṃ karissāmi."
MAIN002-S808,MAIN002,15417,15423,Idha pana lokiyanayaṃ pahāya lokuttaranayo eva gahetabbo.
MAIN002-S809,MAIN002,15424,15440,"Tattha satisambojjhaṅgantiādinā nayena vuttānaṃ sattannaṃ ādipadānaṃyeva tāva – Atthato lakkhaṇādīhi, kamato ca vinicchayo; Anūnādhikato ceva, viññātabbo vibhāvinā."
MAIN002-S810,MAIN002,15441,15445,Tattha satisambojjhaṅge tāva saraṇaṭṭhena sati.
MAIN002-S811,MAIN002,15446,15450,"Sā panesā upaṭṭhānalakkhaṇā, apilāpanalakkhaṇā vā."
MAIN002-S812,MAIN002,15451,15474,"Vuttampi hetaṃ ‘‘yathā, mahārāja, rañño bhaṇḍāgāriko rañño sāpateyyaṃ apilāpeti, ettakaṃ, mahārāja, hiraññaṃ, ettakaṃ suvaṇṇaṃ, ettakaṃ sāpateyyanti, evameva kho, mahārāja, sati uppajjamānā kusalākusalasāvajjānavajjahīnapaṇītakaṇhasukkasappaṭibhāge dhamme apilāpeti."
MAIN002-S813,MAIN002,15475,15481,Ime cattāro satipaṭṭhānā’’ti (mi. pa. 2.1.13) vitthāro.
MAIN002-S814,MAIN002,15482,15482,Apilāpanarasā.
MAIN002-S815,MAIN002,15483,15488,Kiccavaseneva hissa etaṃ lakkhaṇaṃ therena vuttaṃ.
MAIN002-S816,MAIN002,15489,15490,Asammosarasā vā.
MAIN002-S817,MAIN002,15491,15491,Gocarābhimukhabhāvapaccupaṭṭhānā.
MAIN002-S818,MAIN002,15492,15495,Sati eva sambojjhaṅgo satisambojjhaṅgo.
MAIN002-S819,MAIN002,15496,15501,Tattha bodhiyā bodhissa vā aṅgoti bojjhaṅgo.
MAIN002-S820,MAIN002,15502,15522,"Kiṃ vuttaṃ hoti? Yā hi ayaṃ dhammasāmaggī, yāya lokiyalokuttaramaggakkhaṇe uppajjamānāya līnuddhaccapatiṭṭhānāyūhana-kāmasukhattakilamathānuyoga-ucchedasassatābhinivesādīnaṃ anekesaṃ upaddavānaṃ paṭipakkhabhūtāya satidhammavicayavīriyapītipassaddhisamādhiupekkhāsaṅkhātāya dhammasāmaggiyā ariyasāvako bujjhatīti katvā ‘‘bodhī’’ti vuccati."
MAIN002-S821,MAIN002,15523,15534,"Bujjhatīti kilesasantānaniddāya uṭṭhahati, cattāri vā ariyasaccāni paṭivijjhati, nibbānameva vā sacchikarotīti vuttaṃ hoti."
MAIN002-S822,MAIN002,15535,15541,Yathāha ‘‘satta bojjhaṅge bhāvetvā anuttaraṃ sammāsambodhiṃ abhisambuddho’’ti.
MAIN002-S823,MAIN002,15542,15548,"Tassā dhammasāmaggisaṅkhātāya bodhiyā aṅgotipi bojjhaṅgo, jhānaṅgamaggaṅgādayo viya."
MAIN002-S824,MAIN002,15549,15563,"Yopesa yathāvuttappakārāya etāya dhammasāmaggiyā bujjhatīti katvā ariyasāvako ‘‘bodhī’’ti vuccati, tassa bodhissa aṅgotipi bojjhaṅgo, senaṅgarathaṅgādayo viya."
MAIN002-S825,MAIN002,15564,15570,Tenāhu aṭṭhakathācariyā ‘‘bujjhanakassa puggalassa aṅgāti vā bojjhaṅgā’’ti.
MAIN002-S826,MAIN002,15571,15591,"Apica ‘‘bojjhaṅgāti kenaṭṭhena bojjhaṅgā? Bodhāya saṃvattantīti bojjhaṅgā, bujjhantīti bojjhaṅgā, anubujjhantīti bojjhaṅgā, paṭibujjhantīti bojjhaṅgā, sambujjhantīti bojjhaṅgā’’tiādinā (paṭi. ma. 3.17) paṭisambhidānayenāpi attho veditabbo."
MAIN002-S827,MAIN002,15592,15596,Pasattho sundaro vā bojjhaṅgoti sambojjhaṅgo.
MAIN002-S828,MAIN002,15597,15601,Evaṃ sati eva sambojjhaṅgo satisambojjhaṅgo.
MAIN002-S829,MAIN002,15602,15603,Taṃ satisambojjhaṅgaṃ.
MAIN002-S830,MAIN002,15604,15612,Evaṃ tāva ekassa ādipadassa atthato lakkhaṇādīhi ca vinicchayo viññātabbo.
MAIN002-S831,MAIN002,15613,15617,Dutiyādīsu pana catusaccadhamme vicinātīti dhammavicayo.
MAIN002-S832,MAIN002,15618,15622,"So pana vicayalakkhaṇo, obhāsanaraso, asammohapaccupaṭṭhāno."
MAIN002-S833,MAIN002,15623,15627,Vīrabhāvato vidhinā īrayitabbato ca vīriyaṃ.
MAIN002-S834,MAIN002,15628,15631,"Taṃ paggahalakkhaṇaṃ, upatthambhanarasaṃ, anosīdanapaccupaṭṭhānaṃ."
MAIN002-S835,MAIN002,15632,15633,Pīṇayatīti pīti.
MAIN002-S836,MAIN002,15634,15641,"Sā pharaṇalakkhaṇā, tuṭṭhilakkhaṇā vā, kāyacittānaṃ pīṇanarasā, tesaṃyeva odagyapaccupaṭṭhānā."
MAIN002-S837,MAIN002,15642,15643,Kāyacittadarathapassambhanato passaddhi.
MAIN002-S838,MAIN002,15644,15648,"Sā upasamalakkhaṇā, kāyacittadarathanimmaddanarasā, āyacittānaṃ aparipphandanabhūtasītibhāvapaccupaṭṭhānā."
MAIN002-S839,MAIN002,15649,15650,Samādhānato samādhi.
MAIN002-S840,MAIN002,15651,15657,"So avikkhepalakkhaṇo, avisāralakkhaṇo vā, cittacetasikānaṃ sampiṇḍanaraso, cittaṭṭhitipaccupaṭṭhāno."
MAIN002-S841,MAIN002,15658,15659,Ajjhupekkhanato upekkhā.
MAIN002-S842,MAIN002,15660,15667,"Sā paṭisaṅkhānalakkhaṇā, samavāhitalakkhaṇā vā, ūnādhikatānivāraṇarasā, pakkhapātupacchedarasā vā, majjhattabhāvapaccupaṭṭhānā."
MAIN002-S843,MAIN002,15668,15669,Sesaṃ vuttanayameva.
MAIN002-S844,MAIN002,15670,15676,Evaṃ sesapadānampi atthato lakkhaṇādīhi ca vinicchayo viññātabbo.
MAIN002-S845,MAIN002,15677,15694,"Kamatoti ettha ca ‘‘satiñca khvāhaṃ, bhikkhave, sabbatthikaṃ vadāmī’’ti (saṃ. ni. 5.234) vacanato sabbesaṃ sesabojjhaṅgānaṃ upakārakattā satisambojjhaṅgova paṭhamaṃ vutto."
MAIN002-S846,MAIN002,15695,15712,Tato paraṃ ‘‘so tathā sato viharanto taṃ dhammaṃ paññāya pavicinatī’’tiādinā (vibha. 469) nayena sesabojjhaṅgānaṃ pubbāpariyavacane payojanaṃ sutteyeva vuttaṃ.
MAIN002-S847,MAIN002,15713,15716,Evamettha kamatopi vinicchayo viññātabbo.
MAIN002-S848,MAIN002,15717,15725,Anūnādhikatoti kasmā pana bhagavatā satteva bojjhaṅgā vuttā anūnā anadhikāti.
MAIN002-S849,MAIN002,15726,15728,Līnuddhaccapaṭipakkhato sabbatthikato ca.
MAIN002-S850,MAIN002,15729,15734,Ettha hi tayo bojjhaṅgā līnassa paṭipakkhā.
MAIN002-S851,MAIN002,15735,15757,"Yathāha – ‘‘yasmiñca kho, bhikkhave, samaye līnaṃ cittaṃ hoti, kālo tasmiṃ samaye dhammavicayasambojjhaṅgassa bhāvanāya, kālo vīriyasambojjhaṅgassa bhāvanāya, kālo pītisambojjhaṅgassa bhāvanāyā’’ti (saṃ. ni. 5.234)."
MAIN002-S852,MAIN002,15758,15760,Tayo uddhaccassa paṭipakkhā.
MAIN002-S853,MAIN002,15761,15783,"Yathāha – ‘‘yasmiñca kho, bhikkhave, samaye uddhataṃ cittaṃ hoti, kālo tasmiṃ samaye passaddhisambojjhaṅgassa bhāvanāya, kālo samādhisambojjhaṅgassa bhāvanāya, kālo upekkhāsambojjhaṅgassa bhāvanāyā’’ti (saṃ. ni. 5.234)."
MAIN002-S854,MAIN002,15784,15786,Eko panettha sabbatthiko.
MAIN002-S855,MAIN002,15787,15793,"Yathāha – ‘‘satiñca khvāhaṃ, bhikkhave, sabbatthikaṃ vadāmī’’ti."
MAIN002-S856,MAIN002,15794,15799,"‘‘Sabbatthaka’’ntipi pāṭho, dvinnampi sabbattha icchitabbanti attho."
MAIN002-S857,MAIN002,15800,15812,"Evaṃ līnuddhaccapaṭipakkhato sabbatthikato ca satteva bojjhaṅgā vuttā anūnā anadhikāti, evamettha anūnādhikatopi vinicchayo viññātabbo."
MAIN002-S858,MAIN002,15813,15826,Evaṃ tāva ‘‘satisambojjhaṅga’’ntiādinā nayena vuttānaṃ sattannaṃ ādipadānaṃyeva atthavaṇṇanaṃ ñatvā idāni bhāveti vivekanissitantiādīsu evaṃ ñātabbā.
MAIN002-S859,MAIN002,15827,15834,"Bhāvetīti vaḍḍheti, attano cittasantāne punappunaṃ janeti abhinibbattetīti attho."
MAIN002-S860,MAIN002,15835,15837,Vivekanissitanti viveke nissitaṃ.
MAIN002-S861,MAIN002,15838,15839,Vivekoti vivittatā.
MAIN002-S862,MAIN002,15840,15844,Svāyaṃ tadaṅgaviveko vikkhambhanasamucchedapaṭippassaddhi nissaraṇavivekoti pañcavidho.
MAIN002-S863,MAIN002,15845,15851,Tassa nānattaṃ ‘‘ariyadhamme avinīto’’ti ettha vuttanayeneva veditabbaṃ.
MAIN002-S864,MAIN002,15852,15856,Ayameva hi tattha vinayoti vutto.
MAIN002-S865,MAIN002,15857,15860,Evaṃ etasmiṃ pañcavidhe viveke.
MAIN002-S866,MAIN002,15861,15868,Vivekanissitanti tadaṅgavivekanissitaṃ samucchedavivekanissitaṃ nissaraṇavivekanissitañca satisambojjhaṅgaṃ bhāvetīti ayamattho veditabbo.
MAIN002-S867,MAIN002,15869,15886,"Tathā hi ayaṃ bojjhaṅgabhāvanānuyutto yogī vipassanākkhaṇe kiccato tadaṅgavivekanissitaṃ, ajjhāsayato nissaraṇavivekanissitaṃ, maggakāle pana kiccato samucchedavivekanissitaṃ, ārammaṇato nissaraṇavivekanissitaṃ satisambojjhaṅgaṃ bhāveti."
MAIN002-S868,MAIN002,15887,15898,"Pañcavidhavivekanissitantipi eke, te hi na kevalaṃ balavavipassanāmaggaphalakkhaṇesu eva bojjhaṅge uddharanti, vipassanāpādakakasiṇajjhānaānāpānāsubhabrahmavihārajjhānesupi uddharanti."
MAIN002-S869,MAIN002,15899,15902,Na ca paṭisiddhā aṭṭhakathācariyehi.
MAIN002-S870,MAIN002,15903,15911,Tasmā tesaṃ matena etesaṃ jhānānaṃ pavattikkhaṇe kiccato eva vikkhambhanavivekanissitaṃ.
MAIN002-S871,MAIN002,15912,15922,"Yathā ca ‘‘vipassanākkhaṇe ajjhāsayato nissaraṇavivekanissita’’nti vuttaṃ, evaṃ paṭippassaddhivivekanissitampi bhāvetīti vattuṃ vaṭṭati."
MAIN002-S872,MAIN002,15923,15925,Esa nayo virāganissitādīsu.
MAIN002-S873,MAIN002,15926,15929,Vivekaṭṭhā eva hi virāgādayo.
MAIN002-S874,MAIN002,15930,15936,Kevalañhettha vossaggo duvidho pariccāgavossaggo ca pakkhandanavossaggo cāti.
MAIN002-S875,MAIN002,15937,15945,"Tattha pariccāgavossaggoti vipassanākkhaṇe ca tadaṅgavasena, maggakkhaṇe ca samucchedavasena kilesappahānaṃ."
MAIN002-S876,MAIN002,15946,15952,"Pakkhandanavossaggoti vipassanākkhaṇe tanninnabhāvena, maggakkhaṇe pana ārammaṇakaraṇena nibbānapakkhandanaṃ."
MAIN002-S877,MAIN002,15953,15957,Tadubhayampi imasmiṃ lokiyalokuttaramissake atthavaṇṇanānaye vaṭṭati.
MAIN002-S878,MAIN002,15958,15967,"Tathā hi ayaṃ satisambojjhaṅgo yathāvuttena pakārena kilese pariccajati, nibbānañca pakkhandati."
MAIN002-S879,MAIN002,15968,15977,Vossaggapariṇāminti iminā pana sakalena vacanena vossaggattaṃ pariṇamantaṃ pariṇatañca paripaccantaṃ paripakkañcāti.
MAIN002-S880,MAIN002,15978,15995,"Idaṃ vuttaṃ hoti ‘‘ayañhi bojjhaṅgabhāvanānuyutto bhikkhu yathā satisambojjhaṅgo kilesapariccāgavossaggattaṃ nibbānapakkhandanavossaggattañca paripaccati, yathā ca paripakko hoti, tathā naṃ bhāvetī’’ti."
MAIN002-S881,MAIN002,15996,15998,Esa nayo sesabojjhaṅgesu.
MAIN003-S001,MAIN003,15999,16010,"Idha pana nibbānaṃyeva sabbasaṅkhatehi vivittattā viveko, sabbesaṃ virāgabhāvato virāgo, nirodhabhāvato nirodhoti vuttaṃ."
MAIN003-S002,MAIN003,16011,16022,"Maggo eva ca vossaggapariṇāmī, tasmā satisambojjhaṅgaṃ bhāveti vivekaṃ ārammaṇaṃ katvā pavattiyā vivekanissitaṃ."
MAIN003-S003,MAIN003,16023,16025,Tathā virāganissitaṃ nirodhanissitaṃ.
MAIN003-S004,MAIN003,16026,16039,Tañca kho ariyamaggakkhaṇuppattiyā kilesānaṃ samucchedato pariccāgabhāvena ca nibbānapakkhandanabhāvena ca pariṇataṃ paripakkanti ayameva attho daṭṭhabbo.
MAIN003-S005,MAIN003,16040,16042,Esa nayo sesabojjhaṅgesu.
MAIN003-S006,MAIN003,16043,16047,Yañhissāti etesu bojjhaṅgesu yaṃkiñci assa.
MAIN003-S007,MAIN003,16048,16049,Sesaṃ vuttanayameva.
MAIN003-S008,MAIN003,16050,16071,"Āsavuppattiyaṃ panettha imesaṃ uparimaggattayasampayuttānaṃ bojjhaṅgānaṃ abhāvitattā ye uppajjeyyuṃ kāmāsavo bhavāsavo avijjāsavoti tayo āsavā, bhāvayato evaṃsa te āsavā na hontīti ayaṃ nayo veditabbo."
MAIN003-S009,MAIN003,16072,16084,Ime vuccanti…pe… bhāvanā pahātabbāti ime tayo āsavā imāya maggattayasampayuttāya bojjhaṅgabhāvanāya pahātabbāti vuccantīti veditabbā.
MAIN003-S010,MAIN003,16085,16108,"28. Idāni imehi sattahākārehi pahīnāsavaṃ bhikkhuṃ thomento āsavappahāne cassa ānisaṃsaṃ dassento eteheva ca kāraṇehi āsavappahāne sattānaṃ ussukkaṃ janento yato kho, bhikkhave…pe… antamakāsi dukkhassāti āha."
MAIN003-S011,MAIN003,16109,16117,"Tattha yato khoti sāmivacane tokāro, yassa khoti vuttaṃ hoti."
MAIN003-S012,MAIN003,16118,16122,Porāṇā pana yasmiṃ kāleti vaṇṇayanti.
MAIN003-S013,MAIN003,16123,16138,"Ye āsavā dassanā pahātabbāti ye āsavā dassanena pahātabbā, te dassaneneva pahīnā honti, na appahīnesuyeva pahīnasaññī hoti."
MAIN003-S014,MAIN003,16139,16141,Evaṃ sabbattha vitthāro.
MAIN003-S015,MAIN003,16142,16150,"Sabbāsavasaṃvarasaṃvutoti sabbehi āsavapidhānehi pihito, sabbesaṃ vā āsavānaṃ pidhānehi pihito."
MAIN003-S016,MAIN003,16151,16157,"Acchecchi taṇhanti sabbampi taṇhaṃ chindi, saṃchindi samucchindi."
MAIN003-S017,MAIN003,16158,16163,Vivattayi saṃyojananti dasavidhampi saṃyojanaṃ parivattayi nimmalamakāsi.
MAIN003-S018,MAIN003,16164,16166,Sammāti hetunā kāraṇena.
MAIN003-S019,MAIN003,16167,16171,Mānābhisamayāti mānassa dassanābhisamayā pahānābhisamayā ca.
MAIN003-S020,MAIN003,16172,16178,"Arahattamaggo hi kiccavasena mānaṃ passati, ayamassa dassanābhisamayo."
MAIN003-S021,MAIN003,16179,16188,Tena diṭṭho pana so tāvadeva pahīyati diṭṭhavisena diṭṭhasattānaṃ jīvitaṃ viya.
MAIN003-S022,MAIN003,16189,16190,Ayamassa pahānābhisamayo.
MAIN003-S023,MAIN003,16191,16206,Antamakāsi dukkhassāti evaṃ arahattamaggena sammā mānassa diṭṭhattā pahīnattā ca ye ime ‘‘kāyabandhanassa anto jīrati (cūḷava. 278).
MAIN003-S024,MAIN003,16207,16256,"Haritantaṃ vā’’ti (ma. ni. 1.304) evaṃ vuttaantimamariyādanto ca, ‘‘antamidaṃ, bhikkhave, jīvikāna’’nti (itivu. 91; saṃ. ni. 3.80) evaṃ vuttalāmakanto ca, ‘‘sakkāyo eko anto’’ti (a. ni. 6.61) evaṃ vuttakoṭṭhāsanto ca, ‘‘esevanto dukkhassa sabbapaccayasaṅkhayā’’ti (saṃ. ni. 2.51) evaṃ vuttakoṭanto cāti evaṃ cattāro antā, tesu sabbasseva vaṭṭadukkhassa antaṃ catutthakoṭisaṅkhātaṃ antimakoṭisaṅkhātaṃ antamakāsi paricchedaṃ parivaṭumaṃ akāsi."
MAIN003-S025,MAIN003,16257,16261,Antimasamussayamattāvasesaṃ dukkhaṃ akāsīti vuttaṃ hoti.
MAIN003-S026,MAIN003,16262,16270,"Attamanā te bhikkhūti sakamanā tuṭṭhamanā, pītisomanassehi vā sampayuttamanā hutvā."
MAIN003-S027,MAIN003,16271,16287,"Bhagavato bhāsitaṃ abhinandunti idaṃ dukkhassa antakiriyāpariyosānaṃ bhagavato bhāsitaṃ sukathitaṃ sulapitaṃ, evametaṃ bhagavā evametaṃ sugatāti matthakena sampaṭicchantā abbhanumodiṃsūti."
MAIN003-S028,MAIN003,16288,16299,"Sesamettha yaṃ na vuttaṃ, taṃ pubbe vuttattā ca suviññeyyattā ca na vuttaṃ."
MAIN003-S029,MAIN003,16300,16304,Tasmā sabbaṃ vuttānusārena anupadaso paccavekkhitabbaṃ.
MAIN003-S030,MAIN003,16305,16306,Bhāvanāpahātabbaāsavavaṇṇanā niṭṭhitā.
MAIN003-S031,MAIN003,16307,16310,Papañcasūdaniyā majjhimanikāyaṭṭhakathāya Sabbāsavasuttavaṇṇanā niṭṭhitā.
MAIN003-S032,MAIN003,16311,16312,3. Dhammadāyādasuttavaṇṇanā
MAIN003-S033,MAIN003,16313,16317,29. Evaṃ me sutanti dhammadāyādasuttaṃ.
MAIN003-S034,MAIN003,16318,16327,"Yasmā panassa aṭṭhuppattiko nikkhepo, tasmā taṃ dassetvā vassa apubbapadavaṇṇanaṃ karissāma."
MAIN003-S035,MAIN003,16328,16332,Katarāya ca panidaṃ aṭṭhuppattiyā nikkhittanti.
MAIN003-S036,MAIN003,16333,16333,Lābhasakkāre.
MAIN003-S037,MAIN003,16334,16337,Bhagavato kira mahālābhasakkāro uppajji.
MAIN003-S038,MAIN003,16338,16342,Yathā taṃ cattāro asaṅkhyeyye pūritadānapāramīsañcayassa.
MAIN003-S039,MAIN003,16343,16356,Sabbadisāsu yamakamahāmegho vuṭṭhahitvā mahoghaṃ viya sabbapāramiyo ekasmiṃ attabhāve vipākaṃ dassāmāti sampiṇḍitā viya lābhasakkāramahoghaṃ nibbattayiṃsu.
MAIN003-S040,MAIN003,16357,16372,"Tato tato annapānayānavatthamālāgandhavilepanādihatthā khattiyabrāhmaṇādayo āgantvā – ‘‘kahaṃ buddho, kahaṃ bhagavā, kahaṃ devadevo, narāsabho, purisasīho’’ti bhagavantaṃ pariyesanti."
MAIN003-S041,MAIN003,16373,16384,Sakaṭasatehipi paccaye āharitvā okāsaṃ alabhamānā samantā gāvutappamāṇampi sakaṭadhurena sakaṭadhuramāhaccatiṭṭhanti ceva anubandhanti ca.
MAIN003-S042,MAIN003,16385,16386,Andhakavindabrāhmaṇādayo viya.
MAIN003-S043,MAIN003,16387,16394,Sabbaṃ khandhake tesu tesu suttesu ca āgatanayeneva veditabbaṃ.
MAIN003-S044,MAIN003,16395,16399,"Yathā ca bhagavato, evaṃ bhikkhusaṅghassāpi."
MAIN003-S045,MAIN003,16400,16422,"Vuttampi cetaṃ – ‘‘tena kho pana samayena bhagavā sakkato hoti garukato mānito pūjito apacito lābhī cīvarapiṇḍapātasenāsanagilānapaccayabhesajjaparikkhārānaṃ, bhikkhusaṅghopi kho sakkato hoti…pe… parikkhārāna’’nti (udā. 14)."
MAIN003-S046,MAIN003,16423,16447,"Tathā – ‘‘yāvatā kho, cunda, etarahi saṅgho vā gaṇo vā loke uppanno, nāhaṃ, cunda, aññaṃ ekasaṅghampi samanupassāmi, evaṃ lābhaggayasaggapattaṃ, yathariva, cunda, bhikkhusaṅgho’’ti (dī. ni. 3.176)."
MAIN003-S047,MAIN003,16448,16461,Svāyaṃ bhagavato ca bhikkhusaṅghassa ca uppanno lābhasakkāro ekato hutvā dvinnaṃ mahānadīnaṃ udakamiva appameyyo ahosi.
MAIN003-S048,MAIN003,16462,16466,Kamena bhikkhū paccayagarukā paccayabāhulikā ahesuṃ.
MAIN003-S049,MAIN003,16467,16478,"Pacchābhattampi telamadhuphāṇitādīsu āhaṭesu gaṇḍiṃyeva paharitvā ‘‘amhākaṃ ācariyassa detha, upajjhāyassa dethā’’ti uccāsaddamahāsaddaṃ karonti."
MAIN003-S050,MAIN003,16479,16485,Sā ca nesaṃ pavatti bhagavatopi pākaṭā ahosi.
MAIN003-S051,MAIN003,16486,16498,Tato bhagavā ananucchavikanti dhammasaṃvegaṃ uppādetvā cintesi – ‘‘Paccayā akappiyāti na sakkā sikkhāpadaṃ paññapetuṃ.
MAIN003-S052,MAIN003,16499,16502,Paccayapaṭibaddhā hi kulaputtānaṃ samaṇadhammavutti.
MAIN003-S053,MAIN003,16503,16505,Handāhaṃ dhammadāyādapaṭipadaṃ desemi.
MAIN003-S054,MAIN003,16506,16548,"Sā sikkhākāmānaṃ kulaputtānaṃ sikkhāpadapaññatti viya bhavissati nagaradvāre ṭhapitasabbakāyikaādāso viya ca, yathā hi nagaradvāre ṭhapite sabbakāyike ādāse cattāro vaṇṇā attano chāyaṃ disvā vajjaṃ pahāya niddosā honti, evameva sikkhākāmā kulaputtā payogamaṇḍanena attānaṃ maṇḍetukāmā imaṃ sabbakāyikādāsūpamaṃ desanaṃ āvajjitvā āmisadāyādapaṭipadaṃ vajjetvā dhammadāyādapaṭipadaṃ pūrentā khippameva jātijarāmaraṇassa antaṃ karissantī’’ti."
MAIN003-S055,MAIN003,16549,16553,Imissā aṭṭhuppattiyā idaṃ suttaṃ abhāsi.
MAIN003-S056,MAIN003,16554,16567,"Tattha dhammadāyādā me, bhikkhave, bhavatha, mā āmisadāyādāti dhammassa me dāyādā, bhikkhave, bhavatha, mā āmisassa."
MAIN003-S057,MAIN003,16568,16583,"Yo mayhaṃ dhammo, tassa paṭiggāhakā bhavatha, yañca kho mayhaṃ āmisaṃ, tassa mā paṭiggāhakā bhavathāti vuttaṃ hoti."
MAIN003-S058,MAIN003,16584,16589,"Tattha dhammopi duvidho – nippariyāyadhammo, pariyāyadhammoti."
MAIN003-S059,MAIN003,16590,16594,"Āmisampi duvidhaṃ – nippariyāyāmisaṃ, pariyāyāmisanti."
MAIN003-S060,MAIN003,16595,16610,"Kathaṃ? Maggaphalanibbānabhedo hi navavidhopi lokuttaradhammo nippariyāyadhammo nibbattitadhammo, na yena kenaci pariyāyena kāraṇena vā lesena vā dhammo."
MAIN003-S061,MAIN003,16611,16641,"Yaṃ panidaṃ vivaṭṭūpanissitaṃ kusalaṃ, seyyathidaṃ, idhekacco vivaṭṭaṃ patthento dānaṃ deti, sīlaṃ samādiyati, uposathakammaṃ karoti, gandhamālādīhi vatthupūjaṃ karoti, dhammaṃ suṇāti deseti jhānasamāpattiyo nibbatteti, evaṃ karonto anupubbena nippariyāyadhammaṃ amataṃ nibbānaṃ paṭilabhati, ayaṃ pariyāyadhammo."
MAIN003-S062,MAIN003,16642,16654,"Tathā cīvarādayo cattāro paccayā nippariyāyāmisameva, na aññena pariyāyena kāraṇena vā lesena vā āmisaṃ."
MAIN003-S063,MAIN003,16655,16675,"Yaṃ panidaṃ vaṭṭagāmikusalaṃ, seyyathidaṃ, idhekacco vaṭṭaṃ patthento sampattibhavaṃ icchamāno dānaṃ deti…pe… samāpattiyo nibbatteti, evaṃ karonto anupubbena devamanussasampattiṃ paṭilabhati, idaṃ pariyāyāmisaṃ nāma."
MAIN003-S064,MAIN003,16676,16679,Tattha nippariyāyadhammopi bhagavatoyeva santako.
MAIN003-S065,MAIN003,16680,16685,Bhagavatā hi kathitattā bhikkhū maggaphalanibbānāni adhigacchanti.
MAIN003-S066,MAIN003,16686,16703,"Vuttampi cetaṃ ‘‘so hi brāhmaṇa bhagavā anuppannassa maggassa uppādetā, asañjātassa maggassa sañjanetā, anakkhātassa maggassa akkhātā, maggaññū maggavidū maggakovido."
MAIN003-S067,MAIN003,16704,16739,"Maggānugā ca pana etarahi sāvakā viharanti pacchā samannāgatā’’ti (ma. ni. 3.79) ca – ‘‘so hāvuso, bhagavā jānaṃ jānāti, passaṃ passati cakkhubhūto ñāṇabhūto dhammabhūto brahmabhūto vattā pavattā atthassa ninnetā amatassa dātā dhammassāmī tathāgato’’ti (ma. ni. 1.203) ca."
MAIN003-S068,MAIN003,16740,16742,Pariyāyadhammopi bhagavatoyeva santako.
MAIN003-S069,MAIN003,16743,16757,Bhagavatā hi kathitattā evaṃ jānanti ‘‘vivaṭṭaṃ patthetvā dānaṃ dento…pe… samāpattiyo nibbattento anukkamena amataṃ nibbānaṃ paṭilabhatī’’ti.
MAIN003-S070,MAIN003,16758,16761,Nippariyāyāmisampi ca bhagavatoyeva santakaṃ.
MAIN003-S071,MAIN003,16762,16770,Bhagavatā hi anuññātattāyeva bhikkhūhi jīvakavatthuṃ ādiṃ katvā paṇītacīvaraṃ laddhaṃ.
MAIN003-S072,MAIN003,16771,16774,"Yathāha ‘‘anujānāmi, bhikkhave, gahapaticīvaraṃ."
MAIN003-S073,MAIN003,16775,16782,"Yo icchati, paṃsukūliko hotu, yo icchati, gahapaticīvaraṃ sādiyatu."
MAIN003-S074,MAIN003,16783,16788,"Itarītarenapāhaṃ, bhikkhave, santuṭṭhiṃyeva vaṇṇemī’’ti (mahāva. 337)."
MAIN003-S075,MAIN003,16789,16793,Pubbe ca bhikkhū paṇītapiṇḍapātaṃ nālatthuṃ.
MAIN003-S076,MAIN003,16794,16795,Sapadānapiṇḍiyālopabhojanā evāhesuṃ.
MAIN003-S077,MAIN003,16796,16815,"Tehi rājagahe viharantena bhagavatā – ‘‘anujānāmi, bhikkhave, saṅghabhattaṃ uddesabhattaṃ nimantanaṃ salākabhattaṃ pakkhikaṃ uposathikaṃ pāṭipadika’’nti (cūḷava. 325) evaṃ anuññātattāyeva paṇītabhojanaṃ laddhaṃ."
MAIN003-S078,MAIN003,16816,16817,Tathā senāsanaṃ.
MAIN003-S079,MAIN003,16818,16822,Pubbe hi akatapabbhārarukkhamūlādisenāsanāyeva bhikkhū ahesuṃ.
MAIN003-S080,MAIN003,16823,16840,"Te ‘‘anujānāmi, bhikkhave, pañca leṇānī’’ti (cūḷava. 294) evaṃ bhagavatā anuññātattāyeva vihāro aḍḍhayogo pāsādo hammiyaṃ guhāti imāni senāsanāni labhiṃsu."
MAIN003-S081,MAIN003,16841,16845,Pubbe ca muttaharītakeneva bhesajjaṃ akaṃsu.
MAIN003-S082,MAIN003,16846,16865,"Te bhagavatāyeva – ‘‘anujānāmi, bhikkhave, pañca bhesajjāni, seyyathidaṃ, sappi, navanītaṃ, telaṃ, madhu, phāṇita’’nti (mahāva. 260) evamādinā nayena anuññātattā nānābhesajjāni labhiṃsu."
MAIN003-S083,MAIN003,16866,16868,Pariyāyāmisampi bhagavatoyeva santakaṃ.
MAIN003-S084,MAIN003,16869,16886,Bhagavatā hi kathitattā yeva jānanti – ‘‘sampattibhavaṃ patthento dānaṃ datvā sīlaṃ…pe… samāpattiyo nibbattetvā anukkamena pariyāyāmisaṃ dibbasampattiṃ manussasampattiṃ paṭilabhatī’’ti.
MAIN003-S085,MAIN003,16887,16907,"Tadeva, yasmā nippariyāyadhammopi pariyāyadhammopi nippariyāyāmisampi pariyāyāmisampi bhagavatoyeva santakaṃ, tasmā tattha attano sāmibhāvaṃ dassento āha – ‘‘dhammadāyādā me, bhikkhave, bhavatha mā āmisadāyādā’’ti."
MAIN003-S086,MAIN003,16908,16915,"Yo mayhaṃ santako duvidhopi dhammo, tassa dāyādā bhavatha."
MAIN003-S087,MAIN003,16916,16925,"Yañca kho etaṃ mayhameva santakaṃ āmisaṃ, tassa dāyādā mā bhavatha."
MAIN003-S088,MAIN003,16926,16930,"Dhammakoṭṭhāsasseva sāmino bhavatha, mā āmisakoṭṭhāsassa."
MAIN003-S089,MAIN003,16931,16944,"Yo hi jinasāsane pabbajitvā paccayaparamo viharati catūsu taṇhuppādesu sandissamāno nikkhittadhuro dhammānudhammappaṭipattiyaṃ, ayaṃ āmisadāyādo nāma."
MAIN003-S090,MAIN003,16945,16947,Tādisā mā bhavatha.
MAIN003-S091,MAIN003,16948,16962,"Yo pana anuññātapaccayesu appicchatādīni nissāya paṭisaṅkhā sevamāno paṭipattiparamo viharati catūsu ariyavaṃsesu sandissamāno, ayaṃ dhammadāyādo nāma."
MAIN003-S092,MAIN003,16963,16966,Tādisā bhavathāti vuttaṃ hoti.
MAIN003-S093,MAIN003,16967,16991,"Idāni yesaṃ tattha etadahosi, bhavissati vā anāgatamaddhānaṃ ‘‘kiṃ nu kho bhagavā sāvakānaṃ alābhatthiko evamāhā’’ti, tesaṃ atipaṇītalābhatthiko ahaṃ evaṃ vadāmīti dassetumāha atthi me tumhesu…pe… no āmisadāyādāti."
MAIN003-S094,MAIN003,16992,17011,"Tassāyamattho – atthi me tumhesu anukampā anuddayā hitesitā, kena nu kho kāraṇena kena upāyena sāvakā dhammadāyādā assu dhammakoṭṭhāsasāmino, no āmisadāyādāti."
MAIN003-S095,MAIN003,17012,17040,"Ayaṃ pana adhippāyo, passati kira bhagavā āmisagarukānaṃ āmise upakkhalitānaṃ atītakāle tāva kapilassa bhikkhuno, ‘‘saṅghāṭipi ādittā hotī’’tiādinā (pārā. 230; saṃ. ni. 2.218) nayena āgatapāpabhikkhubhikkhunīsikkhamānādīnañca anekasatānaṃ apāyaparipūraṇattaṃ attano sāsane pabbajitānañca devadattādīnaṃ."
MAIN003-S096,MAIN003,17041,17044,Dhammagarukānaṃ pana sāriputtamoggallānamahākassapādīnaṃ abhiññāpaṭisambhidādiguṇappaṭilābhaṃ.
MAIN003-S097,MAIN003,17045,17063,"Tasmā tesaṃ apāyā parimuttiṃ sabbaguṇasampattiñca icchanto āha – ‘‘atthi me tumhesu anukampā kinti me sāvakā dhammadāyādā bhaveyyuṃ, no āmisadāyādā’’ti."
MAIN003-S098,MAIN003,17064,17074,Paccayagaruko ca catuparisantare kūṭakahāpaṇo viya nibbutaṅgāro viya ca nittejo nippabho hoti.
MAIN003-S099,MAIN003,17075,17087,"Tato vivattitacitto dhammagaruko tejavā sīhova abhibhuyyacārī, tasmāpi evamāha – ‘‘atthi me…pe… no āmisadāyādā’’ti."
MAIN003-S100,MAIN003,17088,17116,"Evaṃ ‘‘dhammadāyādā me, bhikkhave, bhavatha, mā āmisadāyādā’’ti idaṃ anukampāya paṇītataraṃ lābhaṃ icchantena vuttaṃ, no alābhatthikenāti sāvetvā idāni imassa ovādassa akaraṇe ādīnavaṃ dassento āha ‘‘tumhe ca me, bhikkhave…pe… no dhammadāyādā’’ti."
MAIN003-S101,MAIN003,17117,17128,Tattha tumhepi tena ādiyā bhaveyyāthāti tumhepi tena āmisadāyādabhāvena no dhammadāyādabhāvena ādiyā bhaveyyātha.
MAIN003-S102,MAIN003,17129,17137,"Apadisitabbā visuṃ kātabbā vavatthapetabbā, viññūhi gārayhā bhaveyyāthāti vuttaṃ hoti."
MAIN003-S103,MAIN003,17138,17143,"Kinti? Āmisadāyādā satthusāvakā viharanti, no dhammadāyādāti."
MAIN003-S104,MAIN003,17144,17155,Ahampi tena ādiyo bhaveyyanti ahampi tena tumhākaṃ āmisadāyādabhāvena no dhammadāyādabhāvena gārayho bhaveyyaṃ.
MAIN003-S105,MAIN003,17156,17158,Kinti? Āmisa…pe… dāyādāti.
MAIN003-S106,MAIN003,17159,17163,Idaṃ bhagavā tesaṃ atīva mudukaraṇatthamāha.
MAIN003-S107,MAIN003,17164,17188,"Ayañhi ettha adhippāyo – sace, bhikkhave, tumhe āmisalolā carissatha, tattha viññū maṃ garahissanti ‘‘kathañhi nāma sabbaññū samāno attano sāvake dhammadāyāde no āmisadāyāde kātuṃ na sakkotī’’ti."
MAIN003-S108,MAIN003,17189,17230,"Seyyathāpi nāma anākappasampanne bhikkhū disvā ācariyupajjhāye garahanti ‘‘kassime saddhivihārikā, kassantevāsikā’’ti; seyyathā vā pana kulakumārake vā kulakumārikāyo vā dussīle pāpadhamme disvā mātāpitaro garahanti ‘‘kassime puttā, kassa dhītaro’’ti; evameva maṃ viññū garahissanti ‘‘kathañhi nāma sabbaññū samāno attano sāvake dhammadāyāde no āmisadāyāde kātuṃ na sakkotī’’ti."
MAIN003-S109,MAIN003,17231,17242,Evaṃ imassa ovādassa akaraṇe ādīnavaṃ dassetvā karaṇe ānisaṃsaṃ dassento tumhe ca metiādimāha.
MAIN003-S110,MAIN003,17243,17315,"Tattha ahampi tena na ādiyo bhaveyyanti seyyathāpi nāma vattaparipūrake daharabhikkhū uddesaparipucchāsampanne vassasatikatthere viya ākappasampanne disvā, kassa saddhivihārikā, kassantevāsikāti, asukassāti, ‘‘patirūpaṃ therassa, paṭibalo vata ovadituṃ anusāsitu’’nti ācariyupajjhāyā na ādiyā na gārayhā bhavanti, evameva ahampi tena tumhākaṃ dhammadāyādabhāvena no āmisadāyādabhāvena kassa sāvakā nālakapaṭipadaṃ tuvaṭṭakapaṭipadaṃ candūpamapaṭipadaṃ rathavinītapaṭipadaṃ mahāgosiṅgasālapaṭipadaṃ mahāsuññatapaṭipadaṃ paṭipannā catupaccayasantosabhāvanārāmaariyavaṃsesu sakkhibhūtā paccayagedhato vivattamānasā abbhā muttacandasamā viharantīti; ‘‘samaṇassa gotamassā’’ti vutte ‘‘sabbaññū vata bhagavā, asakkhi vata sāvake āmisadāyādapaṭipadaṃ chaḍḍāpetvā dhammadāyādapaṭipattipūrake kātu’’nti viññūnaṃ na ādiyo na gārayho bhaveyyanti."
MAIN003-S111,MAIN003,17316,17323,Evamimasmiṃ pade adhippāyaṃ ñatvā sesaṃ kaṇhapakkhe vuttanayapaccanīkena veditabbaṃ.
MAIN003-S112,MAIN003,17324,17341,"Evaṃ imassa ovādassa karaṇe ānisaṃsaṃ dassetvā idāni taṃ ovādaṃ niyyātento āha – ‘‘tasmā tiha me, bhikkhave…pe… no āmisadāyādā’’ti."
MAIN003-S113,MAIN003,17342,17352,"30. Evamimaṃ ovādaṃ niyyātetvā idāni tassā dhammadāyādapaṭipattiyā paripūrakāriṃ thometuṃ idhāhaṃ, bhikkhavetiādimāha."
MAIN003-S114,MAIN003,17353,17359,Bhagavato hi thomanaṃ sutvāpi hontiyeva tadatthāya paṭipajjitāro.
MAIN003-S115,MAIN003,17360,17362,Tattha idhāti nipātapadametaṃ.
MAIN003-S116,MAIN003,17363,17367,"Bhuttāvīti bhuttavā, katabhattakiccoti vuttaṃ hoti."
MAIN003-S117,MAIN003,17368,17376,"Pavāritoti yāvadatthapavāraṇāya pavārito, yāvadatthaṃ bhuñjitvā paṭikkhittabhojano tittovāti vuttaṃ hoti."
MAIN003-S118,MAIN003,17377,17383,Catubbidhā hi pavāraṇā vassaṃvuṭṭhapavāraṇā paccayapavāraṇā anatirittapavāraṇā yāvadatthapavāraṇāti.
MAIN003-S119,MAIN003,17384,17395,"Tattha, ‘‘anujānāmi bhikkhave, vassaṃvuṭṭhānaṃ bhikkhūnaṃ tīhi ṭhānehi pavāretu’’nti (mahāva. 209) ayaṃ vassaṃvuṭṭhapavāraṇā."
MAIN003-S120,MAIN003,17396,17413,"‘‘Icchāmahaṃ, bhante, saṅghaṃ catumāsaṃ bhesajjena pavāretu’’nti (pāci. 303) ca ‘‘aññatra punapavāraṇāya aññatra niccapavāraṇāyā’’ti (pāci. 307) ca ayaṃ paccayapavāraṇā."
MAIN003-S121,MAIN003,17414,17431,"‘‘Pavārito nāma asanaṃ paññāyati, bhojanaṃ paññāyati, hatthapāse ṭhito abhiharati, paṭikkhepo paññāyati, eso pavārito nāmā’’ti (pāci. 239) ayaṃ anatirittapavāraṇā."
MAIN003-S122,MAIN003,17432,17443,"‘‘Paṇītena khādanīyena bhojanīyena sahatthā santappesi sampavāresī’’ti (dī. ni. 1.297, 358) ayaṃ yāvadatthapavāraṇā."
MAIN003-S123,MAIN003,17444,17445,Ayamidha adhippetā.
MAIN003-S124,MAIN003,17446,17450,Tena vuttaṃ ‘‘pavāritoti yāvadatthapavāraṇāya pavārito’’ti.
MAIN003-S125,MAIN003,17451,17453,Paripuṇṇoti bhojanena paripuṇṇo.
MAIN003-S126,MAIN003,17454,17457,"Pariyositoti pariyositabhojano, uttarapadalopo daṭṭhabbo."
MAIN003-S127,MAIN003,17458,17466,"Yāvatakaṃ bhuñjitabbaṃ, tāvatakaṃ bhuttaṃ hoti, avasitā me bhojanakiriyāti attho."
MAIN003-S128,MAIN003,17467,17473,"Suhitoti dhāto, jighacchādukkhābhāvena vā sukhitoti vuttaṃ hoti."
MAIN003-S129,MAIN003,17474,17481,"Yāvadatthoti yāvatako me bhojanena attho, so sabbo pattoti."
MAIN003-S130,MAIN003,17482,17487,Ettha ca purimānaṃ tiṇṇaṃ pacchimāni sādhakāni.
MAIN003-S131,MAIN003,17488,17493,"Yo hi pariyosito, so bhuttāvī hoti."
MAIN003-S132,MAIN003,17494,17499,"Yo ca suhito, so yāvadatthapavāraṇāya pavārito."
MAIN003-S133,MAIN003,17500,17503,"Yo yāvadattho, so paripuṇṇoti."
MAIN003-S134,MAIN003,17504,17506,Purimāni vā pacchimānaṃ.
MAIN003-S135,MAIN003,17507,17511,"Yasmā hi bhuttāvī, tasmā pariyosito."
MAIN003-S136,MAIN003,17512,17515,"Yasmā pavārito, tasmā suhito."
MAIN003-S137,MAIN003,17516,17519,"Yasmā paripuṇṇo, tasmā yāvadatthoti."
MAIN003-S138,MAIN003,17520,17523,Sabbañcetaṃ parikappetvā vuttanti veditabbaṃ.
MAIN003-S139,MAIN003,17524,17528,Siyāti ekaṃse ca vikappane ca.
MAIN003-S140,MAIN003,17529,17537,"‘‘Pathavīdhātu siyā ajjhattikā, siyā bāhirā’’ti (ma. ni. 3.349) ekaṃse."
MAIN003-S141,MAIN003,17538,17546,‘‘Siyā aññatarassa bhikkhuno āpatti vītikkamo’’ti (ma. ni. 3.39) vikappane.
MAIN003-S142,MAIN003,17547,17549,Idha ubhayampi vaṭṭati.
MAIN003-S143,MAIN003,17550,17551,Atirekova atirekadhammo.
MAIN003-S144,MAIN003,17552,17554,Tathā chaḍḍanīya dhammo.
MAIN003-S145,MAIN003,17555,17563,"Adhiko ca chaḍḍetabbo ca, na aññaṃ kiñci kātabboti attho."
MAIN003-S146,MAIN003,17564,17566,Athāti tamhi kāle.
MAIN003-S147,MAIN003,17567,17578,Jighacchādubbalyaparetāti jighacchāya ca dubbalyena ca paretā phuṭṭhā anugatā ca aṭṭhapi dasapi divasāni.
MAIN003-S148,MAIN003,17579,17587,"Tattha keci jighacchitāpi na dubbalā honti, sakkonti jighacchaṃ sahituṃ."
MAIN003-S149,MAIN003,17588,17593,Ime pana na tādisāti dassetuṃ ubhayamāha.
MAIN003-S150,MAIN003,17594,17596,Tyāhanti te ahaṃ.
MAIN003-S151,MAIN003,17597,17600,Sace ākaṅkhathāti yadi icchatha.
MAIN003-S152,MAIN003,17601,17610,"Appahariteti apparuḷhaharite, yasmiṃ ṭhāne piṇḍapātajjhottharaṇena vinassanadhammāni tiṇāni natthi, tasminti attho."
MAIN003-S153,MAIN003,17611,17625,"Tena nittiṇañca mahātiṇagahanaṃ ca, yattha sakaṭenapi chaḍḍite piṇḍapāte tiṇāni na vinassanti, tañca ṭhānaṃ pariggahitaṃ hoti."
MAIN003-S154,MAIN003,17626,17629,Bhūtagāmasikkhāpadassa hi avikopanatthametaṃ vuttaṃ.
MAIN003-S155,MAIN003,17630,17635,Appāṇaketi nippāṇake piṇḍapātajjhottharaṇena maritabbapāṇakarahite vā mahāudakakkhandhe.
MAIN003-S156,MAIN003,17636,17644,"Parittodake eva hi bhattapakkhepena āḷulite sukhumapāṇakā maranti, na mahātaḷākādīsūti."
MAIN003-S157,MAIN003,17645,17647,Pāṇakānurakkhaṇatthañhi etaṃ vuttaṃ.
MAIN003-S158,MAIN003,17648,17649,Opilāpessāmīti nimujjāpessāmi.
MAIN003-S159,MAIN003,17650,17653,Tatrekassāti tesu dvīsu ekassa.
MAIN003-S160,MAIN003,17654,17666,"Yo imaṃ dhammadesanaṃ suṭṭhu sutavā punappunaṃ āvajjeti ca, taṃ sandhāyāha vuttaṃ kho panetanti."
MAIN003-S161,MAIN003,17667,17677,Ayaṃ vutta-saddo kesohāraṇepi dissati ‘‘kāpaṭiko māṇavo daharo vuttasiro’’tiādīsu (ma. ni. 2.426).
MAIN003-S162,MAIN003,17678,17686,"Ropitepi ‘‘yathā sāradikaṃ bījaṃ, khette vuttaṃ virūhatī’’tiādīsu (jā. 1.3.31)."
MAIN003-S163,MAIN003,17687,17691,"Kathitepi ‘‘vuttamidaṃ bhagavatā, vuttamidaṃ arahatā’’tiādīsu."
MAIN003-S164,MAIN003,17692,17695,Idha pana kathite daṭṭhabbo.
MAIN003-S165,MAIN003,17696,17700,Kathitaṃ kho panetanti ayañhissa attho.
MAIN003-S166,MAIN003,17701,17706,"Āmisaññataranti catunnaṃ paccayāmisānaṃ aññataraṃ, ekanti attho."
MAIN003-S167,MAIN003,17707,17714,"Yadidanti nipāto, sabbaliṅgavibhattivacanesu tādisova tattha tattha atthato pariṇāmetabbo."
MAIN003-S168,MAIN003,17715,17719,Idha panāssa yo esoti attho.
MAIN003-S169,MAIN003,17720,17723,Yo eso piṇḍapāto nāma.
MAIN003-S170,MAIN003,17724,17727,Idaṃ āmisaññataranti vuttaṃ hoti.
MAIN003-S171,MAIN003,17728,17730,Yaṃnūnāhanti sādhu vatāhaṃ.
MAIN003-S172,MAIN003,17731,17738,"Evanti yathā idāni imaṃ khaṇaṃ vītināmemi, evameva rattindivaṃ."
MAIN003-S173,MAIN003,17739,17741,Vītināmeyyanti khepeyyaṃ ativattāpeyyaṃ.
MAIN003-S174,MAIN003,17742,17763,So taṃ piṇḍapātanti so taṃ sadevakena lokena sirasā sampaṭicchitabbarūpaṃ sugatātirittampi piṇḍapātaṃ abhuñjitvā dhammadāyādabhāvaṃ ākaṅkhamāno ādittasīsūpamaṃ paccavekkhitvā teneva jighacchādubbalyena evaṃ taṃ rattindivaṃ vītināmeyya.
MAIN003-S175,MAIN003,17764,17789,"Atha dutiyassāti imasmiṃ pana vāre esa saṅkhepo, sace so bhikkhu, yaṃnūnāhaṃ…pe… vītināmeyyanti cintento evampi cinteyya, pabbajitena kho vāḷamigākule araññe bhesajjaṃ viya pañcakāmaguṇavāḷākule gāme piṇḍapātopi dukkhaṃ pariyesituṃ."
MAIN003-S176,MAIN003,17790,17809,"Ayaṃ pana piṇḍapāto iti pariyesanādīnavavimutto ca sugatātiritto cāti ubhato sujātakhattiyakumāro viya hoti, yehi ca pañcahi kāraṇehi piṇḍapāto na paribhuñjitabbo hoti."
MAIN003-S177,MAIN003,17810,17817,"Seyyathidaṃ, puggalaṃ garahitvā na paribhuñjitabbo hoti ‘‘alajjipuggalassa santako’’ti."
MAIN003-S178,MAIN003,17818,17822,Aparisuddhauppattitāya na paribhuñjitabbo hoti ‘‘bhikkhuniparipācanaasantasambhāvanuppanno’’ti.
MAIN003-S179,MAIN003,17823,17829,Sāmikānukampāya na paribhuñjitabbo hoti ‘‘piṇḍapātasāmiko bhikkhu jighacchito’’ti.
MAIN003-S180,MAIN003,17830,17854,"So dhāto tasseva antevāsikādīsu anukampāya na paribhuñjitabbo hoti ‘‘antevāsikā aññe vā tappaṭibaddhā jighacchitā’’ti, tepi dhātā suhitā, apica kho assaddhatāya na paribhuñjitabbo hoti ‘‘piṇḍapātasāmiko bhikkhu assaddho’’ti."
MAIN003-S181,MAIN003,17855,17859,Tehi ca kāraṇehi ayaṃ vimutto.
MAIN003-S182,MAIN003,17860,17887,"Bhagavā hi lajjīnaṃ aggo, parisuddhuppattiko piṇḍapāto, bhagavā ca dhāto suhito, paccāsīsakopi añño puggalo natthi, ye loke saddhā, bhagavā tesaṃ aggoti evaṃ cintetvā ca so taṃ piṇḍapātaṃ bhuñjitvā…pe… vītināmeyya."
MAIN003-S183,MAIN003,17888,17898,"Ettāvatā yopi abhuñjitvā samaṇadhammaṃ karoti, sopi bhuñjitabbakameva piṇḍapātaṃ na bhutto hoti."
MAIN003-S184,MAIN003,17899,17906,"Yopi bhuñjitvā samaṇadhammaṃ karoti, sopi bhuñjitabbakameva bhutto hoti."
MAIN003-S185,MAIN003,17907,17909,Natthi piṇḍapāte viseso.
MAIN003-S186,MAIN003,17910,17913,Puggale pana atthi viseso.
MAIN003-S187,MAIN003,17914,17918,Tasmā taṃ dassento kiñcāpi sotiādimāha.
MAIN003-S188,MAIN003,17919,17922,Tattha kiñcāpīti anujānanappasaṃsanatthe nipāto.
MAIN003-S189,MAIN003,17923,17928,Kiṃ anujānāti? Tassa bhikkhuno taṃ anavajjaparibhogaṃ.
MAIN003-S190,MAIN003,17929,17932,Kiṃ pasaṃsati? Bhutvā samaṇadhammakaraṇaṃ.
MAIN003-S191,MAIN003,17933,17943,Idaṃ vuttaṃ hoti yadipi so bhikkhu evaṃ bhuñjitabbameva bhuñjitvā kātabbameva kareyya.
MAIN003-S192,MAIN003,17944,17980,"Atha kho asuyeva me purimo bhikkhūti yo purimo bhikkhu tampi piṇḍapātaṃ paṭikkhipitvā samaṇadhammaṃ karoti, soyeva mama dvīsu sūresu sūrataro viya dvīsu paṇḍitesu paṇḍitataro viya ca pujjataro ca pāsaṃsataro ca, dutiyabhikkhuto atirekena pūjanīyo ca pasaṃsanīyo cāti vuttaṃ hoti."
MAIN003-S193,MAIN003,17981,17987,Idāni tamatthaṃ kāraṇena sādhento taṃ kissa hetūtiādimāha.
MAIN003-S194,MAIN003,17988,18010,"Tassattho, tattha siyā tumhākaṃ, kasmā so bhikkhu bhagavato pujjataro ca pāsaṃsataro cāti? Tañhi tassāti yasmā taṃ piṇḍapātapaṭikkhipanaṃ tassa bhikkhuno dīgharattaṃ appicchatāya…pe… vīriyārambhāya saṃvattissati."
MAIN003-S195,MAIN003,18011,18024,Kathaṃ? Tassa hi sace aparena samayena paccayesu atricchatā vā pāpicchatā vā mahicchatā vā uppajjissati.
MAIN003-S196,MAIN003,18025,18039,Tato naṃ iminā piṇḍapātapaṭikkhepaṅkusena nivāressati ‘‘are tvaṃ sugatātirittampi piṇḍapātaṃ paṭikkhipitvā īdisaṃ icchaṃ uppādesī’’ti evaṃ paccavekkhamāno.
MAIN003-S197,MAIN003,18040,18045,Esa nayo asantuṭṭhiyā asaṃlekhassa cuppannassa nivāraṇe.
MAIN003-S198,MAIN003,18046,18051,Evaṃ tāvassa appicchatāya santuṭṭhiyā saṃlekhāya saṃvattissati.
MAIN003-S199,MAIN003,18052,18062,Subharatāyāti ettha ayaṃ saṃvaṇṇanā – idhekacco attanopi upaṭṭhākānampi dubbharo hoti dupposo.
MAIN003-S200,MAIN003,18063,18068,Ekacco attanopi upaṭṭhākānampi subharo hoti suposo.
MAIN003-S201,MAIN003,18069,18091,"Kathaṃ? Yo hi ambilādīni laddhā anambilādīni pariyesati, aññassa ghare laddhaṃ aññassa ghare chaḍḍento sabbaṃ gāmaṃ vicaritvā rittapattova vihāraṃ pavisitvā nipajjati, ayaṃ attano dubbharo."
MAIN003-S202,MAIN003,18092,18115,"Yo pana sālimaṃsodanādīnaṃ patte pūretvā dinnepi dummukhabhāvaṃ anattamanabhāvameva ca dasseti, tesaṃ vā sammukhāva taṃ piṇḍapātaṃ ‘‘kiṃ tumhehi dinna’’nti apasādento sāmaṇeragahaṭṭhādīnampi deti, ayaṃ upaṭṭhākānaṃ dubbharo."
MAIN003-S203,MAIN003,18116,18125,Etaṃ disvā manussā dūrato parivajjanti dubbharo bhikkhu na sakkā positunti.
MAIN003-S204,MAIN003,18126,18143,"Yo pana yaṃkiñci lūkhaṃ vā paṇītaṃ vā laddhā tuṭṭhacittova bhuñjitvā vihāraṃ gantvā attano kammaṃ karoti, ayaṃ attano subharo."
MAIN003-S205,MAIN003,18144,18166,"Yo ca paresampi appaṃ vā bahuṃ vā lūkhaṃ vā paṇītaṃ vā dānaṃ ahīḷetvā attamano vippasannamukho hutvā tesaṃ sammukhāva paribhuñjitvā yāti, ayaṃ upaṭṭhākānaṃ subharo."
MAIN003-S206,MAIN003,18167,18184,"Etaṃ disvā manussā ativiya vissatthā honti – ‘‘amhākaṃ bhadanto subharo thokenapi tussati, mayameva naṃ posissāmā’’ti paṭiññaṃ katvā posenti."
MAIN003-S207,MAIN003,18185,18196,Tattha sace aparena samayena assa attano vā upaṭṭhākānaṃ vā dubbharatānayena cittaṃ uppajjissati.
MAIN003-S208,MAIN003,18197,18215,"Tato naṃ iminā piṇḍapātapaṭikkhepaṅkusena nivāressati – ‘‘are tvaṃ sugatātirittampi piṇḍapātaṃ paṭikkhipitvā īdisaṃ cittaṃ uppādesī’’ti evaṃ paccavekkhamāno, evamassa subharatāya saṃvattissati."
MAIN003-S209,MAIN003,18216,18241,"Sace panassa kosajjaṃ uppajjissati, tampi etenevaṅkusena nivāressati – ‘‘are tvaṃ nāma tadā sugatātirittampi piṇḍapātaṃ paṭikkhipitvā tathā jighacchādubbalyaparetopi samaṇadhammaṃ katvā ajja kosajjamanuyuñjasī’’ti evaṃ paccavekkhamāno, evamassa vīriyārambhāya saṃvattissati."
MAIN003-S210,MAIN003,18242,18248,Evamassa idaṃ piṇḍapātapaṭikkhipanaṃ dīgharattaṃ appicchatāya…pe… vīriyārambhāya saṃvattissati.
MAIN003-S211,MAIN003,18249,18255,Evamassime pañca guṇā paripūrā dasa kathāvatthūni paripūressanti.
MAIN003-S212,MAIN003,18256,18265,"Kathaṃ? Atra hi pāḷiyaṃyeva appicchatāsantuṭṭhitāvīriyārambhavasena tīṇi āgatāni, sesāni sallekhena saṅgahitāni."
MAIN003-S213,MAIN003,18266,18270,"Idañhi sabbakathāvatthūnaṃ nāmameva, yadidaṃ sallekho."
MAIN003-S214,MAIN003,18271,18288,"Yathāha – ‘‘yā ca kho ayaṃ, ānanda, kathā abhisallekhikā cetovinīvaraṇasappāyā ekantanibbidāya virāgāya nirodhāya upasamāya abhiññāya sambodhāya nibbānāya saṃvattati."
MAIN003-S215,MAIN003,18289,18295,"Seyyathidaṃ, appicchakathā’’ti (ma. ni. 3.189, 192) vitthāro."
MAIN003-S216,MAIN003,18296,18303,Evaṃ ime pañca guṇā paripūrā dasa kathāvatthūni paripūressanti.
MAIN003-S217,MAIN003,18304,18309,Dasa kathāvatthūni paripūrāni tisso sikkhā paripūressanti.
MAIN003-S218,MAIN003,18310,18320,Kathaṃ? Etesu hi appicchakathā santosakathā asaṃsaggakathā sīlakathāti imā catasso kathā adhisīlasikkhāsaṅgahitāyeva.
MAIN003-S219,MAIN003,18321,18326,Pavivekakathā vīriyārambhakathā samādhikathāti imā tisso adhicittasikkhasaṅgahitā.
MAIN003-S220,MAIN003,18327,18332,Paññākathā vimuttikathā vimuttiñāṇadassanakathāti imā tisso adhipaññāsikkhāsaṅgahitāti.
MAIN003-S221,MAIN003,18333,18339,Evaṃ dasa kathāvatthūni paripūrāni tisso sikkhā paripūressanti.
MAIN003-S222,MAIN003,18340,18345,Tisso sikkhā paripūrā pañca asekkhadhammakkhandhe paripūressanti.
MAIN003-S223,MAIN003,18346,18366,"Kathaṃ? Paripūrā hi adhisīlasikkhā asekkho sīlakkhandhoyeva hoti, adhicittasikkhā asekkho samādhikkhandho, adhipaññāsikkhā asekkhā paññā-vimutti-vimuttiñāṇadassanakkhandhā evāti evaṃ tisso sikkhā paripūrā pañca asekkhadhammakkhandhe paripūressanti."
MAIN003-S224,MAIN003,18367,18372,Pañca dhammakkhandhā paripūrā amataṃ nibbānaṃ paripūressanti.
MAIN003-S225,MAIN003,18373,18379,Seyyathāpi uparipabbate pāvussako mahāmegho abhivuṭṭho pabbatakandarasarasākhā paripūreti.
MAIN003-S226,MAIN003,18380,18406,"Tā paripūrā kusobbhe, kusobbhā mahāsobbhe, mahāsobbhā kunnadiyo, kunnadiyo mahānadiyo, mahānadiyo mahāsamuddasāgaraṃ paripūrenti; evameva tassa bhikkhuno ime pañca guṇā paripūrā dasa kathāvatthuni ādiṃ katvā yāva amataṃ nibbānaṃ paripūressanti."
MAIN003-S227,MAIN003,18407,18422,"Evamayaṃ bhikkhu dhammadāyādapaṭipadaṃ paṭipanno paramadhammadāyādaṃ labhatīti etamatthaṃ sampassamāno bhagavā ‘‘taṃ kissa hetu tañhi tassa, bhikkhave, bhikkhuno’’tiādimāha."
MAIN003-S228,MAIN003,18423,18437,Evaṃ tassa bhikkhuno pujjatarapāsaṃsatarabhāvaṃ kāraṇena sādhetvā idāni te bhikkhū tathattāya sanniyojento tasmā tiha me bhikkhavetiādimāha.
MAIN003-S229,MAIN003,18438,18452,"Kiṃ vuttaṃ hoti, yasmā yo taṃ piṇḍapātaṃ bhuñjitvā samaṇadhammaṃ kareyya, so imehi pañcahi mūlaguṇehi paribāhiro."
MAIN003-S230,MAIN003,18453,18467,"Yo pana abhuñjitvā kareyya, so imesaṃ bhāgī hoti – ‘‘tasmā tiha me, bhikkhave…pe… no āmisadāyādā’’ti."
MAIN003-S231,MAIN003,18468,18478,Idamavoca bhagavāti idaṃ nidānapariyosānato pabhuti yāva no āmisadāyādāti suttappadesaṃ bhagavā avoca.
MAIN003-S232,MAIN003,18479,18491,Idaṃ vatvāna sugatoti idañca suttappadesaṃ vatvāva sobhanāya paṭipadāya gatattā sugatoti saṅkhaṃ pattoyeva bhagavā.
MAIN003-S233,MAIN003,18492,18503,Uṭṭhāyāsanā vihāraṃ pāvisī paññattavarabuddhāsanato uṭṭhahitvā vihāraṃ attano mahāgandhakuṭiṃ pāvisi asambhinnāya eva parisāya.
MAIN003-S234,MAIN003,18504,18505,Kasmā dhammathomanatthaṃ.
MAIN003-S235,MAIN003,18506,18518,Buddhā kira apariniṭṭhitāya desanāya vihāraṃ pavisantā dvīhi kāraṇehi pavisanti puggalathomanatthaṃ vā dhammathomanatthaṃ vā.
MAIN003-S236,MAIN003,18519,18590,"Puggalathomanatthaṃ pavisanto evaṃ cintesi – ‘‘imaṃ mayā saṃkhittena uddesaṃ uddiṭṭhaṃ, vitthārena avibhattaṃ, dhammapaṭiggāhakā bhikkhū uggahetvā ānandaṃ vā kaccānaṃ vā upasaṅkamitvā pucchissanti, te mayhaṃ ñāṇena saṃsandetvā kathessanti, tato dhammapaṭiggāhakā puna maṃ pucchissanti, tesaṃ ahaṃ sukathitaṃ, bhikkhave, ānandena sukathitaṃ kaccānena, maṃ cepi tumhe etamatthaṃ puccheyyātha, ahampi naṃ evameva byākareyyanti evaṃ te puggale thomessāmi, tato tesu gāravaṃ janetvā bhikkhū upasaṅkamissanti, tepi bhikkhū atthe ca dhamme ca niyojessanti, te tehi niyojitā tisso sikkhā paripūrentā dukkhassantaṃ karissantī’’ti."
MAIN003-S237,MAIN003,18591,18626,"Dhammathomanatthaṃ pavisanto evaṃ cintesi, yathā idheva cintesi – ‘‘mayi vihāraṃ paviṭṭhe tameva āmisadāyādaṃ garahanto dhammadāyādañca thomento imissaṃyeva parisati nisinno sāriputto dhammaṃ desessati, evaṃ dvinnampi amhākaṃ ekajjhāsayāya matiyā desitā ayaṃ desanā aggā ca garukā ca bhavissati pāsāṇacchattasadisā."
MAIN003-S238,MAIN003,18627,18636,Caturoghanittharaṇaṭṭhena titthe ṭhapitā nāvā viya maggagamanaṭṭhena catuyuttaājaññaratho viya ca bhavissati.
MAIN003-S239,MAIN003,18637,18678,"Yathā ca ‘evaṃ karontassa ayaṃ daṇḍo’ti parisati āṇaṃ ṭhapetvā uṭṭhāyāsanā pāsādaṃ āruḷhe rājini tattheva nisinno senāpati taṃ raññā ṭhapitaṃ āṇaṃ pavatteti; evampi mayā ṭhapitaṃ desanaṃ imissaṃyeva parisati nisinno sāriputto thometvā desessati, evaṃ dvinnampi amhākaṃ matiyā desitā ayaṃ desanā balavatarā majjhanhikasūriyo viya pajjalissatī’’ti."
MAIN003-S240,MAIN003,18679,18683,Evamidha dhammathomanatthaṃ uṭṭhāyāsanā vihāraṃ pāvisi.
MAIN003-S241,MAIN003,18684,18693,Īdisesu ca ṭhānesu bhagavā nisinnāsaneyeva antarahito cittagatiyā vihāraṃ pavisatīti veditabbo.
MAIN003-S242,MAIN003,18694,18712,"Yadi hi kāyagatiyā gaccheyya, sabbā parisā bhagavantaṃ parivāretvā gaccheyya, sā ekavāraṃ bhinnā puna dussannipātā bhaveyyāti bhagavā cittagatiyā eva pāvisi."
MAIN003-S243,MAIN003,18713,18726,31. Evaṃ paviṭṭhe pana bhagavati bhagavato adhippāyānurūpaṃ taṃ dhammaṃ thometukāmo tatra kho āyasmā sāriputto…pe…etadavoca.
MAIN003-S244,MAIN003,18727,18729,Tattha āyasmāti piyavacanametaṃ.
MAIN003-S245,MAIN003,18730,18738,"Sāriputtoti tassa therassa nāmaṃ, tañca kho mātito, na pitito."
MAIN003-S246,MAIN003,18739,18746,"Rūpasāriyā hi brāhmaṇiyā so putto, tasmā sāriputtoti vuccati."
MAIN003-S247,MAIN003,18747,18750,Acirapakkantassāti pakkantassa sato nacirena.
MAIN003-S248,MAIN003,18751,18760,"Āvuso, bhikkhaveti ettha pana buddhā bhagavanto sāvake ālapantā bhikkhaveti ālapanti."
MAIN003-S249,MAIN003,18761,18772,Sāvakā pana buddhehi sadisā mā homāti āvusoti paṭhamaṃ vatvā pacchā bhikkhaveti bhaṇanti.
MAIN003-S250,MAIN003,18773,18781,"Buddhehi ca ālapito bhikkhusaṅgho bhadanteti paṭivacanaṃ deti, sāvakehi āvusoti."
MAIN003-S251,MAIN003,18782,18791,"Kittāvatā nu kho, āvusoti ettha kittāvatāti paricchedavacanaṃ, kittakenāti vuttaṃ hoti."
MAIN003-S252,MAIN003,18792,18793,Nukāro pucchāyaṃ.
MAIN003-S253,MAIN003,18794,18795,Khokāro nipātamattaṃ.
MAIN003-S254,MAIN003,18796,18803,"Satthu pavivittassa viharatoti, tīhi vivekehi kāyacittaupadhivivekehi satthuno viharantassa."
MAIN003-S255,MAIN003,18804,18816,"Vivekaṃ nānusikkhantīti tiṇṇaṃ vivekānaṃ aññatarampi nānusikkhanti, āmisadāyādāva hontīti imamatthaṃ āyasmā sāriputto bhikkhū pucchi."
MAIN003-S256,MAIN003,18817,18819,Esa nayo sukkapakkhepi.
MAIN003-S257,MAIN003,18820,18826,Evaṃ vutte tamatthaṃ sotukāmā bhikkhū dūratopi khotiādimāhaṃsu.
MAIN003-S258,MAIN003,18827,18833,Tattha dūratopīti tiroraṭṭhatopi tirojanapadatopi anekayojanagaṇanatopīti vuttaṃ hoti.
MAIN003-S259,MAIN003,18834,18835,Santiketi samīpe.
MAIN003-S260,MAIN003,18836,18838,Aññātunti jānituṃ bujjhituṃ.
MAIN003-S261,MAIN003,18839,18854,"Āyasmantaṃyeva sāriputtaṃ paṭibhātūti āyasmatoyeva sāriputtassa bhāgo hotu, āyasmā pana sāriputto attano bhāgaṃ katvā vibhajatūti vuttaṃ hoti."
MAIN003-S262,MAIN003,18855,18868,"Āyasmato hi bhāgo yadidaṃ atthakkhānaṃ, amhākaṃ pana savanaṃ bhāgoti ayamettha adhippāyo, evaṃ saddalakkhaṇena sameti."
MAIN003-S263,MAIN003,18869,18873,Keci pana bhaṇanti ‘‘paṭibhātūti dissatū’’ti.
MAIN003-S264,MAIN003,18874,18875,Apare ‘‘upaṭṭhātū’’ti.
MAIN003-S265,MAIN003,18876,18878,Dhāressantīti uggahessanti pariyāpuṇissanti.
MAIN003-S266,MAIN003,18879,18884,Tato nesaṃ kathetukāmo thero tena hītiādimāha.
MAIN003-S267,MAIN003,18885,18887,Tattha tenāti kāraṇavacanaṃ.
MAIN003-S268,MAIN003,18888,18889,Hikāro nipāto.
MAIN003-S269,MAIN003,18890,18900,"Yasmā sotukāmāttha, yasmā ca mayhaṃ bhāraṃ āropayittha, tasmā suṇāthāti vuttaṃ hoti."
MAIN003-S270,MAIN003,18901,18907,"Tepi bhikkhū therassa vacanaṃ sampaṭicchiṃsu, tenāha ‘‘evamāvusoti…pe…paccassosu’’nti."
MAIN003-S271,MAIN003,18908,18938,"Atha nesaṃ, āmisadāyādaṃ garahantena bhagavatā ‘‘tumhepi tena ādiyā bhaveyyāthā’’ti ekenevākārena vuttamatthaṃ tīhi ākārehi dassento āyasmā sāriputto etadavoca – ‘‘idhāvuso, satthu pavivittassa viharato…pe… ettāvatā kho, āvuso, satthu pavivittassa viharato sāvakā vivekaṃ nānusikkhantī’’ti."
MAIN003-S272,MAIN003,18939,18961,"Ettāvatā yañca bhagavā āmisadāyādapaṭipadaṃ garahanto ‘‘tumhepi tena ādiyā bhaveyyāthā’’ti āha, yañca attanā pucchaṃ pucchi ‘‘kittāvatā nu kho…pe… nānusikkhantī’’ti, tassa vitthārato attho suvibhatto hoti."
MAIN003-S273,MAIN003,18962,18967,So ca kho bhagavato ādiyabhāvaṃ anāmasitvāva.
MAIN003-S274,MAIN003,18968,18979,"Bhagavatoyeva hi yuttaṃ sāvake anuggaṇhantassa ‘‘ahampi tena ādiyo bhavissāmī’’ti vattuṃ, na sāvakānaṃ."
MAIN003-S275,MAIN003,18980,18985,"Esa nayo sukkapakkhepi, ayaṃ tāvettha anusandhikkamayojanā."
MAIN003-S276,MAIN003,18986,18996,"Ayaṃ panatthavaṇṇanā idhāti imasmiṃ sāsane, satthu pavivittassāti satthuno tīhi vivekehi accantapavivittassa."
MAIN003-S277,MAIN003,18997,19004,"Vivekaṃ nānusikkhantīti kāyavivekaṃ nānusikkhanti, na paripūrentīti vuttaṃ hoti."
MAIN003-S278,MAIN003,19005,19013,"Yadi pana tividhaṃ vivekaṃ sandhāya vadeyya, pucchāya aviseso siyā."
MAIN003-S279,MAIN003,19014,19016,Byākaraṇapakkho hi ayaṃ.
MAIN003-S280,MAIN003,19017,19030,"Tasmā iminā padena kāyavivekaṃ, ‘‘yesañca dhammāna’’ntiādinā cittavivekaṃ, ‘‘bāhulikā’’tiādinā upadhivivekañca dassetīti evamettha saṅkhepato attho veditabbo."
MAIN003-S281,MAIN003,19031,19042,"Yesañca dhammānanti lobhādayo sandhāyāha, ye parato ‘‘tatrāvuso lobho ca pāpako’’tiādinā nayena vakkhati."
MAIN003-S282,MAIN003,19043,19050,"Nappajahantīti na pariccajanti, cittavivekaṃ na paripūrentīti vuttaṃ hoti."
MAIN003-S283,MAIN003,19051,19053,Bāhulikāti cīvarādibāhullāya paṭipannā.
MAIN003-S284,MAIN003,19054,19057,Sāsanaṃ sithilaṃ gaṇhantīti sāthalikā.
MAIN003-S285,MAIN003,19058,19069,"Okkamane pubbaṅgamāti ettha okkamanaṃ vuccanti avagamanaṭṭhena pañca nīvaraṇāni, tena pañcanīvaraṇapubbaṅgamāti vuttaṃ hoti."
MAIN003-S286,MAIN003,19070,19072,Paviveketi upadhiviveke nibbāne.
MAIN003-S287,MAIN003,19073,19083,"Nikkhittadhurāti oropitadhurā, tadadhigamāya ārambhampi akurumānāti, ettāvatā upadhivivekaṃ na paripūrentīti vuttaṃ hoti."
MAIN003-S288,MAIN003,19084,19090,Ettāvatā aniyameneva vatvā idāni desanaṃ niyamento ‘‘tatrāvuso’’tiādimāha.
MAIN003-S289,MAIN003,19091,19104,"Kasmā? Sāvakā ‘‘tīhi ṭhānehī’’ti evañhi aniyametvāva vuccamāne ‘‘kampi maññe bhaṇati, na amhe’’ti udāsināpi honti."
MAIN003-S290,MAIN003,19105,19115,‘‘Therā navā majjhimā’’ti evaṃ pana niyametvā vuccamāne amhe bhaṇatīti ādaraṃ karonti.
MAIN003-S291,MAIN003,19116,19143,"Yathā raññā ‘‘amaccehi nagaravīthiyo sodhetabbā’’ti vuttepi ‘‘kena nu kho sodhetabbā’’ti maññamānā na sodhenti, attano attano gharadvāraṃ sodhetabbanti pana bheriyā nikkhantāya sabbe muhuttena sodhenti ca alaṅkaronti ca, evaṃsampadamidaṃ veditabbaṃ."
MAIN003-S292,MAIN003,19144,19147,Tattha tatrāti tesu sāvakesu.
MAIN003-S293,MAIN003,19148,19151,Therāti dasavasse upādāya vuccanti.
MAIN003-S294,MAIN003,19152,19155,Tīhi ṭhānehīti tīhi kāraṇehi.
MAIN003-S295,MAIN003,19156,19159,Ayañhi ṭhānasaddo issariyaṭṭhitikhaṇakāraṇesu dissati.
MAIN003-S296,MAIN003,19160,19170,‘‘Kiṃ panāyasmā devānamindo kammaṃ katvā imaṃ ṭhānaṃ patto’’tiādīsu hi issariye dissati.
MAIN003-S297,MAIN003,19171,19174,‘‘Ṭhānakusalo hoti akkhaṇavedhī’’tiādīsu ṭhitiyaṃ.
MAIN003-S298,MAIN003,19175,19181,‘‘Ṭhānasovetaṃ tathāgataṃ paṭibhātī’’tiādīsu (ma. ni. 2.87) khaṇe.
MAIN003-S299,MAIN003,19182,19191,‘‘Ṭhānañca ṭhānato aṭṭhānañca aṭṭhānato’’tiādīsu (vibha. 809; ma. ni. 1.148) kāraṇe.
MAIN003-S300,MAIN003,19192,19194,Idha pana kāraṇeyeva.
MAIN003-S301,MAIN003,19195,19203,"Kāraṇañhi yasmā tattha phalaṃ tiṭṭhati tadāyattavuttibhāvena, tasmā ṭhānanti vuccati."
MAIN003-S302,MAIN003,19204,19212,Iminā paṭhamena ṭhānena therā bhikkhū gārayhāti ettha gārayhāti garahitabbā.
MAIN003-S303,MAIN003,19213,19240,"Therā nāma samānā araññavanapatthāni pantāni senāsanāni na upenti, gāmantasenāsanaṃ na muñcanti, saṅgaṇikārāmataṃ vaḍḍhentā viharanti, kāyavivekampi na paripūrenti, navamajjhimakāle kīdisā ahesunti evaṃ ninditabbā honti, imaṃ nindaṃ āvuso labhantīti dasseti."
MAIN003-S304,MAIN003,19241,19276,"Dutiyena ṭhānenāti etthāpi ime nāma āvuso therāpi samānā yesaṃ dhammānaṃ satthā pahānamāha, te lobhādidhamme na jahanti, accharāsaṅghātamattampi ekamantaṃ nisīditvā cittekaggataṃ na labhanti, navamajjhimakāle kīdisā ahesunti evaṃ ninditabbā honti, imaṃ nindaṃ āvuso labhantīti dassetīti evaṃ yojanā kātabbā."
MAIN003-S305,MAIN003,19277,19304,"Tatiyena ṭhānenāti etthāpi ime nāmāvuso, therāpi samānā itarītarena na yāpenti, cīvarapattasenāsanapūtikāyamaṇḍanānuyogamanuyuttā viharanti upadhivivekaṃ apūrayamānā, navamajjhimakāle kīdisā ahesunti evaṃ ninditabbā honti, imaṃ nindaṃ, āvuso, labhantīti dassetīti evaṃ yojanā veditabbā."
MAIN003-S306,MAIN003,19305,19307,Esa nayo majjhimanavavāresu.
MAIN003-S307,MAIN003,19308,19310,Ayaṃ pana viseso.
MAIN003-S308,MAIN003,19311,19317,Majjhimāti pañcavasse upādāya yāva nava vassā vuccanti.
MAIN003-S309,MAIN003,19318,19320,Navāti ūnapañcavassā vuccanti.
MAIN003-S310,MAIN003,19321,19339,"Yathā ca tattha navamajjhimakāle kīdisā ahesunti vuttaṃ, evamidha navakāle kīdisā ahesuṃ, therakāle kīdisā bhavissanti, majjhimatherakāle kīdisā bhavissantīti vatvā yojetabbaṃ."
MAIN003-S311,MAIN003,19340,19346,32. Imasmiñca kaṇhapakkhe vuttapaccanīkanayena sukkapakkhe attho veditabbo.
MAIN003-S312,MAIN003,19347,19349,Ayaṃ panettha saṅkhepo.
MAIN003-S313,MAIN003,19350,19380,"Ime vata therāpi samānā yojanaparamparāya araññavanapatthāni pantāni senāsanāni sevanti, gāmantasenāsanaṃ upagantuṃ yuttakālepi na upagacchanti, evaṃ jiṇṇasarīrāpi āraddhavīriyā paccayadāyakānaṃ pasādaṃ janenti, navamajjhimakāle kīdisā ahesunti iminā paṭhamena ṭhānena therā pāsaṃsā bhavanti, pasaṃsaṃ labhanti."
MAIN003-S314,MAIN003,19381,19420,"Lobhādayo pahāya cittavivekaṃ pūrenti, ayampi mahāthero saddhivihārikaantevāsikaparivārito hutvā nisīdituṃ yuttakālepi īdisepi vaye vattamāne bhattakiccaṃ katvā paviṭṭho sāyaṃ nikkhamati, sāyaṃ paviṭṭho pāto nikkhamati, kasiṇaparikammaṃ karoti, samāpattiyo nibbatteti, maggaphalāni adhigacchati, sabbathāpi cittavivekaṃ pūretīti iminā dutiyena ṭhānena therā bhikkhū pāsaṃsā bhavanti, pasaṃsaṃ labhanti."
MAIN003-S315,MAIN003,19421,19454,"Yasmiṃ kāle therassa paṭṭadukūlakoseyyādīni sukhasamphassāni lahucīvarādīni yuttāni, tasmimpi nāma kāle ayaṃ mahāthero paṃsukūlāni dhāreti, asithilaṃ sāsanaṃ gahetvā vigatanīvaraṇo phalasamāpattiṃ appetvā upadhivivekaṃ paripūrayamāno viharati, navamajjhimakāle kīdiso ahosīti iminā tatiyena ṭhānena therā pāsaṃsā bhavanti, pasaṃsaṃ labhantīti."
MAIN003-S316,MAIN003,19455,19457,Esa nayo majjhimanavavāresu.
MAIN003-S317,MAIN003,19458,19485,"33. Tatrāvusoti ko anusandhi, evaṃ navahākārehi āmisadāyādapaṭipadaṃ garahanto, navahi dhammadāyādapaṭipadaṃ thomento, aṭṭhārasahākārehi desanaṃ niṭṭhāpetvā, ye te ‘‘yesañca dhammānaṃ satthā pahānamāha, te ca dhamme na pajahantī’’ti evaṃ pahātabbadhammā vuttā."
MAIN003-S318,MAIN003,19486,19495,"Te sarūpato ‘‘ime te’’ti dassetumidaṃ ‘‘tatrāvuso, lobho cā’’tiādimāha, ayaṃ anusandhi."
MAIN003-S319,MAIN003,19496,19500,Apica heṭṭhā pariyāyeneva dhammo kathito.
MAIN003-S320,MAIN003,19501,19505,Āmisaṃ pana pariyāyenapi nippariyāyenapi kathitaṃ.
MAIN003-S321,MAIN003,19506,19509,Idāni nippariyāyadhammaṃ lokuttaramaggaṃ kathetumidamāha.
MAIN003-S322,MAIN003,19510,19512,Ayaṃ pettha anusandhi.
MAIN003-S323,MAIN003,19513,19525,"Tattha tatrāti atītadesanānidassanaṃ, ‘‘satthu pavivittassa viharato sāvakā vivekaṃ nānusikkhantī’’tiādinā nayena vuttadesanāyanti vuttaṃ hoti."
MAIN003-S324,MAIN003,19526,19539,"Lobho ca pāpako, doso ca pāpakoti ime dve dhammā pāpakā lāmakā, ime pahātabbāti dasseti."
MAIN003-S325,MAIN003,19540,19542,Tattha lubbhanalakkhaṇo lobho.
MAIN003-S326,MAIN003,19543,19544,Dussanalakkhaṇo doso.
MAIN003-S327,MAIN003,19545,19552,"Tesu lobho āmisadāyādassa paccayānaṃ lābhe hoti, doso alābhe."
MAIN003-S328,MAIN003,19553,19559,"Lobhena aladdhaṃ pattheti, dosena alabhanto vighātavā hoti."
MAIN003-S329,MAIN003,19560,19568,"Lobho ca deyyadhamme hoti, doso adāyake vā amanuññadāyake vā."
MAIN003-S330,MAIN003,19569,19575,"Lobhena navataṇhāmūlake dhamme paripūreti, dosena pañca macchariyāni."
MAIN003-S331,MAIN003,19576,19582,Idāni tesaṃ pahānūpāyaṃ dassento lobhassa ca pahānāyātiādimāha.
MAIN003-S332,MAIN003,19583,19591,"Tassattho, tassa pana pāpakassa lobhassa ca dosassa ca pahānāya."
MAIN003-S333,MAIN003,19592,19598,Atthi majjhimā paṭipadāti maggaṃ sandhāya idaṃ vuttaṃ.
MAIN003-S334,MAIN003,19599,19620,"Maggo hi lobho eko anto, doso eko antoti ete dve ante na upeti, na upagacchati, vimutto etehi antehi, tasmā ‘‘majjhimā paṭipadā’’ti vuccati."
MAIN003-S335,MAIN003,19621,19627,"Etesaṃ majjhe bhavattā ‘‘majjhimā, paṭipajjitabbato ca paṭipadāti."
MAIN003-S336,MAIN003,19628,19642,"Tathā kāmasukhallikānuyogo eko anto, attakilamathānuyogo eko anto, sassataṃ eko anto, ucchedo eko antoti purimanayeneva vitthāretabbaṃ."
MAIN003-S337,MAIN003,19643,19647,Cakkhukaraṇītiādīhi pana tameva paṭipadaṃ thometi.
MAIN003-S338,MAIN003,19648,19654,Sā hi saccānaṃ dassanāya saṃvattati dassanapariṇāyakaṭṭhenāti cakkhukaraṇī.
MAIN003-S339,MAIN003,19655,19659,Saccānaṃ ñāṇāya saṃvattati viditakaraṇaṭṭhenāti ñāṇakaraṇī.
MAIN003-S340,MAIN003,19660,19663,Rāgādīnañca vūpasamanato upasamāya saṃvattati.
MAIN003-S341,MAIN003,19664,19668,Catunnampi saccānaṃ abhiññeyyabhāvadassanato abhiññāya saṃvattati.
MAIN003-S342,MAIN003,19669,19674,"Sambodhoti maggo, tassatthāya saṃvattanato sambodhāya saṃvattati."
MAIN003-S343,MAIN003,19675,19680,Maggoyeva hi maggatthāya saṃvattati maggena kātabbakiccakaraṇato.
MAIN003-S344,MAIN003,19681,19691,Nibbānaṃ nāma appaccayaṃ tassa pana sacchikiriyāya paccakkhakammāya saṃvattanato nibbānāya saṃvattatīti vuccati.
MAIN003-S345,MAIN003,19692,19693,Ayamettha sāro.
MAIN003-S346,MAIN003,19694,19697,Ito aññathā vaṇṇanā papañcā.
MAIN003-S347,MAIN003,19698,19710,Idāni taṃ majjhimaṃ paṭipadaṃ sarūpato dassetukāmo ‘‘katamā ca sā’’ti pucchitvā ‘‘ayamevā’’tiādinā nayena vissajjeti.
MAIN003-S348,MAIN003,19711,19716,"Tattha ayamevāti avadhāraṇavacanaṃ, aññamaggappaṭisedhanatthaṃ, buddhapaccekabuddhabuddhasāvakānaṃ sādhāraṇabhāvadassanatthañca."
MAIN003-S349,MAIN003,19717,19725,Vuttañcetaṃ ‘‘eseva maggo natthañño dassanassa visuddhiyā’’ti (dha. pa. 274).
MAIN003-S350,MAIN003,19726,19729,Svāyaṃ kilesānaṃ ārakattāpi ariyo.
MAIN003-S351,MAIN003,19730,19736,Aripahānāya saṃvattatītipi ariyena desitotipi ariyabhāvappaṭilābhāya saṃvattatītipi ariyo.
MAIN003-S352,MAIN003,19737,19745,"Aṭṭhahi aṅgehi upetattā aṭṭhaṅgiko, na ca aṅgavinimutto pañcaṅgikatūriyādīni viya."
MAIN003-S353,MAIN003,19746,19759,"Kilese mārento gacchati, maggati vā nibbānaṃ, maggīyati vā nibbānatthikehi, gammati vā tehi paṭipajjīyatīti maggo."
MAIN003-S354,MAIN003,19760,19771,"Seyyathidanti nipāto, tassa katamo so iti ceti attho, katamāni vā tāni aṭṭhaṅgānīti."
MAIN003-S355,MAIN003,19772,19774,Ekamekañhi aṅgaṃ maggoyeva.
MAIN003-S356,MAIN003,19775,19783,Yathāha ‘‘sammādiṭṭhi maggo ceva hetu cā’’ti (dha. sa. 1039).
MAIN003-S357,MAIN003,19784,19792,"Porāṇāpi bhaṇanti – ‘‘dassanamaggo sammādiṭṭhi, abhiniropanamaggo sammāsaṅkappo…pe… avikkhepamaggo sammāsamādhī’’ti."
MAIN003-S358,MAIN003,19793,19797,Sammādiṭṭhādīsu cetesu sammā dassanalakkhaṇā sammādiṭṭhi.
MAIN003-S359,MAIN003,19798,19800,Sammā abhiniropanalakkhaṇo sammāsaṅkappo.
MAIN003-S360,MAIN003,19801,19803,Sammā pariggahalakkhaṇā sammāvācā.
MAIN003-S361,MAIN003,19804,19806,Sammā samuṭṭhānalakkhaṇo sammākammanto.
MAIN003-S362,MAIN003,19807,19809,Sammā vodānalakkhaṇo sammāājīvo.
MAIN003-S363,MAIN003,19810,19812,Sammā paggahalakkhaṇo sammāvāyāmo.
MAIN003-S364,MAIN003,19813,19815,Sammā upaṭṭhānalakkhaṇā sammāsati.
MAIN003-S365,MAIN003,19816,19818,Sammā samādhānalakkhaṇo sammāsamādhi.
MAIN003-S366,MAIN003,19819,19826,Nibbacanampi nesaṃ sammā passatīti sammādiṭṭhīti eteneva nayena veditabbaṃ.
MAIN003-S367,MAIN003,19827,19849,"Tattha sammādiṭṭhi uppajjamānā micchādiṭṭhiṃ tappaccanīyakilese ca avijjañca pajahati, nibbānañca ārammaṇaṃ karoti, sampayuttadhamme ca passati, te ca kho asammohato, no ārammaṇato, tasmā ‘‘sammādiṭṭhī’’ti vuccati."
MAIN003-S368,MAIN003,19850,19864,"Sammāsaṅkappo micchāsaṅkappaṃ tappaccanīyakilese ca pajahati, nibbānañca ārammaṇaṃ karoti, sampayuttadhamme ca sammā abhiniropeti, tasmā ‘‘sammāsaṅkappo’’ti vuccati."
MAIN003-S369,MAIN003,19865,19879,"Sammāvācā micchāvācaṃ tappaccanīyakilese ca pajahati, nibbānañca ārammaṇaṃ karoti, sampayuttadhamme ca sammā pariggaṇhāti, tasmā ‘‘sammāvācā’’ti vuccati."
MAIN003-S370,MAIN003,19880,19894,"Sammākammanto micchākammantaṃ tappaccanīyakilese ca pajahati, nibbānañca ārammaṇaṃ karoti, sampayuttadhamme ca sammā samuṭṭhāpeti, tasmā ‘‘sammākammanto’’ti vuccati."
MAIN003-S371,MAIN003,19895,19909,"Sammāājīvo micchāājīvaṃ tappaccanīyakilese ca pajahati, nibbānañca ārammaṇaṃ karoti, sampayuttadhamme ca sammā vodāpeti, tasmā ‘‘sammāājīvo’’ti vuccati."
MAIN003-S372,MAIN003,19910,19925,"Sammāvāyāmo micchāvāyāmaṃ tappaccanīyakilese ca kosajjañca pajahati, nibbānañca ārammaṇaṃ karoti, sampayuttadhamme ca sammā paggaṇhāti, tasmā ‘‘sammāvāyāmo’’ti vuccati."
MAIN003-S373,MAIN003,19926,19940,"Sammāsati micchāsatiṃ tappaccanīyakilese ca pajahati, nibbānañca ārammaṇaṃ karoti, sampayuttadhamme ca sammā upaṭṭhāpeti, tasmā ‘‘sammāsatī’’ti vuccati."
MAIN003-S374,MAIN003,19941,19956,"Sammāsamādhi micchāsamādhiṃ tappaccanīyakilese ca uddhaccañca pajahati, nibbānañca ārammaṇaṃ karoti, sampayuttadhamme ca sammā samādhiyati, tasmā ‘‘sammāsamādhī’’ti vuccati."
MAIN003-S375,MAIN003,19957,19965,"Idāni ayaṃ kho sā, āvusoti tameva paṭipadaṃ nigamento āha."
MAIN003-S376,MAIN003,19966,19980,"Tassattho, yvāyaṃ cattāropi lokuttaramagge ekato katvā kathito ‘‘aṭṭhaṅgiko maggo’’, ayaṃ kho sā, āvuso…pe… nibbānāya saṃvattatīti."
MAIN003-S377,MAIN003,19981,19994,"Evaṃ pahātabbadhammesu lobhadose tappahānupāyañca dassetvā idāni aññepi pahātabbadhamme tesaṃ pahānupāyañca dassento tatrāvuso, kodho cātiādimāha."
MAIN003-S378,MAIN003,19995,20001,"Tattha kujjhanalakkhaṇo kodho, caṇḍikkalakkhaṇo vā, āghātakaraṇaraso, dussanapaccupaṭṭhāno."
MAIN003-S379,MAIN003,20002,20006,"Upanandhanalakkhaṇo upanāho, vera appaṭinissajjanaraso, kodhānupabandhabhāvapaccupaṭṭhāno."
MAIN003-S380,MAIN003,20007,20014,"Vuttañcetaṃ – ‘‘pubbakāle kodho, aparakāle upanāho’’tiādi (vibha. 891)."
MAIN003-S381,MAIN003,20015,20019,"Paraguṇamakkhanalakkhaṇo makkho, tesaṃ vināsanaraso, tadavacchādanapaccupaṭṭhāno."
MAIN003-S382,MAIN003,20020,20028,"Yugaggāhalakkhaṇo paḷāso, paraguṇehi attano guṇānaṃ samīkaraṇaraso, paresaṃ guṇappamāṇena upaṭṭhānapaccupaṭṭhāno."
MAIN003-S383,MAIN003,20029,20037,"Parasampattikhīyanalakkhaṇā issā, tassā akkhamanalakkhaṇā vā, tattha anabhiratirasā, tato vimukhabhāvapaccupaṭṭhānā."
MAIN003-S384,MAIN003,20038,20045,"Attano sampattinigūhanalakkhaṇaṃ maccheraṃ, attano sampattiyā parehi sādhāraṇabhāvaasukhāyanarasaṃ, saṅkocanapaccupaṭṭhānaṃ."
MAIN003-S385,MAIN003,20046,20050,"Katapāpapaṭicchādanalakkhaṇā māyā, tassa nigūhanarasā, tadāvaraṇapaccupaṭṭhānā."
MAIN003-S386,MAIN003,20051,20058,"Attano avijjamānaguṇapakāsanalakkhaṇaṃ sāṭheyyaṃ, tesaṃ samudāharaṇarasaṃ, sarīrākārehipi tesaṃ vibhūtakaraṇapaccupaṭṭhānaṃ."
MAIN003-S387,MAIN003,20059,20063,"Cittassa uddhumātabhāvalakkhaṇo thambho, appatissayavuttiraso, amaddavatāpaccupaṭṭhāno."
MAIN003-S388,MAIN003,20064,20067,"Karaṇuttariyalakkhaṇo sārambho, vipaccanīkatāraso, agāravapaccupaṭṭhāno."
MAIN003-S389,MAIN003,20068,20071,"Uṇṇatilakkhaṇo māno, ahaṃkāraraso, uddhumātabhāvapaccupaṭṭhāno."
MAIN003-S390,MAIN003,20072,20075,"Abbhuṇṇatilakkhaṇo atimāno, ativiya ahaṅkāraraso."
MAIN003-S391,MAIN003,20076,20076,Accuddhumātabhāvapaccupaṭṭhāno.
MAIN003-S392,MAIN003,20077,20080,"Mattabhāvalakkhaṇo mado, madaggāhaṇaraso, ummādapaccupaṭṭhāno."
MAIN003-S393,MAIN003,20081,20091,"Pañcasu kāmaguṇesu cittavossaggalakkhaṇo pamādo, vossaggānuppadānaraso, sativippavāsapaccupaṭṭhānoti evaṃ imesaṃ dhammānaṃ lakkhaṇādīni veditabbāni."
MAIN003-S394,MAIN003,20092,20103,"Ayamettha saṅkhepo, vitthāro pana ‘‘tattha katamo kodho’’tiādinā vibhaṅge (vibha. 891) vuttanayeneva veditabbo."
MAIN003-S395,MAIN003,20104,20118,"Visesato cettha āmisadāyādo attanā alabhanto aññassa lābhino kujjhati, tassa sakiṃ uppanno kodho kodhoyeva, tatuttari upanāho."
MAIN003-S396,MAIN003,20119,20150,"So evaṃ kuddho upanayhanto ca santepi aññassa lābhino guṇe makkheti, ahampi tādisoti ca yugaggāhaṃ gaṇhāti, ayamassa makkho ca paḷāso ca, evaṃ makkhī paḷāsī tassa lābhasakkārādīsu kiṃ imassa imināti issati padussati, ayamassa issā."
MAIN003-S397,MAIN003,20151,20162,"Sace panassa kāci sampatti hoti, tassā tena sādhāraṇabhāvaṃ na sahati, idamassa maccheraṃ."
MAIN003-S398,MAIN003,20163,20171,"Lābhahetu kho pana attano santepi dose paṭicchādeti, ayamassa māyā."
MAIN003-S399,MAIN003,20172,20174,Asantepi guṇe pakāseti.
MAIN003-S400,MAIN003,20175,20176,Idamassa sāṭheyyaṃ.
MAIN003-S401,MAIN003,20177,20194,"So evaṃ paṭipanno sace yathādhippāyaṃ lābhaṃ labhati, tena thaddho hoti amuducitto, nayidaṃ evaṃ kātabbanti ovadituṃ asakkuṇeyyo, ayamassa thambho."
MAIN003-S402,MAIN003,20195,20214,"Sace pana naṃ koci kiñci vadati ‘‘nayidaṃ evaṃ kātabba’’nti, tena sāraddhacitto hoti bhākuṭikamukho ‘‘ko me tva’’nti pasayha bhāṇī, ayamassa sārambho."
MAIN003-S403,MAIN003,20215,20222,Tato thambhena ‘‘ahameva seyyo’’ti attānaṃ maññanto mānī hoti.
MAIN003-S404,MAIN003,20223,20233,"Sārambhena ‘‘ke ime’’ti pare atimaññanto atimānī, ayamassa māno ca atimāno ca."
MAIN003-S405,MAIN003,20234,20239,So tehi mānātimānehi jātimadādianekarūpaṃ madaṃ janeti.
MAIN003-S406,MAIN003,20240,20249,"Matto samāno kāmaguṇādibhedesu vatthūsu pamajjati, ayamassa mado ca pamādo cāti."
MAIN003-S407,MAIN003,20250,20259,Evaṃ āmisadāyādo aparimutto hoti imehi pāpakehi dhammehi aññehi ca evarūpehi.
MAIN003-S408,MAIN003,20260,20263,Evaṃ tāvettha pahātabbadhammā veditabbā.
MAIN003-S409,MAIN003,20264,20270,Pahānupāyo pāṭhato ca atthato ca sabbattha nibbisesoyeva.
MAIN003-S410,MAIN003,20271,20280,Ñāṇaparicayapāṭavatthaṃ panettha ayaṃ bhedo ca kamo ca bhāvanānayo ca veditabbo.
MAIN003-S411,MAIN003,20281,20293,"Tattha bhedo tāva, ayañhi majjhimā paṭipadā kadāci ariyo aṭṭhaṅgiko maggo hoti, kadāci sattaṅgiko."
MAIN003-S412,MAIN003,20294,20301,"Ayañhi lokuttarapaṭhamajjhānavasena uppajjamāno aṭṭhaṅgiko maggo hoti, avasesajjhānavasena sattaṅgiko."
MAIN003-S413,MAIN003,20302,20305,Ukkaṭṭhaniddesato panidha aṭṭhaṅgikoti vutto.
MAIN003-S414,MAIN003,20306,20309,Ito parañhi maggaṅgaṃ natthi.
MAIN003-S415,MAIN003,20310,20313,Evaṃ tāvettha bhedo veditabbo.
MAIN003-S416,MAIN003,20314,20326,"Yasmā pana sabbakusalānaṃ sammādiṭṭhi seṭṭhā, yathāha ‘‘paññā hi seṭṭhā kusalā vadantī’’ti (jā. 2.17.81)."
MAIN003-S417,MAIN003,20327,20345,"Kusalavāre ca pubbaṅgamā, yathāha ‘‘kathañca, bhikkhave, sammādiṭṭhi pubbaṅgamā hoti, sammādiṭṭhiṃ sammādiṭṭhīti pajānāti, micchādiṭṭhiṃ micchādiṭṭhīti pajānātī’’ti (ma. ni. 3.136) vitthāro."
MAIN003-S418,MAIN003,20346,20355,"Yathā cāha ‘‘vijjā ca kho, bhikkhave, pubbaṅgamā kusalānaṃ dhammānaṃ samāpattiyā’’ti."
MAIN003-S419,MAIN003,20356,20367,"Tappabhavābhinibbattāni sesaṅgāni, yathāha ‘‘sammādiṭṭhissa sammāsaṅkappo pahoti…pe… sammāsatissa sammāsamādhi pahotī’’ti (ma. ni. 3.141)."
MAIN003-S420,MAIN003,20368,20376,Tasmā iminā kamena etāni aṅgāni vuttānīti evamettha kamo veditabbo.
MAIN003-S421,MAIN003,20377,20384,"Bhāvanānayoti koci samathapubbaṅgamaṃ vipassanaṃ bhāveti, koci vipassanāpubbaṅgamaṃ samathaṃ."
MAIN003-S422,MAIN003,20385,20403,"Kathaṃ? Idhekacco paṭhamaṃ upacārasamādhiṃ vā appanāsamādhiṃ vā uppādeti, ayaṃ samatho; so tañca taṃsampayutte ca dhamme aniccādīhi vipassati, ayaṃ vipassanā."
MAIN003-S423,MAIN003,20404,20408,"Iti paṭhamaṃ samatho, pacchā vipassanā."
MAIN003-S424,MAIN003,20409,20413,Tena vuccati ‘‘samathapubbaṅgamaṃ vipassanaṃ bhāvetī’’ti.
MAIN003-S425,MAIN003,20414,20439,"Tassa samathapubbaṅgamaṃ vipassanaṃ bhāvayato maggo sañjāyati, so taṃ maggaṃ āsevati bhāveti bahulīkaroti, tassa taṃ maggaṃ āsevato bhāvayato bahulīkaroto saṃyojanāni pahīyanti, anusayā byantīhonti, evaṃ samathapubbaṅgamaṃ vipassanaṃ bhāveti."
MAIN003-S426,MAIN003,20440,20449,"Idha panekacco vuttappakāraṃ samathaṃ anuppādetvāva pañcupādānakkhandhe aniccādīhi vipassati, ayaṃ vipassanā."
MAIN003-S427,MAIN003,20450,20460,"Tassa vipassanāpāripūriyā tattha jātānaṃ dhammānaṃ vossaggārammaṇato uppajjati cittassa ekaggatā, ayaṃ samatho."
MAIN003-S428,MAIN003,20461,20465,Iti paṭhamaṃ vipassanā pacchā samatho.
MAIN003-S429,MAIN003,20466,20470,Tena vuccati ‘‘vipassanāpubbaṅgamaṃ samathaṃ bhāvetī’’ti.
MAIN003-S430,MAIN003,20471,20497,"Tassa vipassanāpubbaṅgamaṃ samathaṃ bhāvayato maggo sañjāyati, so taṃ maggaṃ āsevati…pe… bahulīkaroti, tassa taṃ maggaṃ āsevato…pe… anusayā byantīhonti (a. ni. 4.170; paṭi. ma. 2.1), evaṃ vipassanāpubbaṅgamaṃ samathaṃ bhāveti."
MAIN003-S431,MAIN003,20498,20508,Samathapubbaṅgamaṃ pana vipassanaṃ bhāvayatopi vipassanāpubbaṅgamaṃ samathaṃ bhāvayatopi lokuttaramaggakkhaṇe samathavipassanā yuganaddhāva honti.
MAIN003-S432,MAIN003,20509,20511,Evamettha bhāvanānayo veditabboti.
MAIN003-S433,MAIN003,20512,20515,Papañcasūdaniyā majjhimanikāyaṭṭhakathāya Dhammadāyādasuttavaṇṇanā niṭṭhitā.
MAIN003-S434,MAIN003,20516,20517,4. Bhayabheravasuttavaṇṇanā
MAIN003-S435,MAIN003,20518,20522,34. Evaṃ me sutanti bhayabheravasuttaṃ.
MAIN003-S436,MAIN003,20523,20528,Tatrāyaṃ apubbapadavaṇṇanā – athāti avicchedanatthe nipāto.
MAIN003-S437,MAIN003,20529,20536,"Khoti avadhāraṇatthe, bhagavato sāvatthiyaṃ vihāre avicchinneyevāti vuttaṃ hoti."
MAIN003-S438,MAIN003,20537,20544,"Jāṇussoṇīti netaṃ tassa mātāpitūhi katanāmaṃ, apica kho ṭhānantarapaṭilābhaladdhaṃ."
MAIN003-S439,MAIN003,20545,20555,"Jāṇussoṇiṭṭhānaṃ kira nāmetaṃ purohitaṭṭhānaṃ, taṃ tassa raññā dinnaṃ, tasmā ‘‘jānussoṇī’’ti vuccati."
MAIN003-S440,MAIN003,20556,20561,"Brahmaṃ aṇatīti brāhmaṇo, mante sajjhāyatīti attho."
MAIN003-S441,MAIN003,20562,20565,Idameva hi jātibrāhmaṇānaṃ niruttivacanaṃ.
MAIN003-S442,MAIN003,20566,20570,Ariyā pana bāhitapāpattā brāhmaṇāti vuccanti.
MAIN003-S443,MAIN003,20571,20584,"Yena bhagavā tenupasaṅkamīti yenāti bhummatthe karaṇavacanaṃ, tasmā yattha bhagavā, tattha upasaṅkamīti evamettha attho daṭṭhabbo."
MAIN003-S444,MAIN003,20585,20596,"Yena vā kāraṇena bhagavā devamanussehi upasaṅkamitabbo, tena kāraṇena upasaṅkamīti evamettha attho daṭṭhabbo."
MAIN003-S445,MAIN003,20597,20606,"Kena ca kāraṇena bhagavā upasaṅkamitabbo? Nānappakāraguṇavisesādhigamādhippāyena, sāduphalūpabhogādhippāyena dijagaṇehi niccaphalitamahārukkho viya."
MAIN003-S446,MAIN003,20607,20611,Upasaṅkamīti ca gatoti vuttaṃ hoti.
MAIN003-S447,MAIN003,20612,20613,Upasaṅkamitvāti upasaṅkamanapariyosānadīpanaṃ.
MAIN003-S448,MAIN003,20614,20625,Atha vā evaṃ gato tato āsannataraṃ ṭhānaṃ bhagavato samīpasaṅkhātaṃ gantvātipi vuttaṃ hoti.
MAIN003-S449,MAIN003,20626,20645,"Bhagavatā saddhiṃ sammodīti yathā khamanīyādīni pucchanto bhagavā tena, evaṃ sopi bhagavatā saddhiṃ samappavattamodo ahosi, sītodakaṃ viya uṇhodakena sammoditaṃ ekībhāvaṃ agamāsi."
MAIN003-S450,MAIN003,20646,20681,"Yāya ca ‘‘kacci te, bho gotama, khamanīyaṃ, kacci yāpanīyaṃ, kacci bhoto gotamassa gotamasāvakānañca appābādhaṃ appātaṅkaṃ lahuṭṭhānaṃ balaṃ phāsuvihāro’’tiādikāya kathāya sammodi, taṃ pītipāmojjasaṅkhātasammodajananato sammodituṃ yuttabhāvato ca sammodanīyaṃ, atthabyañjanamadhuratāya sucirampi kālaṃ sāretuṃ nirantaraṃ pavattetuṃ araharūpato saritabbabhāvato ca sārāṇīyaṃ."
MAIN003-S451,MAIN003,20682,20687,"Suyyamānasukhato ca sammodanīyaṃ, anussariyamānasukhato ca sāraṇīyaṃ."
MAIN003-S452,MAIN003,20688,20707,"Tathā byañjanaparisuddhatāya sammodanīyaṃ, atthaparisuddhatāya sāraṇīyanti evaṃ anekehi pariyāyehi sammodanīyaṃ kathaṃ sāraṇīyaṃ vītisāretvā pariyosāpetvā niṭṭhāpetvā yenatthena āgato, taṃ pucchitukāmo ekamantaṃ nisīdi."
MAIN003-S453,MAIN003,20708,20716,"Ekamantanti bhāvanapuṃsakaniddeso, ‘‘visamaṃ candimasūriyā parivattantī’’tiādīsu (a. ni. 4.70) viya."
MAIN003-S454,MAIN003,20717,20727,"Tasmā yathā nisinno ekamantaṃ nisinno hoti, tathā nisīdīti evamettha attho daṭṭhabbo."
MAIN003-S455,MAIN003,20728,20731,Bhummatthe vā etaṃ upayogavacanaṃ.
MAIN003-S456,MAIN003,20732,20733,Nisīdīti upāvisi.
MAIN003-S457,MAIN003,20734,20747,"Paṇḍitā hi purisā garuṭṭhāniyaṃ upasaṅkamitvā āsanakusalatāya ekamantaṃ nisīdanti, ayañca nesaṃ aññataro, tasmā ekamantaṃ nisīdi."
MAIN003-S458,MAIN003,20748,20753,Kathaṃ nisinno pana ekamantaṃ nisinno hotīti.
MAIN003-S459,MAIN003,20754,20756,Cha nisajjadose vajjetvā.
MAIN003-S460,MAIN003,20757,20763,"Seyyathidaṃ, atidūraṃ accāsannaṃ uparivātaṃ unnatapadesaṃ atisammukhaṃ atipacchāti."
MAIN003-S461,MAIN003,20764,20772,"Atidūre nisinno hi sace kathetukāmo hoti, uccāsaddena kathetabbaṃ hoti."
MAIN003-S462,MAIN003,20773,20776,Accāsanne nisinno saṅghaṭṭanaṃ karoti.
MAIN003-S463,MAIN003,20777,20780,Uparivāte nisinno sarīragandhena bādhati.
MAIN003-S464,MAIN003,20781,20784,Unnatappadese nisinno agāravaṃ pakāseti.
MAIN003-S465,MAIN003,20785,20794,"Atisammukhā nisinno sace daṭṭhukāmo hoti, cakkhunā cakkhuṃ āhacca daṭṭhabbaṃ hoti."
MAIN003-S466,MAIN003,20795,20803,"Atipacchā nisinno sace daṭṭhukāmo hoti, gīvaṃ pasāretvā daṭṭhabbaṃ hoti."
MAIN003-S467,MAIN003,20804,20814,"Tasmā ayampi ete cha nisajjadose vajjetvā nisīdi, tena vuttaṃ ‘‘ekamantaṃ nisīdī’’ti."
MAIN003-S468,MAIN003,20815,20817,Yemeti ye ime.
MAIN003-S469,MAIN003,20818,20822,Kulaputtāti duvidhā kulaputtā jātikulaputtā ācārakulaputtā.
MAIN003-S470,MAIN003,20823,20842,Tattha ‘‘tena kho pana samayena raṭṭhapālo nāma kulaputto tasmiṃyeva thullakoṭṭhike aggakulassa putto’’ti (ma. ni. 2.294) evaṃ āgatā uccākulappasutā jātikulaputtā nāma.
MAIN003-S471,MAIN003,20843,20862,‘‘Ye te kulaputtā saddhā agārasmā anagāriyaṃ pabbajitā’’ti (ma. ni. 3.78) evaṃ āgatā pana yattha katthaci kule pasutāpi ācārasampannā ācārakulaputtā nāma.
MAIN003-S472,MAIN003,20863,20867,Idha pana dvīhipi kāraṇehi kulaputtāyeva.
MAIN003-S473,MAIN003,20868,20869,Saddhāti saddhāya.
MAIN003-S474,MAIN003,20870,20871,Agārasmāti agārato.
MAIN003-S475,MAIN003,20872,20874,Anagāriyanti pabbajjaṃ bhikkhubhāvañca.
MAIN003-S476,MAIN003,20875,20884,"Pabbajjāpi hi natthettha agāriyanti anagāriyā, agārassa hitaṃ kasigorakkhādikammamettha natthīti attho."
MAIN003-S477,MAIN003,20885,20891,"Bhikkhupi natthetassa agāranti anagāro, anagārassa bhāvo anagāriyaṃ."
MAIN003-S478,MAIN003,20892,20902,"Pabbajitāti upagatā, evaṃ sabbathāpi anagāriyasaṅkhātaṃ pabbajjaṃ bhikkhubhāvaṃ vā upagatāti vuttaṃ hoti."
MAIN003-S479,MAIN003,20903,20906,Pubbaṅgamoti purato gāmī nāyako.
MAIN003-S480,MAIN003,20907,20909,Bahukāroti hitakiriyāya bahūpakāro.
MAIN003-S481,MAIN003,20910,20920,Bhavaṃ tesaṃ gotamo samādapetāti te kulaputte bhavaṃ gotamo adhisīlādīni gāhetā sikkhāpetā.
MAIN003-S482,MAIN003,20921,20924,Sā janatāti so janasamūho.
MAIN003-S483,MAIN003,20925,20939,"Diṭṭhānugatiṃ āpajjatīti dassanānugatiṃ paṭipajjati, yandiṭṭhiko bhavaṃ gotamo yaṃkhantiko yaṃruciko, tepi tandiṭṭhikā honti taṃkhantikā taṃrucikāti attho."
MAIN003-S484,MAIN003,20940,20996,"Kasmā panāyaṃ evamāhāti? Esa kira pubbe aneke kulaputte agāramajjhe vasante devaputte viya pañcahi kāmaguṇehi paricāriyamāne anto ca bahi ca susaṃvihitārakkhe disvā, te aparena samayena bhagavato madhurarasaṃ dhammadesanaṃ sutvā saddhāya gharā nikkhamma pabbajitvā ghāsacchādanaparamatāya santuṭṭhe āraññakesu senāsanesu kenaci arakkhiyamānepi anussaṅkitāparisaṅkite haṭṭhapahaṭṭhe udaggudagge addasa, disvā ca imesaṃ kulaputtānaṃ ‘‘ayaṃ phāsuvihāro kaṃ nissāya uppanno’’ti cintento ‘‘samaṇaṃ gotama’’nti bhagavati pasādaṃ alattha."
MAIN003-S485,MAIN003,20997,21005,"So taṃ pasādaṃ nivedetuṃ bhagavato santikaṃ āgato, tasmā evamāha."
MAIN003-S486,MAIN003,21006,21014,Athassa bhagavā taṃ vacanaṃ sampaṭicchanto abbhanumodanto ca evametaṃ brāhmaṇātiādimāha.
MAIN003-S487,MAIN003,21015,21020,Vacanasampaṭicchanānumodanatthoyeva hi ettha ayaṃ evanti nipāto.
MAIN003-S488,MAIN003,21021,21024,Mamaṃ uddissāti maṃ uddissa.
MAIN003-S489,MAIN003,21025,21026,Saddhāti saddhāyeva.
MAIN003-S490,MAIN003,21027,21031,Na iṇaṭṭhā na bhayaṭṭātiādīni sandhāyāha.
MAIN003-S491,MAIN003,21032,21037,"Īdisānaṃyeva hi bhagavā pubbaṅgamo, na itaresaṃ."
MAIN003-S492,MAIN003,21038,21048,"Durabhisambhavāni hīti sambhavituṃ dukkhāni dussahāni, na sakkā appesakkhehi ajjhogāhitunti vuttaṃ hoti."
MAIN003-S493,MAIN003,21049,21053,Araññavanapatthānīti araññāni ca vanapatthāni ca.
MAIN003-S494,MAIN003,21054,21073,"Tattha kiñcāpi abhidhamme nippariyāyena, ‘‘nikkhamitvā bahi indakhilā sabbametaṃ arañña’’nti vuttaṃ, tathāpi yantaṃ ‘‘pañcadhanusatikaṃ pacchima’’nti āraññikaṅganipphādakaṃ senāsanaṃ vuttaṃ, tadeva adhippetanti veditabbaṃ."
MAIN003-S495,MAIN003,21074,21083,"Vanapatthanti gāmantaṃ atikkamitvā manussānaṃ anupacāraṭṭhānaṃ, yattha na kasīyati na vapīyati."
MAIN003-S496,MAIN003,21084,21103,"Vuttampi cetaṃ ‘‘vanapatthanti dūrānametaṃ senāsanānaṃ adhivacanaṃ, vanapatthanti vanasaṇḍānametaṃ senāsanānaṃ, vanapatthanti bhiṃsanakānametaṃ, vanapatthanti salomahaṃsānametaṃ, vanapatthanti pariyantānametaṃ, vanapatthanti na manussūpacārānametaṃ senāsanānaṃ adhivacana’’nti."
MAIN003-S497,MAIN003,21104,21112,Ettha ca pariyantānanti imamekaṃ pariyāyaṃ ṭhapetvā sesapariyāyehi vanapatthāni veditabbānī.
MAIN003-S498,MAIN003,21113,21115,Pantānīti pariyantāni atidūrāni.
MAIN003-S499,MAIN003,21116,21119,Dukkaraṃ pavivekanti kāyavivekaṃ dukkaraṃ.
MAIN003-S500,MAIN003,21120,21123,Durabhiramanti abhiramituṃ na sukhaṃ.
MAIN003-S501,MAIN003,21124,21125,Ekatteti ekībhāve.
MAIN003-S502,MAIN003,21126,21133,Kiṃ dasseti? Kāyaviveke katepi tattha cittaṃ abhiramāpetuṃ dukkaraṃ.
MAIN003-S503,MAIN003,21134,21137,Dvayaṃdvayārāmo hi ayaṃ lokoti.
MAIN003-S504,MAIN003,21138,21143,Haranti maññeti haranti viya ghasanti viya.
MAIN003-S505,MAIN003,21144,21145,Manoti manaṃ.
MAIN003-S506,MAIN003,21146,21152,Samādhiṃ alabhamānassāti upacārasamādhiṃ vā appanāsamādhiṃ vā alabhantassa.
MAIN003-S507,MAIN003,21153,21173,"Kiṃ dasseti? Īdisassa bhikkhuno tiṇapaṇṇamigādisaddehi vividhehi ca bhiṃsanakehi vanāni cittaṃ vikkhipanti maññeti, sabbaṃ brāhmaṇo saddhāpabbajitānaṃ kulaputtānaṃ araññavāse (vibha. 529) vimhito āha."
MAIN003-S508,MAIN003,21174,21174,Kāyakammantavārakathā
MAIN003-S509,MAIN003,21175,21210,"35. Athassa bhagavā purimanayeneva ‘‘evametaṃ brāhmaṇā’’tiādīhi taṃ taṃ vacanaṃ sampaṭicchitvā abbhanumoditvā ca yasmā soḷasasu ṭhānesu ārammaṇapariggaharahitānaṃyeva tādisāni senāsanāni durabhisambhavāni, na tesu ārammaṇapariggāhayuttānaṃ, attanā ca bodhisatto samāno tādiso ahosi, tasmā attano tādisānaṃ senāsanānaṃ durabhisambhavataṃ dassetuṃ, mayhampi khotiādimāha."
MAIN003-S510,MAIN003,21211,21219,"Tattha pubbeva sambodhāti sambodhato pubbeva, ariyamaggappattito aparabhāgeyevāti vuttaṃ hoti."
MAIN003-S511,MAIN003,21220,21221,Anabhisambuddhassāti appaṭividdhacatusaccassa.
MAIN003-S512,MAIN003,21222,21233,"Bodhisattasseva satoti bujjhanakasattasseva sammāsambodhiṃ adhigantuṃ arahasattasseva sato, bodhiyā vā sattasseva laggasseva sato."
MAIN003-S513,MAIN003,21234,21254,"Dīpaṅkarassa hi bhagavato pādamūle aṭṭhadhammasamodhānena abhinīhārasamiddhito pabhuti tathāgato bodhiyā satto laggo ‘‘pattabbā mayā esā’’ti tadadhigamāya parakkamaṃ amuñcantoyeva āgato, tasmā bodhisattoti vuccati."
MAIN003-S514,MAIN003,21255,21261,Tassa mayhanti tassa evaṃ bodhisattasseva sato mayhaṃ.
MAIN003-S515,MAIN003,21262,21274,Ye kho keci samaṇā vā brāhmaṇā vāti ye keci pabbajjūpagatā vā bhovādino vā.
MAIN003-S516,MAIN003,21275,21279,Aparisuddhakāyakammantāti aparisuddhena pāṇātipātādinā kāyakammantena samannāgatā.
MAIN003-S517,MAIN003,21280,21288,"Aparisuddhakāyakammantasandosahetūti aparisuddhassa kāyakammantasaṅkhātassa attano dosassa hetu, aparisuddhakāyakammantakāraṇāti vuttaṃ hoti."
MAIN003-S518,MAIN003,21289,21291,Haveti ekaṃsavacane nipāto.
MAIN003-S519,MAIN003,21292,21294,Akusalanti sāvajjaṃ akkhemañca.
MAIN003-S520,MAIN003,21295,21297,Bhayabheravanti bhayañca bheravañca.
MAIN003-S521,MAIN003,21298,21302,Cittutrāsassa ca bhayānakārammaṇassa cetaṃ adhivacanaṃ.
MAIN003-S522,MAIN003,21303,21309,"Tatra bhayaṃ sāvajjaṭṭhena akusalaṃ, bheravaṃ akkhemaṭṭhenāti veditabbaṃ."
MAIN003-S523,MAIN003,21310,21311,Avhāyantīti pakkosanti.
MAIN003-S524,MAIN003,21312,21335,"Kathaṃ? Te hi pāṇātipātādīni katvā ‘‘mayaṃ ayuttamakamhā, sace no te jāneyyuṃ, yesaṃ aparajjhimhā, idāni anubandhitvā anayabyasanaṃ āpādeyyu’’nti araññaṃ pavisitvā gacchantare vā gumbantare vā nisīdanti."
MAIN003-S525,MAIN003,21336,21355,"Te ‘‘appamattakampi tiṇasaddaṃ vā paṇṇasaddaṃ vā sutvā, idānimhā naṭṭhā’’ti tasanti vittasanti, āgantvā parehi parivāritā viya baddhā vadhitā viya ca honti."
MAIN003-S526,MAIN003,21356,21362,Evaṃ taṃ bhayabheravaṃ attani samāropanaṭṭhena avhāyanti pakkosanti.
MAIN003-S527,MAIN003,21363,21376,Na kho panāhaṃ…pe… paṭisevāmīti ahaṃ kho pana aparisuddhakāyakammanto hutvā araññavanapatthāni pantāni senāsanāni na paṭisevāmi.
MAIN003-S528,MAIN003,21377,21382,Ye hi voti ettha voti nipātamattaṃ.
MAIN003-S529,MAIN003,21383,21388,Ariyā vuccanti buddhā ca buddhasāvakā ca.
MAIN003-S530,MAIN003,21389,21391,Parisuddhakāyakammantāti īdisā hutvā.
MAIN003-S531,MAIN003,21392,21397,Tesamahaṃ aññataroti tesaṃ ahampi eko aññataro.
MAIN003-S532,MAIN003,21398,21403,Bodhisatto hi gahaṭṭhopi pabbajitopi parisuddhakāyakammantova hoti.
MAIN003-S533,MAIN003,21404,21406,Bhiyyoti atirekatthe nipāto.
MAIN003-S534,MAIN003,21407,21411,"Pallomanti pannalomataṃ, khemaṃ sotthibhāvanti attho."
MAIN003-S535,MAIN003,21412,21420,"Āpādinti āpajjiṃ, atirekaṃ sotthibhāvaṃ atirekena vā sotthibhāvamāpajjinti vuttaṃ hoti."
MAIN003-S536,MAIN003,21421,21424,Araññe vihārāyāti araññe vihāratthāya.
MAIN003-S537,MAIN003,21425,21426,Kāyakammantavārakathā niṭṭhitā.
MAIN003-S538,MAIN003,21427,21427,Vacīkammantavārādivaṇṇanā
MAIN003-S539,MAIN003,21428,21431,36. Esa nayo sabbattha.
MAIN003-S540,MAIN003,21432,21441,"Ayaṃ pana viseso, vacīkammantavāre tāva aparisuddhavacīkammantāti aparisuddhena musāvādādinā vacīkammantena samannāgatā."
MAIN003-S541,MAIN003,21442,21481,"Te kathaṃ bhayabheravaṃ avhāyanti? Te musāvādena parassa atthaṃ bhañjitvā, pisuṇavācāya mittabhedaṃ katvā pharusavācāya paresaṃ parisamajjhe mammāni tuditvā niratthakavācāya parasattānaṃ kammante nāsetvā ‘‘mayaṃ ayuttamakamhā, sace no te jāneyyuṃ, yesaṃ aparajjhimhā, idāni anubandhitvā anayabyasanaṃ pāpeyyu’’nti araññaṃ pavisitvā gacchantare vā gumbantare vā nisīdanti."
MAIN003-S542,MAIN003,21482,21501,Te ‘‘appamattakampi tiṇasaddaṃ vā paṇṇasaddaṃ vā sutvā idānimhā naṭṭhā’’ti tasanti vittasanti āgantvā parehi parivāritā viya baddhā vadhitā viya ca honti.
MAIN003-S543,MAIN003,21502,21508,"Evaṃ taṃ bhayabheravaṃ attani samāropanaṭṭhena avhāyanti, pakkosanti."
MAIN003-S544,MAIN003,21509,21514,Manokammantavāre aparisuddhamanokammantāti aparisuddhena abhijjhādinā manokammantena samannāgatā.
MAIN003-S545,MAIN003,21515,21535,Te kathaṃ bhayabheravaṃ avhāyanti? Te paresaṃ rakkhitagopitesu bhaṇḍesu abhijjhāvisamalobhaṃ uppādetvā parassa kujjhitvā parasatte micchādassanaṃ gāhāpetvā mayaṃ ayuttamakamhā…pe… attani samāropanaṭṭhena avhāyanti pakkosanti.
MAIN003-S546,MAIN003,21536,21542,Ājīvavāre aparisuddhājīvāti aparisuddhena vejjakammadūtakammavaḍḍhipayogādinā ekavīsatianesanabhedena ājīvena samannāgatā.
MAIN003-S547,MAIN003,21543,21570,"Te kathaṃ bhayabheravaṃ avhāyanti? Te evaṃ jīvikaṃ kappetvā suṇanti – ‘‘sāsanasodhakā kira tepiṭakā bhikkhū sāsanaṃ sodhetuṃ nikkhantā, ajja vā sve vā idhāgamissantī’’ti araññaṃ pavisitvā gacchantare vā…pe… tasanti vittasanti."
MAIN003-S548,MAIN003,21571,21580,Te hi āgantvā parivāretvā gahitā viya odātavatthanivāsitā viya ca hontīti.
MAIN003-S549,MAIN003,21581,21582,Sesaṃ tādisameva.
MAIN003-S550,MAIN003,21583,21595,37. Ito paraṃ abhijjhālūtiādīsu kiñcāpi abhijjhābyāpādā manokammantena saṅgahitā tathāpi nīvaraṇavasena puna vuttāti veditabbā.
MAIN003-S551,MAIN003,21596,21598,Tattha abhijjhālūti parabhaṇḍādiabhijjhāyanasīlā.
MAIN003-S552,MAIN003,21599,21646,"Kāmesu tibbasārāgāti vatthukāmesu bahalakilesarāgā, te kathaṃ bhayabheravaṃ avhāyanti? Te avavatthitārammaṇā honti, tesaṃ avavatthitārammaṇānaṃ araññe viharantānaṃ divā diṭṭhaṃ rattiṃ bhayabheravaṃ hutvā upaṭṭhāti – ‘‘te ākulacittā appamattakenapi tasanti vittasanti, rajjuṃ vā lataṃ vā disvā sappasaññino honti, khāṇuṃ disvā yakkhasaññino, thalaṃ vā pabbataṃ vā disvā hatthisaññino sappādīhi anayabyasanaṃ āpāditā viya hontī’’ti."
MAIN003-S553,MAIN003,21647,21648,Sesaṃ tādisameva.
MAIN003-S554,MAIN003,21649,21652,38. Byāpannacittāti pakatibhāvavijahanena vipannacittā.
MAIN003-S555,MAIN003,21653,21660,"Kilesānugatañhi cittaṃ pakatibhāvaṃ vijahati, purāṇabhattabyañjanaṃ viya pūtikaṃ hoti."
MAIN003-S556,MAIN003,21661,21669,"Paduṭṭhamanasaṅkappāti paduṭṭhacittasaṅkappā, abhadrakena paresaṃ anatthajanakena cittasaṅkappena samannāgatāti vuttaṃ hoti."
MAIN003-S557,MAIN003,21670,21679,Te kathaṃ bhayabheravaṃ avhāyanti? Bhayabheravāvhāyanaṃ ito pabhuti abhijjhāluvāre vuttanayeneva veditabbaṃ.
MAIN003-S558,MAIN003,21680,21685,"Yattha pana viseso bhavissati, tattha vakkhāma."
MAIN003-S559,MAIN003,21686,21699,"Na kho panāhaṃ byāpannacittoti ettha pana mettacitto ahaṃ hitacittoti dasseti, īdisā hi bodhisattā honti."
MAIN003-S560,MAIN003,21700,21705,Evaṃ sabbattha vuttadosapaṭipakkhavasena bodhisattassa guṇā vaṇṇetabbā.
MAIN003-S561,MAIN003,21706,21717,"39. Thinamiddhapariyuṭṭhitāti cittagelaññabhūtena thinena sesanāmakāyagelaññabhūtena middhena ca pariyuṭṭhitā, abhibhūtā gahitāti vuttaṃ hoti."
MAIN003-S562,MAIN003,21718,21720,Te niddābahulā honti.
MAIN003-S563,MAIN003,21721,21733,"40. Uddhatāti uddhaccapakatikā vipphandamānacittā, uddhaccena hi ekārammaṇe cittaṃ vipphandati dhajayaṭṭhiyaṃ vātena paṭākā viya."
MAIN003-S564,MAIN003,21734,21739,"Avūpasantacittāti anibbutacittā, idha kukkuccaṃ gahetuṃ vaṭṭati."
MAIN003-S565,MAIN003,21740,21746,41. Kaṅkhī vicikicchīti ettha ekamevidaṃ pañcamaṃ nīvaraṇaṃ.
MAIN003-S566,MAIN003,21747,21764,"Kiṃ nu kho idanti ārammaṇaṃ kaṅkhanato kaṅkhā, idamevidanti nicchetuṃ asamatthabhāvato vicikicchāti vuccati, tena samannāgatā samaṇabrāhmaṇā ‘‘kaṅkhī vicikicchī’’ti vuttā."
MAIN003-S567,MAIN003,21765,21783,"42. Attukkaṃsanakā paravambhīti ye attānaṃ ukkaṃsenti ukkhipanti, ucce ṭhāne ṭhapenti, parañca vambhenti garahanti nindanti, nīce ṭhāne ṭhapenti, tesametaṃ adhivacanaṃ."
MAIN003-S568,MAIN003,21784,21813,"Te kathaṃ bhayabheravaṃ avhāyanti? Te parehi ‘‘asuko ca kira asuko ca attānaṃ ukkaṃsenti, amhe garahanti, dāse viya karonti, gaṇhatha ne’’ti anubaddhā palāyitvā araññaṃ pavisitvā gacchantare vā gumbantare vāti kāyakammantasadisaṃ vitthāretabbaṃ."
MAIN003-S569,MAIN003,21814,21818,43. Chambhīti kāyathambhanalomahaṃsanakarena thambhena samannāgatā.
MAIN003-S570,MAIN003,21819,21827,"Bhīrukajātikāti bhīrukapakatikā, gāmadārakā viya bhayabahulā asūrā kātarāti vuttaṃ hoti."
MAIN003-S571,MAIN003,21828,21835,"44. Lābhasakkārasilokanti ettha labbhatīti lābho, catunnaṃ paccayānametaṃ adhivacanaṃ."
MAIN003-S572,MAIN003,21836,21847,"Sakkāroti sundarakāro, paccayā eva hi paṇītapaṇītā sundarasundarā ca abhisaṅkharitvā katā sakkārāti vuccanti."
MAIN003-S573,MAIN003,21848,21855,Yā ca parehi attano gāravakiriyā pupphādīhi vā pūjā.
MAIN003-S574,MAIN003,21856,21862,"Silokoti vaṇṇabhaṇanaṃ etaṃ, lābhañca sakkārañca silokañca lābhasakkārasilokaṃ."
MAIN003-S575,MAIN003,21863,21864,Nikāmayamānāti patthayamānā.
MAIN003-S576,MAIN003,21865,21866,Bhayabheravāvhāyanaṃ abhijjhāluvārasadisameva.
MAIN003-S577,MAIN003,21867,21890,Tadatthadīpakaṃ panettha piyagāmikavatthuṃ kathenti – Eko kira piyagāmiko nāma bhikkhu samādinnadhutaṅgānaṃ bhikkhūnaṃ lābhaṃ disvā ‘‘ahampi dhutaṅgaṃ samādiyitvā lābhaṃ uppādemī’’ti cintetvā sosānikaṅgaṃ samādāya susāne vasati.
MAIN003-S578,MAIN003,21891,21905,Athekadivasaṃ eko kammamutto jaraggavo divā gocare caritvā rattiṃ tasmiṃ susāne pupphagumbe sīsaṃ katvā romanthayamāno aṭṭhāsi.
MAIN003-S579,MAIN003,21906,21943,"Piyagāmiko rattiṃ caṅkamanā nikkhanto tassa hanusaddaṃ sutvā cintesi ‘‘addhā maṃ lābhagiddho esa susāne vasatīti ñatvā devarājā viheṭhetuṃ āgato’’ti, so jaraggavassa purato añjaliṃ paggahetvā ‘‘sappurisa devarāja ajja me ekarattiṃ khama, sve paṭṭhāya na evaṃ karissāmī’’ti namassamāno sabbarattiṃ yācanto aṭṭhāsi."
MAIN003-S580,MAIN003,21944,21954,Tato sūriye uṭṭhite taṃ disvā kattarayaṭṭhiyā paharitvā palāpesi ‘‘sabbarattiṃ maṃ bhiṃsāpesī’’ti.
MAIN003-S581,MAIN003,21955,21957,45. Kusītāti kosajjānugatā.
MAIN003-S582,MAIN003,21958,21965,"Hīnavīriyāti hīnā vīriyena virahitā viyuttā, nibbīriyāti vuttaṃ hoti."
MAIN003-S583,MAIN003,21966,21971,"Tattha kusītā kāyikavīriyārambhavirahitā honti, hīnavīriyā cetasikavīriyārambhavirahitā."
MAIN003-S584,MAIN003,21972,21976,Te ārammaṇavavatthānamattampi kātuṃ na sakkonti.
MAIN003-S585,MAIN003,21977,21980,Tesaṃ avavatthitārammaṇānanti sabbaṃ pubbasadisameva.
MAIN003-S586,MAIN003,21981,21983,46. Muṭṭhassatīti naṭṭhassatī.
MAIN003-S587,MAIN003,21984,21991,"Asampajānāti paññārahitā, imassa ca paṭipakkhe ‘‘upaṭṭhitassatīhamasmī’’ti vacanato satibhājaniyamevetaṃ."
MAIN003-S588,MAIN003,21992,21995,Paññā panettha satidubbalyadīpanatthaṃ vuttā.
MAIN003-S589,MAIN003,21996,22001,Duvidhā hi sati paññāsampayuttā paññāvippayuttā ca.
MAIN003-S590,MAIN003,22002,22022,"Tattha paññāsampayuttā balavatī, vippayuttā dubbalā, tasmā yadāpi tesaṃ sati hoti, tadāpi asampajānantā muṭṭhassatīyeva te, dubbalāya satiyā satikiccābhāvatoti etamatthaṃ dīpetuṃ ‘‘asampajānā’’ti vuttaṃ."
MAIN003-S591,MAIN003,22023,22032,Te evaṃ muṭṭhassatī asampajānā ārammaṇavavatthānamattampi kātuṃ na sakkontīti sabbaṃ pubbasadisameva.
MAIN003-S592,MAIN003,22033,22035,47. Asamāhitāti upacārappanāsamādhivirahitā.
MAIN003-S593,MAIN003,22036,22037,Vibbhantacittāti ubbhantacittā.
MAIN003-S594,MAIN003,22038,22051,"Samādhivirahena laddhokāsena uddhaccena tesaṃ samādhivirahānaṃ cittaṃ nānārammaṇesu paribbhamati, vanamakkaṭo viya vanasākhāsu uddhaccena ekārammaṇe vipphandati."
MAIN003-S595,MAIN003,22052,22063,Pubbe vuttanayenena te evaṃ asamāhitā vibbhantacittā ārammaṇavavatthānamattampi kātuṃ na sakkontīti sabbaṃ pubbasadisameva.
MAIN003-S596,MAIN003,22064,22067,48. Duppaññāti nippaññānametaṃ adhivacanaṃ.
MAIN003-S597,MAIN003,22068,22072,Paññā pana duṭṭhā nāma natthi.
MAIN003-S598,MAIN003,22073,22077,"Eḷamūgāti elamukhā, kha-kārassa ga-kāro kato."
MAIN003-S599,MAIN003,22078,22080,Lālamukhāti vuttaṃ hoti.
MAIN003-S600,MAIN003,22081,22089,"Duppaññānañhi kathentānaṃ lālā mukhato galati, lālā ca elāti vuccati."
MAIN003-S601,MAIN003,22090,22093,Yathāha ‘‘passelamūgaṃ uragaṃ dujjivha’’nti.
MAIN003-S602,MAIN003,22094,22097,Tasmā te ‘‘eḷamūgā’’ti vuccanti.
MAIN003-S603,MAIN003,22098,22099,‘‘Elamukhā’’tipi pāṭho.
MAIN003-S604,MAIN003,22100,22107,"‘‘Elamugā’’ti keci paṭhanti, apare ‘‘elamukā’’tipi, sabbattha ‘‘elamukhā’’ti attho."
MAIN003-S605,MAIN003,22108,22118,Te kathaṃ bhayabheravaṃ avhāyanti? Te duppaññā eḷamūgā ārammaṇavavatthānamattampi kātuṃ na sakkonti.
MAIN003-S606,MAIN003,22119,22154,"Tesaṃ avavatthitārammaṇānaṃ araññe viharantānaṃ divā diṭṭhaṃ rattiṃ bhayabheravaṃ hutvā upaṭṭhāti ‘‘te ākulacittā appamattakenapi tasanti vittasanti, rajjuṃ vā lataṃ vā disvā sappasaññino honti, khāṇuṃ disvā yakkhasaññino, thalaṃ vā pabbataṃ vā disvā hatthisaññino sappādīhi anayavyasanaṃ āpāditā viya hontī’’ti."
MAIN003-S607,MAIN003,22155,22161,Evaṃ taṃ bhayabheravaṃ attani samāropanaṭṭhena avhāyanti pakkosanti.
MAIN003-S608,MAIN003,22162,22181,"Paññāsampannohamasmīti ettha paññāsampannoti paññāya sampanno samannāgato, no ca kho vipassanāpaññāya, na maggapaññāya, apica kho pana imesu soḷasasu ṭhānesu ārammaṇavavatthānapaññāyāti attho."
MAIN003-S609,MAIN003,22182,22184,Sesaṃ sabbattha vuttanayamevāti.
MAIN003-S610,MAIN003,22185,22186,Vacīkammantavārādivaṇṇanā niṭṭhitā.
MAIN003-S611,MAIN003,22187,22188,Soḷasaṭṭhānārammaṇapariggaho niṭṭhito.
MAIN003-S612,MAIN003,22189,22189,Bhayabheravasenāsanādivaṇṇanā
MAIN003-S613,MAIN003,22190,22222,"49. Tassa mayhanti ko anusandhi? Bodhisatto kira imāni soḷasārammaṇāni pariggaṇhanto ca bhayabheravaṃ adisvā bhayabheravaṃ nāma evarūpāsu rattīsu evarūpe senāsane ca paññāyati, handa naṃ tatthāpi gavesissāmīti bhayabheravagavesanamakāsi, etamatthaṃ bhagavā idāni brāhmaṇassa dassento tassa mayhantiādimāha."
MAIN003-S614,MAIN003,22223,22228,Tattha yā tāti ubhayametaṃ rattīnaṃyeva uddesaniddesavacanaṃ.
MAIN003-S615,MAIN003,22229,22233,Abhiññātāti ettha abhīti lakkhaṇatthe upasaggo.
MAIN003-S616,MAIN003,22234,22241,Tasmā abhiññātāti candapāripūriyā candaparikkhayenāti evamādīhi lakkhaṇehi ñātāti veditabbā.
MAIN003-S617,MAIN003,22242,22255,"Abhilakkhitāti ettha upasaggamattameva, tasmā abhilakkhitāti lakkhaṇīyā icceva attho, uposathasamādānadhammassavanapūjāsakkārādikaraṇatthaṃ lakkhetabbā sallakkhetabbā upalakkhetabbāti vuttaṃ hoti."
MAIN003-S618,MAIN003,22256,22263,Cātuddasīti pakkhassa paṭhamadivasato pabhuti catuddasannaṃ pūraṇī ekā ratti.
MAIN003-S619,MAIN003,22264,22267,Evaṃ pañcadasī aṭṭhamī ca.
MAIN003-S620,MAIN003,22268,22271,Pakkhassāti sukkapakkhassa kaṇhapakkhassa ca.
MAIN003-S621,MAIN003,22272,22287,"Etā tisso tisso katvā cha rattiyo, tasmā sabbattha pakkhavacanaṃ yojetabbaṃ ‘‘pakkhassa cātuddasī pakkhassa pañcadasī pakkhassa aṭṭhamī’’ti."
MAIN003-S622,MAIN003,22288,22293,Atha pañcamī kasmā na gahitāti? Asabbakālikattā.
MAIN003-S623,MAIN003,22294,22308,"Buddhe kira bhagavati anuppannepi uppajjitvā aparinibbutepi pañcamī anabhilakkhitāyeva, parinibbute pana dhammasaṅgāhakattherā cintesuṃ ‘‘dhammassavanaṃ cirena hotī’’ti."
MAIN003-S624,MAIN003,22309,22323,"Tato sammannitvā pañcamīti dhammassavanadivasaṃ ṭhapesuṃ, tato pabhuti sā abhilakkhitā jātā, evaṃ asabbakālikattā ettha na gahitāti."
MAIN003-S625,MAIN003,22324,22325,Tathārūpāsūti tathāvidhāsu.
MAIN003-S626,MAIN003,22326,22330,Ārāmacetiyānīti pupphārāmaphalārāmādayo ārāmā eva ārāmacetiyāni.
MAIN003-S627,MAIN003,22331,22337,"Cittīkataṭṭhena hi cetiyānīti vuccanti, pūjanīyaṭṭhenāti vuttaṃ hoti."
MAIN003-S628,MAIN003,22338,22341,Vanacetiyānīti baliharaṇavanasaṇḍasubhagavanadevasālavanādīni vanāniyeva vanacetiyāni.
MAIN003-S629,MAIN003,22342,22345,Rukkhacetiyānīti gāmanigamādidvāresu pūjanīyarukkhāyeva rukkhacetiyāni.
MAIN003-S630,MAIN003,22346,22362,"Lokiyā hi dibbādhivatthāti vā maññamānā tesuyeva vā dibbasaññino hutvā ārāmavanarukkhe cittīkaronti, pūjenti, tena te sabbepi cetiyānīti vuccanti."
MAIN003-S631,MAIN003,22363,22368,"Bhiṃsanakānīti bhayajanakāni, passatopi suṇatopi bhayaṃ janenti."
MAIN003-S632,MAIN003,22369,22374,"Salomahaṃsānīti saheva lomahaṃsena vattanti, pavisamānasseva lomahaṃsajananato."
MAIN003-S633,MAIN003,22375,22382,Appeva nāma passeyyanti api nāma taṃ bhayabheravaṃ passeyyameva.
MAIN003-S634,MAIN003,22383,22391,"Aparena samayenāti, ‘‘etadahosi yaṃnūnāha’’nti evaṃ cintitakālato paṭṭhāya aññena kālena."
MAIN003-S635,MAIN003,22392,22422,"Tattha ca me brāhmaṇa viharatoti tathārūpesu senāsanesu yaṃ yaṃ manussānaṃ āyācanaupahārakaraṇārahaṃ yakkhaṭṭhānaṃ pupphadhūpamaṃsaruhiravasāmedapihakapapphāsasurāmerayādīhi okiṇṇakilinnadharaṇitalaṃ ekanipātaṃ viya yakkharakkhasapisācānaṃ, yaṃ divāpi passantānaṃ hadayaṃ maññe phalati, taṃ ṭhānaṃ sandhāyāha ‘‘tattha ca me, brāhmaṇa, viharato’’ti."
MAIN003-S636,MAIN003,22423,22438,"Mago vā āgacchatīti siṅgāni vā khurāni vā koṭṭento gokaṇṇakhaggadīpivarāhādibhedo mago vā āgacchati, sabbacatuppadānañhi idha magoti nāmaṃ."
MAIN003-S637,MAIN003,22439,22442,Katthaci pana kāḷasiṅgālopi vuccati.
MAIN003-S638,MAIN003,22443,22467,"Yathāha – ‘‘Usabhasseva te khandho, sīhasseva vijambhitaṃ; Magarāja namo tyatthu, api kiñci labhāmase’’ti. (jā. 1.3.133); Moro vā kaṭṭhaṃ pātetīti moro vā sukkhakaṭṭhaṃ rukkhato cāletvā pāteti."
MAIN003-S639,MAIN003,22468,22478,"Moraggahaṇena ca idha sabbapakkhiggahaṇaṃ adhippetaṃ, tena yo koci pakkhīti vuttaṃ hoti."
MAIN003-S640,MAIN003,22479,22488,Atha vā moro vāti vā saddena añño vā koci pakkhīti.
MAIN003-S641,MAIN003,22489,22492,Esa nayo purime magaggahaṇepi.
MAIN003-S642,MAIN003,22493,22500,Vāto vā paṇṇakasaṭaṃ eretīti vāto vā paṇṇakacavaraṃ ghaṭṭeti.
MAIN003-S643,MAIN003,22501,22510,"Etaṃ nūna taṃ bhayabheravaṃ āgacchatīti yametaṃ āgacchati, taṃ bhayabheravaṃ nūnāti."
MAIN003-S644,MAIN003,22511,22516,Ito pabhuti ca ārammaṇameva bhayabheravanti veditabbaṃ.
MAIN003-S645,MAIN003,22517,22525,Parittassa ca adhimattassa ca bhayassa ārammaṇattā sukhārammaṇaṃ rūpaṃ sukhamiva.
MAIN003-S646,MAIN003,22526,22542,Kiṃ nu kho ahaṃ aññadatthu bhayapaṭikaṅkhī viharāmīti ahaṃ kho kiṃ kāraṇaṃ ekaṃseneva bhayaṃ ākaṅkhamāno icchamāno hutvā viharāmi.
MAIN003-S647,MAIN003,22543,22553,Yathābhūtaṃ yathābhūtassāti yena yena iriyāpathena bhūtassa bhavitassa sato vattamānassa samaṅgībhūtassa vā.
MAIN003-S648,MAIN003,22554,22556,Meti mama santike.
MAIN003-S649,MAIN003,22557,22569,Tathābhūtaṃ tathābhūto vāti tena teneva iriyāpathena bhūto bhavito santo vattamāno samaṅgībhūto vāti attho.
MAIN003-S650,MAIN003,22570,22612,"So kho ahaṃ…pe… paṭivinemīti bodhisattassa kira caṅkamantassa tasmiṃ magasiṅgakhurasaddādibhede bhayabheravārammaṇe āgate neva mahāsatto tiṭṭhati, na nisīdati na sayati, atha kho caṅkamantova parivīmaṃsanto parivicinanto bhayabheravaṃ na passati, magasiṅgakhurasaddādimattameva cetaṃ hoti, so taṃ ñatvā idaṃ nāmetaṃ, na bhayabheravanti tato tiṭṭhati vā nisīdati vā sayati vā."
MAIN003-S651,MAIN003,22613,22617,Etamatthaṃ dassento ‘‘so kho aha’’ntiādimāha.
MAIN003-S652,MAIN003,22618,22620,Esa nayo sabbapeyyālesu.
MAIN003-S653,MAIN003,22621,22646,"Ito parañca iriyāpathapaṭipāṭiyā avatvā āsannapaṭipāṭiyā iriyāpathā vuttāti veditabbā, caṅkamantassa hi bhayabherave āgate na ṭhito na nisinno na nipanno ṭhitassāpi āgate na caṅkamīti evaṃ tassa āsannapaṭipāṭiyā vuttāti."
MAIN003-S654,MAIN003,22647,22648,Bhayabheravasenāsanādivaṇṇanā niṭṭhitā.
MAIN003-S655,MAIN003,22649,22649,Asammohavihāravaṇṇanā
MAIN003-S656,MAIN003,22650,22666,"50. Evaṃ bhiṃsanakesupi ṭhānesu attano bhayabheravābhāvaṃ dassetvā idāni jhāyīnaṃ sammohaṭṭhānesu attano asammohavihāraṃ dassetuṃ santi kho pana, brāhmaṇātiādimāha."
MAIN003-S657,MAIN003,22667,22671,Tattha santīti atthi saṃvijjanti upalabbhanti.
MAIN003-S658,MAIN003,22672,22680,"Rattiṃyeva samānanti rattiṃyeva santaṃ, divāti sañjānantīti ‘‘divaso aya’’nti sañjānanti."
MAIN003-S659,MAIN003,22681,22684,Divāyeva samānanti divasaṃyeva santaṃ.
MAIN003-S660,MAIN003,22685,22689,Rattīti sañjānantīti ‘‘ratti aya’’nti sañjānanti.
MAIN003-S661,MAIN003,22690,22693,Kasmā panete evaṃsaññino hontīti.
MAIN003-S662,MAIN003,22694,22697,Vuṭṭhānakosallābhāvato vā sakuṇarutato vā.
MAIN003-S663,MAIN003,22698,22715,"Kathaṃ? Idhekacco odātakasiṇalābhī divā parikammaṃ katvā divā samāpanno divāyeva vuṭṭhahāmīti manasikāraṃ uppādeti, no ca kho addhānaparicchede kusalo hoti."
MAIN003-S664,MAIN003,22716,22720,So divasaṃ atikkamitvā rattibhāge vuṭṭhāti.
MAIN003-S665,MAIN003,22721,22726,Odātakasiṇapharaṇavasena cassa visadaṃ hoti vibhūtaṃ suvibhūtaṃ.
MAIN003-S666,MAIN003,22727,22736,"So, divā vuṭṭhahāmīti uppāditamanasikāratāya odātakasiṇapharaṇavisadavibhūtatāya ca rattiṃyeva samānaṃ divāti sañjānāti."
MAIN003-S667,MAIN003,22737,22754,"Idha panekacco nīlakasiṇalābhī rattiṃ parikammaṃ katvā rattiṃ samāpanno rattiṃyeva vuṭṭhahāmīti manasikāraṃ uppādeti, no ca kho addhānaparicchede kusalo hoti."
MAIN003-S668,MAIN003,22755,22759,So rattiṃ atikkamitvā divasabhāge vuṭṭhāti.
MAIN003-S669,MAIN003,22760,22764,Nīlakasiṇapharaṇavasena cassa avisadaṃ hoti avibhūtaṃ.
MAIN003-S670,MAIN003,22765,22774,So rattiṃ vuṭṭhahāmīti uppāditamanasikāratāya nīlakasiṇapharaṇāvisadāvibhūtatāya ca divāyeva samānaṃ rattīti sañjānāti.
MAIN003-S671,MAIN003,22775,22779,Evaṃ tāva vuṭṭhānakosallābhāvato evaṃsaññino honti.
MAIN003-S672,MAIN003,22780,22785,Sakuṇarutato pana idhekacco antosenāsane nisinno hoti.
MAIN003-S673,MAIN003,22786,22797,"Atha divā ravanakasakuṇā kākādayo candālokena divāti maññamānā rattiṃ ravanti, aññehi vā kāraṇehi."
MAIN003-S674,MAIN003,22798,22805,So tesaṃ saddaṃ sutvā rattiṃyeva samānaṃ divāti sañjānāti.
MAIN003-S675,MAIN003,22806,22817,Idha panekacco pabbatantare gambhīrāya ghanavanappaṭicchannāya giriguhāya sattāhavaddalikāya vattamānāya antarahitasūriyāloke kāle nisinno hoti.
MAIN003-S676,MAIN003,22818,22832,Atha rattiṃ ravanakasakuṇā ulūkādayo majjhanhikasamayepi tattha tattha samandhakāre nilīnā rattisaññāya vā aññehi vā kāraṇehi ravanti.
MAIN003-S677,MAIN003,22833,22840,So tesaṃ saddaṃ sutvā divāyeva samānaṃ rattīti sañjānāti.
MAIN003-S678,MAIN003,22841,22844,Evaṃ sakuṇarutato evaṃsaññino hontīti.
MAIN003-S679,MAIN003,22845,22849,Idamahanti idaṃ ahaṃ evaṃ sañjānanaṃ.
MAIN003-S680,MAIN003,22850,22858,"Sammohavihārasmiṃ vadāmīti sammohavihārapariyāpannaṃ antogadhaṃ, sammohavihārānaṃ aññataraṃ vadāmīti vuttaṃ hoti."
MAIN003-S681,MAIN003,22859,22883,"Ahaṃ kho pana brāhmaṇa…pe… sañjānāmīti pākaṭo bodhisattassa rattindivaparicchedo sattāhavaddalepi candimasūriyesu adissamānesupi jānātiyeva ‘‘ettakaṃ purebhattakālo gato, ettakaṃ pacchābhattakālo, ettakaṃ paṭhamayāmo, ettakaṃ majjhimayāmo, ettakaṃ pacchimayāmo’’ti, tasmā evamāha."
MAIN003-S682,MAIN003,22884,22889,Anacchariyañcetaṃ yaṃ pūritapāramī bodhisatto evaṃ jānāti.
MAIN003-S683,MAIN003,22890,22896,Padesañāṇe ṭhitānaṃ sāvakānampi hi rattindivaparicchedo pākaṭo hoti.
MAIN003-S684,MAIN003,22897,22904,Kalyāṇiyamahāvihāre kira godattatthero dvaṅgulakāle bhattaṃ gahetvā aṅgulakāle bhuñjati.
MAIN003-S685,MAIN003,22905,22912,Sūriye adissamānepi pātoyeva senāsanaṃ pavisitvā tāya velāya nikkhamati.
MAIN003-S686,MAIN003,22913,22922,Ekadivasaṃ ārāmikā ‘‘sve therassa nikkhamanakāle passāmā’’ti bhattaṃ sampādetvā kālatthambhamūle nisīdiṃsu.
MAIN003-S687,MAIN003,22923,22925,Thero dvaṅgulakāleyeva nikkhamati.
MAIN003-S688,MAIN003,22926,22935,Tato pabhuti kira sūriye adissamānepi therassa nikkhamanasaññāya eva bheriṃ ākoṭenti.
MAIN003-S689,MAIN003,22936,22942,"Ajagaravihārepi kāḷadevatthero antovasse yāmagaṇḍikaṃ paharati, āciṇṇametaṃ therassa."
MAIN003-S690,MAIN003,22943,22949,"Na ca yāmayantanāḷikaṃ payojeti, aññe bhikkhū payojenti."
MAIN003-S691,MAIN003,22950,22985,"Atha nikkhante paṭhame yāme there muggaraṃ gahetvā ṭhitamatteyeva ekaṃ dve vāre paharanteyeva vā yāmayantaṃ patati, evaṃ tīsu yāmesu samaṇadhammaṃ katvā thero pātoyeva gāmaṃ pavisitvā piṇḍapātaṃ ādāya vihāraṃ āgantvā bhojanavelāya pattaṃ gahetvā divā vihāraṭṭhānaṃ gantvā samaṇadhammaṃ karoti."
MAIN003-S692,MAIN003,22986,22992,Bhikkhū kālatthambhaṃ disvā therassa adisvā āgamanatthāya pesenti.
MAIN003-S693,MAIN003,22993,23002,So bhikkhu theraṃ divā vihāraṭṭhānā nikkhamantameva vā antarāmagge vā passati.
MAIN003-S694,MAIN003,23003,23012,"Evaṃ padesañāṇe ṭhitānaṃ sāvakānampi rattindivaparicchedo pākaṭo hoti, kimaṅgaṃ pana bodhisattānanti."
MAIN003-S695,MAIN003,23013,23040,"Yaṃ kho taṃ brāhmaṇa…pe… vadeyyāti ettha pana ‘‘yaṃ kho taṃ, brāhmaṇa, asammohadhammo satto loke uppanno…pe… sukhāya devamanussāna’’nti vacanaṃ vadamāno koci sammā vadeyya, sammā vadamāno siyā, na vitathavādī assa."
MAIN003-S696,MAIN003,23041,23055,"Mameva taṃ vacanaṃ vadamāno sammā vadeyya, sammā vadamāno siyā, na vitathavādī assāti evaṃ padasambandho veditabbo."
MAIN003-S697,MAIN003,23056,23058,Tattha asammohadhammoti asammohasabhāvo.
MAIN003-S698,MAIN003,23059,23060,Loketi manussaloke.
MAIN003-S699,MAIN003,23061,23065,"Bahujanahitāyāti bahujanassa hitatthāya, paññāsampattiyā diṭṭhadhammikasamparāyikahitūpadesakoti."
MAIN003-S700,MAIN003,23066,23071,"Bahujanasukhāyāti bahujanassa sukhatthāya, cāgasampattiyā upakaraṇasukhassa dāyakoti."
MAIN003-S701,MAIN003,23072,23080,"Lokānukampāyāti lokassa anukampatthāya, mettākaruṇāsampattiyā mātāpitaro viya lokassa rakkhitā gopayitāti."
MAIN003-S702,MAIN003,23081,23095,Atthāya hitāya sukhāya devamanussānanti idha devamanussaggahaṇena ca bhabbapuggalaveneyyasatteyeva gahetvā tesaṃ nibbānamaggaphalādhigamāya attano uppattiṃ dassetīti veditabbo.
MAIN003-S703,MAIN003,23096,23102,Atthāyāti hi vutte paramatthatthāya nibbānāyāti vuttaṃ hoti.
MAIN003-S704,MAIN003,23103,23114,"Hitāyāti vutte taṃ sampāpakamaggatthāyāti vuttaṃ hoti, nibbānasampāpakamaggato hi uttari hitaṃ nāma natthi."
MAIN003-S705,MAIN003,23115,23122,"Sukhāyāti vutte phalasamāpattisukhatthāyāti vuttaṃ hoti, tato uttari sukhābhāvato."
MAIN003-S706,MAIN003,23123,23137,Vuttañcetaṃ ‘‘ayaṃ samādhi paccuppannasukho ceva āyatiñca sukhavipāko’’ti (dī. ni. 3.355; a. ni. 5.27; vibha. 804).
MAIN003-S707,MAIN003,23138,23139,Asammohavihāravaṇṇanā niṭṭhitā.
MAIN003-S708,MAIN003,23140,23140,Pubbabhāgapaṭipadādivaṇṇanā
MAIN003-S709,MAIN003,23141,23164,"51. Evaṃ bhagavā buddhaguṇapaṭilābhāvasānaṃ attano asammohavihāraṃ brāhmaṇassa dassetvā idāni yāya paṭipadāya taṃ koṭippattaṃ asammohavihāraṃ adhigato, taṃ pubbabhāgato pabhuti dassetuṃ āraddhaṃ kho pana me brāhmaṇātiādimāha."
MAIN003-S710,MAIN003,23165,23188,"Keci panāhu ‘‘imaṃ asammohavihāraṃ sutvā brāhmaṇassa cittamevaṃ uppannaṃ ‘kāya nu kho paṭipadāya imaṃ patto’ti, tassa cittamaññāya imāyāhaṃ paṭipadāya imaṃ uttamaṃ asammohavihāraṃ pattoti dassento evamāhā’’ti."
MAIN003-S711,MAIN003,23189,23227,"Tattha āraddhaṃ kho pana me, brāhmaṇa, vīriyaṃ ahosīti, brāhmaṇa, na mayā ayaṃ uttamo asammohavihāro kusītena muṭṭhassatinā sāraddhakāyena vikkhittacittena vā adhigato, apica kho tadadhigamāya āraddhaṃ kho pana me vīriyaṃ ahosi, bodhimaṇḍe nisinnena mayā caturaṅgavīriyaṃ āraddhaṃ ahosi, paggahitaṃ asithilappavattitanti vuttaṃ hoti."
MAIN003-S712,MAIN003,23228,23232,Āraddhattāyeva ca metaṃ asallīnaṃ ahosi.
MAIN003-S713,MAIN003,23233,23243,"Upaṭṭhitā sati asammuṭṭhāti na kevalañca vīriyameva, satipi me ārammaṇābhimukhībhāvena upaṭṭhitā ahosi."
MAIN003-S714,MAIN003,23244,23246,Upaṭṭhitattāyeva ca asammuṭṭhā.
MAIN003-S715,MAIN003,23247,23253,Passaddho kāyoti kāyacittappassaddhisambhavena kāyopi me passaddho ahosi.
MAIN003-S716,MAIN003,23254,23267,"Tattha yasmā nāmakāye passaddhe rūpakāyopi passaddhoyeva hoti, tasmā nāmakāyo rūpakāyoti avisesetvāva passaddho kāyoti vuttaṃ."
MAIN003-S717,MAIN003,23268,23276,"Asāraddhoti so ca kho passaddhattāyeva asāraddho, vigatadarathoti vuttaṃ hoti."
MAIN003-S718,MAIN003,23277,23288,Samāhitaṃ cittaṃ ekagganti cittampi me sammā āhitaṃ suṭṭhu ṭhapitaṃ appitaṃ viya ahosi.
MAIN003-S719,MAIN003,23289,23299,"Samāhitattā eva ca ekaggaṃ acalaṃ nipphandananti, ettāvatā jhānassa pubbabhāgapaṭipadā kathitā hoti."
MAIN003-S720,MAIN003,23300,23312,Idāni imāya paṭipadāya adhigataṃ paṭhamajjhānaṃ ādiṃ katvā vijjāttayapariyosānaṃ visesaṃ dassento so kho ahantiādimāha.
MAIN003-S721,MAIN003,23313,23328,"Tattha vivicceva kāmehi…pe… catutthajjhānaṃ upasampajja vihāsinti ettha tāva yaṃ vattabbaṃ siyā, taṃ sabbaṃ visuddhimagge pathavīkasiṇakathāyaṃ vuttaṃ."
MAIN003-S722,MAIN003,23329,23337,"Kevalañhi tattha ‘‘upasampajja viharatī’’ti āgataṃ, idha ‘‘vihāsi’’nti, ayameva viseso."
MAIN003-S723,MAIN003,23338,23347,"Kiṃ katvā pana bhagavā imāni jhānāni upasampajja vihāsīti, kammaṭṭhānaṃ bhāvetvā."
MAIN003-S724,MAIN003,23348,23349,Kataraṃ? Ānāpānassatikammaṭṭhānaṃ.
MAIN003-S725,MAIN003,23350,23365,"Imāni ca pana cattāri jhānāni kesañci cittekaggatatthāni honti, kesañci vipassanāpādakāni, kesañci abhiññāpādakāni, kesañci nirodhapādakāni, kesañci bhavokkamanatthāni."
MAIN003-S726,MAIN003,23366,23369,Tattha khīṇāsavānaṃ cittekaggatatthāni honti.
MAIN003-S727,MAIN003,23370,23382,Te hi samāpajjitvā ekaggacittā sukhaṃ divasaṃ viharissāmāti iccevaṃ kasiṇaparikammaṃ katvā aṭṭha samāpattiyo nibbattenti.
MAIN003-S728,MAIN003,23383,23391,Sekkhaputhujjanānaṃ samāpattito vuṭṭhāya samāhitena cittena vipassissāmāti nibbattentānaṃ vipassanāpādakāni honti.
MAIN003-S729,MAIN003,23392,23417,"Ye pana aṭṭha samāpattiyo nibbattetvā abhiññāpādakajjhānaṃ samāpajjitvā samāpattito vuṭṭhāya ‘‘ekopi hutvā bahudhā hotī’’ti (dī. ni. 1.238; paṭi. ma. 1.102) vuttanayā abhiññāyo patthentā nibbattenti, tesaṃ abhiññāpādakāni honti."
MAIN003-S730,MAIN003,23418,23438,"Ye pana aṭṭha samāpattiyo nibbattetvā nirodhasamāpattiṃ samāpajjitvā sattāhaṃ acittā hutvā diṭṭheva dhamme nirodhaṃ nibbānaṃ patvā sukhaṃ viharissāmāti nibbattenti, tesaṃ nirodhapādakāni honti."
MAIN003-S731,MAIN003,23439,23450,"Ye pana aṭṭha samāpattiyo nibbattetvā aparihīnajjhānā brahmaloke uppajjissāmāti nibbattenti, tesaṃ bhavokkamanatthāni honti."
MAIN003-S732,MAIN003,23451,23463,"Bhagavatā panidaṃ catutthajjhānaṃ bodhirukkhamūle nibbattitaṃ, taṃ tassa vipassanāpādakañceva ahosi abhiññāpādakañca sabbakiccasādhakañca, sabbalokiyalokuttaraguṇadāyakanti veditabbaṃ."
MAIN003-S733,MAIN003,23464,23465,Pubbabhāgapaṭipadādivaṇṇanā niṭṭhitā.
MAIN003-S734,MAIN003,23466,23466,Pubbenivāsakathāvaṇṇanā
MAIN003-S735,MAIN003,23467,23478,"52. Yesañca guṇānaṃ dāyakaṃ ahosi, tesaṃ ekadesaṃ dassento so evaṃ samāhite cittetiādimāha."
MAIN003-S736,MAIN003,23479,23487,Tattha dvinnaṃ vijjānaṃ anupadavaṇṇanā ceva bhāvanānayo ca visuddhimagge vitthārito.
MAIN003-S737,MAIN003,23488,23497,"Kevalañhi tattha ‘‘so evaṃ samāhite citte…pe… abhininnāmetī’’ti vuttaṃ, idha ‘‘abhininnāmesi’’nti."
MAIN003-S738,MAIN003,23498,23507,Ayaṃ kho me brāhmaṇāti ayañca appanāvāro tattha anāgatoti ayameva viseso.
MAIN003-S739,MAIN003,23508,23511,Tattha soti so ahaṃ.
MAIN003-S740,MAIN003,23512,23513,Abhininnāmesinti abhinīhariṃ.
MAIN003-S741,MAIN003,23514,23522,Abhininnāmesinti ca vacanato soti ettha so ahanti evamattho veditabbo.
MAIN003-S742,MAIN003,23523,23537,"Yasmā cidaṃ bhagavato vasena pubbenivāsānussatiñāṇaṃ āgataṃ, tasmā ‘‘so tato cuto idhūpapanno’’ti ettha evaṃ yojanā veditabbā."
MAIN003-S743,MAIN003,23538,23544,Ettha hi so tato cutoti paṭinivattantassa paccavekkhaṇaṃ.
MAIN003-S744,MAIN003,23545,23549,Tasmā idhūpapannoti imissā idhūpapattiyā anantaraṃ.
MAIN003-S745,MAIN003,23550,23554,Amutra udapādinti tusitabhavanaṃ sandhāyāhāti veditabbo.
MAIN003-S746,MAIN003,23555,23562,Tatrāpāsiṃ evaṃnāmoti tatrāpi tusitabhavane setaketu nāma devaputto ahosiṃ.
MAIN003-S747,MAIN003,23563,23567,Evaṃgottoti tāhi devatāhi saddhiṃ ekagotto.
MAIN003-S748,MAIN003,23568,23569,Evaṃvaṇṇoti suvaṇṇavaṇṇo.
MAIN003-S749,MAIN003,23570,23571,Evamāhāroti dibbasudhāhāro.
MAIN003-S750,MAIN003,23572,23574,Evaṃsukhadukkhappaṭisaṃvedīti evaṃ dibbasukhapaṭisaṃvedī.
MAIN003-S751,MAIN003,23575,23577,Dukkhaṃ pana saṅkhāradukkhamattameva.
MAIN003-S752,MAIN003,23578,23580,Evamāyupariyantoti evaṃ sattapaññāsavassakoṭisaṭṭhivassasatasahassāyupariyanto.
MAIN003-S753,MAIN003,23581,23588,So tato cutoti so ahaṃ tato tusitabhavanato cuto.
MAIN003-S754,MAIN003,23589,23594,Idhūpapannoti idha mahāmāyāya deviyā kucchimhi nibbatto.
MAIN003-S755,MAIN003,23595,23600,Ayaṃ kho me brāhmaṇātiādīsu meti mayā.
MAIN003-S756,MAIN003,23601,23603,Vijjāti viditakaraṇaṭṭhena vijjā.
MAIN003-S757,MAIN003,23604,23607,Kiṃ viditaṃ karoti? Pubbenivāsaṃ.
MAIN003-S758,MAIN003,23608,23614,Avijjāti tasseva pubbenivāsassa aviditakaraṇaṭṭhena tappaṭicchādako moho vuccati.
MAIN003-S759,MAIN003,23615,23620,Tamoti sveva moho paṭicchādakaṭṭhena ‘‘tamo’’ti vuccati.
MAIN003-S760,MAIN003,23621,23626,Ālokoti sāyeva vijjā obhāsakaraṇaṭṭhena ‘‘āloko’’ti vuccati.
MAIN003-S761,MAIN003,23627,23634,"Ettha ca vijjā adhigatāti ayaṃ attho, sesaṃ pasaṃsāvacanaṃ."
MAIN003-S762,MAIN003,23635,23648,"Yojanā panettha ayaṃ kho me vijjā adhigatā, tassa me adhigatavijjassa avijjā vihatā, vinaṭṭhāti attho."
MAIN003-S763,MAIN003,23649,23652,Kasmā? Yasmā vijjā uppannā.
MAIN003-S764,MAIN003,23653,23656,Esa nayo itarasmimpi padadvaye.
MAIN003-S765,MAIN003,23657,23661,Yathā tanti ettha yathāti opamme.
MAIN003-S766,MAIN003,23662,23663,Tanti nipāto.
MAIN003-S767,MAIN003,23664,23666,Satiyā avippavāsena appamattassa.
MAIN003-S768,MAIN003,23667,23668,Vīriyātāpena ātāpino.
MAIN003-S769,MAIN003,23669,23676,"Kāye ca jīvite ca anapekkhatāya pahitattassa, pesitattassāti attho."
MAIN003-S770,MAIN003,23677,23688,"Idaṃ vuttaṃ hoti ‘‘yathā appamattassa ātāpino pahitattassa viharato avijjā vihaññeyya, vijjā uppajjeyya."
MAIN003-S771,MAIN003,23689,23692,"Tamo vihaññeyya, āloko uppajjeyya."
MAIN003-S772,MAIN003,23693,23698,"Evameva mama avijjā vihatā, vijjā uppannā."
MAIN003-S773,MAIN003,23699,23702,"Tamo vihato, āloko uppanno."
MAIN003-S774,MAIN003,23703,23708,Etassa me padhānānuyogassa anurūpameva phalaṃ laddha’’nti.
MAIN003-S775,MAIN003,23709,23710,Pubbenivāsakathāvaṇṇanā niṭṭhitā.
MAIN003-S776,MAIN003,23711,23711,Dibbacakkhuñāṇakathāvaṇṇanā
MAIN003-S777,MAIN003,23712,23725,"53. Cutūpapātakathāyaṃ yasmā idha bhagavato vasena pāḷi āgatā, tasmā ‘‘passāmi pajānāmī’’ti vuttaṃ, ayaṃ viseso."
MAIN003-S778,MAIN003,23726,23728,Sesaṃ visuddhimagge vuttasadisameva.
MAIN003-S779,MAIN003,23729,23732,Ettha pana vijjāti dibbacakkhuñāṇavijjā.
MAIN003-S780,MAIN003,23733,23736,Avijjāti sattānaṃ cutipaṭisandhipaṭicchādikā avijjā.
MAIN003-S781,MAIN003,23737,23738,Sesaṃ vuttanayamevāti.
MAIN003-S782,MAIN003,23739,23745,Yasmā ca pūritapāramīnaṃ mahāsattānaṃ parikammakiccaṃ nāma natthi.
MAIN003-S783,MAIN003,23746,23756,"Te hi citte abhininnāmitamatteyeva anekavihitaṃ pubbenivāsaṃ anussaranti, dibbena cakkhunā satte passanti."
MAIN003-S784,MAIN003,23757,23768,"Tasmā yo tattha parikammaṃ ādiṃ katvā bhāvanānayo vutto, na tena idha atthoti."
MAIN003-S785,MAIN003,23769,23770,Dibbacakkhuñāṇakathāvaṇṇanā niṭṭhitā.
MAIN003-S786,MAIN003,23771,23771,Āsavakkhayañāṇakathāvaṇṇanā
MAIN003-S787,MAIN003,23772,23780,54. Tatiyavijjāya so evaṃ samāhite citteti vipassanāpādakaṃ catutthajjhānacittaṃ veditabbaṃ.
MAIN003-S788,MAIN003,23781,23783,Āsavānaṃ khayañāṇāyāti arahattamaggañāṇatthāya.
MAIN003-S789,MAIN003,23784,23793,"Arahattamaggo hi āsavavināsanato āsavānaṃ khayoti vuccati, tatra cetaṃ ñāṇaṃ, tappariyāpannattāti."
MAIN003-S790,MAIN003,23794,23797,Cittaṃ abhininnāmesinti vipassanācittaṃ abhinīhariṃ.
MAIN003-S791,MAIN003,23798,23813,"So idaṃ dukkhanti evamādīsu ‘‘ettakaṃ dukkhaṃ, na ito bhiyyo’’ti sabbampi dukkhasaccaṃ sarasalakkhaṇapaṭivedhena yathābhūtaṃ abbhaññāsiṃ jāniṃ paṭivijjhiṃ."
MAIN003-S792,MAIN003,23814,23820,Tassa ca dukkhassa nibbattikaṃ taṇhaṃ ayaṃ dukkhasamudayoti.
MAIN003-S793,MAIN003,23821,23831,"Tadubhayampi yaṃ ṭhānaṃ patvā nirujjhati, taṃ tesaṃ appavattiṃ nibbānaṃ ayaṃ dukkhanirodhoti."
MAIN003-S794,MAIN003,23832,23844,Tassa sampāpakaṃ ariyamaggaṃ ayaṃ dukkhanirodhagāminī paṭipadāti sarasalakkhaṇapaṭivedhena yathābhūtaṃ abbhaññāsiṃ jāniṃ paṭivijjhinti evamattho veditabbo.
MAIN003-S795,MAIN003,23845,23854,Evaṃ sarūpato saccāni dassetvā idāni kilesavasena pariyāyato dassento ime āsavātiādimāha.
MAIN003-S796,MAIN003,23855,23866,Tassa me evaṃ jānato evaṃ passatoti tassa mayhaṃ evaṃ jānantassa evaṃ passantassa.
MAIN003-S797,MAIN003,23867,23871,Saha vipassanāya koṭippattaṃ maggaṃ katheti.
MAIN003-S798,MAIN003,23872,23873,Kāmāsavāti kāmāsavato.
MAIN003-S799,MAIN003,23874,23884,"Vimuccitthāti iminā phalakkhaṇaṃ dasseti, maggakkhaṇe hi cittaṃ vimuccati, phalakkhaṇe vimuttaṃ hoti."
MAIN003-S800,MAIN003,23885,23890,Vimuttasmiṃ vimuttamiti ñāṇanti iminā paccavekkhaṇañāṇaṃ dasseti.
MAIN003-S801,MAIN003,23891,23902,"Khīṇā jātītiādīhi tassa bhūmiṃ, tena hi ñāṇena bhagavā paccavekkhanto ‘‘khīṇā jātī’’tiādīni abbhaññāsi."
MAIN003-S802,MAIN003,23903,23924,"Katamā pana bhagavato jāti khīṇā, kathañca naṃ abbhaññāsīti? Na tāvassa atītā jāti khīṇā, pubbeva khīṇattā, na anāgatā, anāgate vāyāmābhāvato, na paccuppannā, vijjamānattā."
MAIN003-S803,MAIN003,23925,23951,"Yā pana maggassa abhāvitattā uppajjeyya ekacatupañcavokārabhavesu ekacatupañcakkhandhabhedā jāti, sā maggassa bhāvitattā anuppādadhammataṃ āpajjanena khīṇā, taṃ so maggabhāvanāya pahīnakilese paccavekkhitvā ‘‘kilesābhāve vijjamānampi kammaṃ āyatiṃ appaṭisandhikaṃ hotī’’ti jānanto abbhaññāsi."
MAIN003-S804,MAIN003,23952,23958,"Vusitanti vutthaṃ parivutthaṃ, kataṃ caritaṃ niṭṭhitanti attho."
MAIN003-S805,MAIN003,23959,23969,"Brahmacariyanti maggabrahmacariyaṃ, puthujjanakalyāṇakena hi saddhiṃ sattasekkhā brahmacariyavāsaṃ vasanti nāma, khīṇāsavo vutthavāso."
MAIN003-S806,MAIN003,23970,23977,Tasmā bhagavā attano brahmacariyavāsaṃ paccavekkhanto ‘‘vusitaṃ brahmacariya’’nti abbhaññāsi.
MAIN003-S807,MAIN003,23978,23988,Kataṃ karaṇīyanti catūsu saccesu catūhi maggehi pariññāpahānasacchikiriyābhāvanāvasena soḷasavidhampi kiccaṃ niṭṭhāpitanti attho.
MAIN003-S808,MAIN003,23989,23995,"Puthujjanakalyāṇakādayo hi taṃ kiccaṃ karonti, khīṇāsavo katakaraṇīyo."
MAIN004-S001,MAIN004,23996,24003,Tasmā bhagavā attano karaṇīyaṃ paccavekkhanto ‘‘kataṃ karaṇīya’’nti abbhaññāsi.
MAIN004-S002,MAIN004,24004,24015,"Nāparaṃ itthattāyāti idāni puna itthabhāvāya evaṃsoḷasakiccabhāvāya, kilesakkhayāya vā maggabhāvanākiccaṃ me natthīti abbhaññāsi."
MAIN004-S003,MAIN004,24016,24027,Atha vā itthattāyāti itthabhāvato imasmā evaṃpakārā idāni vattamānakkhandhasantānā aparaṃ khandhasantānaṃ mayhaṃ natthi.
MAIN004-S004,MAIN004,24028,24035,Ime pana pañcakkhandhā pariññātā tiṭṭhanti chinnamūlakā rukkhā viya.
MAIN004-S005,MAIN004,24036,24042,Te carimakaviññāṇanirodhena anupādāno viya jātavedo nibbāyissantīti abbhaññāsi.
MAIN004-S006,MAIN004,24043,24053,"Idāni evaṃ paccavekkhaṇañāṇapariggahitaṃ āsavānaṃ khayañāṇādhigamaṃ brāhmaṇassa dassento, ayaṃ kho me brāhmaṇātiādimāha."
MAIN004-S007,MAIN004,24054,24056,Tattha vijjāti arahattamaggañāṇavijjā.
MAIN004-S008,MAIN004,24057,24059,Avijjāti catusaccapaṭicchādikā avijjā.
MAIN004-S009,MAIN004,24060,24061,Sesaṃ vuttanayameva.
MAIN004-S010,MAIN004,24062,24080,"Ettāvatā ca pubbenivāsañāṇena atītaṃsañāṇaṃ, dibbacakkhunā paccuppannānāgataṃsañāṇaṃ, āsavakkhayena sakalalokiyalokuttaraguṇanti evaṃ tīhi vijjāhi sabbepi sabbaññuguṇe saṅgahetvā pakāsento attano asammohavihāraṃ brāhmaṇassa dassesi."
MAIN004-S011,MAIN004,24081,24082,Āsavakkhayañāṇakathāvaṇṇanā niṭṭhitā.
MAIN004-S012,MAIN004,24083,24083,Araññavāsakāraṇavaṇṇanā
MAIN004-S013,MAIN004,24084,24105,"55. Evaṃ vutte kira brāhmaṇo cintesi – ‘‘samaṇo gotamo sabbaññutaṃ paṭijānāti, ajjāpi ca araññavāsaṃ na vijahati, atthi nu khvassa aññampi kiñci karaṇīya’’nti."
MAIN004-S014,MAIN004,24106,24115,"Athassa bhagavā ajjhāsayaṃ viditvā iminā ajjhāsayānusandhinā, siyā kho pana tetiādimāha."
MAIN004-S015,MAIN004,24116,24127,"Tattha siyā kho pana te, brāhmaṇa, evamassāti, brāhmaṇa, kadāci tuyhaṃ evaṃ bhaveyya."
MAIN004-S016,MAIN004,24128,24144,"Na kho panetaṃ brāhmaṇa evaṃ daṭṭhabbanti etaṃ kho pana, brāhmaṇa, tayā mayhaṃ pantasenāsanapaṭisevanaṃ avītarāgāditāyāti evaṃ na daṭṭhabbaṃ."
MAIN004-S017,MAIN004,24145,24153,Evaṃ pantasenāsanapaṭisevane akāraṇaṃ paṭikkhipitvā kāraṇaṃ dassento dve kho ahantiādimāha.
MAIN004-S018,MAIN004,24154,24156,Tattha atthoyeva atthavaso.
MAIN004-S019,MAIN004,24157,24172,"Tasmā dve kho ahaṃ, brāhmaṇa, atthavaseti ahaṃ kho, brāhmaṇa, dve atthe dve kāraṇāni sampassamānoti vuttaṃ hoti."
MAIN004-S020,MAIN004,24173,24181,Attano ca diṭṭhadhammasukhavihāranti ettha diṭṭhadhammo nāma ayaṃ paccakkho attabhāvo.
MAIN004-S021,MAIN004,24182,24201,"Sukhavihāro nāma catunnampi iriyāpathavihārānaṃ phāsutā, ekakassa hi araññe antamaso uccārapassāvakiccaṃ upādāya sabbeva iriyāpathā phāsukā honti, tasmā diṭṭhadhammassa sukhavihāranti ayamattho veditabbo."
MAIN004-S022,MAIN004,24202,24237,"Pacchimañca janataṃ anukampamānoti kathaṃ araññavāsena pacchimā janatā anukampitā hoti? Saddhāpabbajitā hi kulaputtā bhagavato araññavāsaṃ disvā bhagavāpi nāma araññasenāsanāni na muñcati, yassa nevatthi pariññātabbaṃ na pahātabbaṃ na bhāvetabbaṃ na sacchikātabbaṃ, kimaṅgaṃ pana mayanti cintetvā tattha vasitabbameva maññissanti."
MAIN004-S023,MAIN004,24238,24241,Evaṃ khippameva dukkhassantakarā bhavissanti.
MAIN004-S024,MAIN004,24242,24246,Evaṃ pacchimā janatā anukampitā hoti.
MAIN004-S025,MAIN004,24247,24252,Etamatthaṃ dassento āha ‘‘pacchimañca janataṃ anukampamāno’’ti.
MAIN004-S026,MAIN004,24253,24254,Araññavāsakāraṇavaṇṇanā niṭṭhitā.
MAIN004-S027,MAIN004,24255,24255,Desanānumodanāvaṇṇanā
MAIN004-S028,MAIN004,24256,24261,56. Taṃ sutvā attamano brāhmaṇo anukampitarūpātiādimāha.
MAIN004-S029,MAIN004,24262,24265,Tattha anukampitarūpāti anukampitajātikā anukampitasabhāvā.
MAIN004-S030,MAIN004,24266,24267,Janatāti janasamūho.
MAIN004-S031,MAIN004,24268,24277,"Yathā taṃ arahatā sammāsambuddhenāti yathā arahaṃ sammāsambuddho anukampeyya, tatheva anukampitarūpāti."
MAIN004-S032,MAIN004,24278,24293,"Evañca pana vatvā puna taṃ bhagavato dhammadesanaṃ abbhanumodamāno bhagavantaṃ etadavoca abhikkantaṃ, bho gotama, abhikkantaṃ, bho gotamāti."
MAIN004-S033,MAIN004,24294,24297,Tatthāyaṃ abhikkantasaddo khayasundarābhirūpaabbhanumodanesu dissati.
MAIN004-S034,MAIN004,24298,24313,"‘‘Abhikkantā, bhante, ratti, nikkhanto paṭhamo yāmo, ciranisinno bhikkhusaṅgho’’tiādīsu (cūḷava. 383; a. ni. 8.20) hi khaye dissati."
MAIN004-S035,MAIN004,24314,24325,‘‘Ayaṃ imesaṃ catunnaṃ puggalānaṃ abhikkantataro ca paṇītataro cā’’tiādīsu (a. ni. 4.100) sundare.
MAIN004-S036,MAIN004,24326,24337,"‘‘Ko me vandati pādāni, iddhiyā yasasā jalaṃ; Abhikkantena vaṇṇena, sabbā obhāsayaṃ disā’’ti."
MAIN004-S037,MAIN004,24338,24343,– Ādīsu (vi. va. 857) abhirūpe.
MAIN004-S038,MAIN004,24344,24351,"‘‘Abhikkantaṃ, bhante’’tiādīsu (dī. ni. 1.250; pārā. 15) abbhanumodane."
MAIN004-S039,MAIN004,24352,24353,Idhāpi abbhanumodaneyeva.
MAIN004-S040,MAIN004,24354,24364,"Yasmā ca abbhanumodane, tasmā sādhu sādhu bho, gotamāti vuttaṃ hotīti veditabbaṃ."
MAIN004-S041,MAIN004,24365,24376,"‘‘Bhaye kodhe pasaṃsāyaṃ, turite kotūhalacchare; Hāse soke pasāde ca, kare āmeḍitaṃ budho’’ti."
MAIN004-S042,MAIN004,24377,24387,– Iminā ca lakkhaṇena idha pasādavasena pasaṃsāvasena cāyaṃ dvikkhattuṃ vuttoti veditabbo.
MAIN004-S043,MAIN004,24388,24391,Atha vā abhikkantanti abhikantaṃ.
MAIN004-S044,MAIN004,24392,24396,"Atiiṭṭhaṃ atimanāpaṃ, atisundaranti vuttaṃ hoti."
MAIN004-S045,MAIN004,24397,24404,"Tattha ekena abhikkantasaddena desanaṃ thometi, ekena attano pasādaṃ."
MAIN004-S046,MAIN004,24405,24422,"Ayañhettha adhippāyo – abhikkantaṃ, bho gotama, yadidaṃ bhoto gotamassa dhammadesanā, abhikkantaṃ yadidaṃ bhoto gotamassa dhammadesanaṃ āgamma mama pasādoti."
MAIN004-S047,MAIN004,24423,24457,"Bhagavatoyeva vā vacanaṃ dve dve atthe sandhāya thometi – bhoto gotamassa vacanaṃ abhikkantaṃ dosanāsanato, abhikkantaṃ guṇādhigamanato, tathā saddhājananato, paññājananato, sātthato, sabyañjanato, uttānapadato, gambhīratthato, kaṇṇasukhato, hadayaṅgamato, anattukkaṃsanato, aparavambhanato, karuṇāsītalato, paññāvadātato, āpātharamaṇīyato, vimaddakkhamato, suyyamānasukhato, vīmaṃsīyamānahitatoti evamādīhi yojetabbaṃ."
MAIN004-S048,MAIN004,24458,24463,Tato parampi catūhi upamāhi desanaṃyeva thometi.
MAIN004-S049,MAIN004,24464,24468,"Tattha nikkujjitanti adhomukhaṭhapitaṃ, heṭṭhāmukhajātaṃ vā."
MAIN004-S050,MAIN004,24469,24472,Ukkujjeyyāti upari mukhaṃ kareyya.
MAIN004-S051,MAIN004,24473,24474,Paṭicchannanti tiṇapaṇṇādicchāditaṃ.
MAIN004-S052,MAIN004,24475,24476,Vivareyyāti ugghāṭeyya.
MAIN004-S053,MAIN004,24477,24478,Mūḷhassāti disāmūḷhassa.
MAIN004-S054,MAIN004,24479,24485,Maggaṃ ācikkheyyāti hatthe gahetvā ‘‘esa maggo’’ti vadeyya.
MAIN004-S055,MAIN004,24486,24492,"Andhakāreti kāḷapakkhacātuddasīaḍḍharattaghanavanasaṇḍameghapaṭalehi caturaṅge tame, ayaṃ tāva anuttānapadattho."
MAIN004-S056,MAIN004,24493,24510,"Ayaṃ pana adhippāyayojanā – yathā koci nikkujjitaṃ ukkujjeyya, evaṃ saddhammavimukhaṃ asaddhamme patitaṃ maṃ asaddhammā vuṭṭhāpentena, yathā paṭicchannaṃ vivareyya."
MAIN004-S057,MAIN004,24511,24547,"Evaṃ kassapassa bhagavato sāsanantaradhānato pabhuti micchādiṭṭhigahanapaṭicchannaṃ sāsanaṃ vivarantena, yathā mūḷhassa maggaṃ ācikkheyya, evaṃ kummaggamicchāmaggappaṭipannassa me saggamokkhamaggaṃ ācikkhantena, yathā andhakāre telapajjotaṃ dhāreyya, evaṃ mohandhakāre nimuggassa me buddhādiratanarūpāni apassato tappaṭicchādakamohandhakāraviddhaṃsakadesanāpajjotadhāraṇena mayhaṃ bhotā gotamena etehi pariyāyehi pakāsitattā anekapariyāyena dhammo pakāsitoti."
MAIN004-S058,MAIN004,24548,24549,Desanānumodanāvaṇṇanā niṭṭhitā.
MAIN004-S059,MAIN004,24550,24559,Pasannākāravaṇṇanā Evaṃ desanaṃ thometvā imāya desanāya ratanattayapasannacitto pasannākāraṃ karonto esāhantiādimāha.
MAIN004-S060,MAIN004,24560,24563,Tattha esāhanti eso ahaṃ.
MAIN004-S061,MAIN004,24564,24589,"Bhavantaṃ gotamaṃ saraṇaṃ gacchāmīti bhavaṃ me gotamo saraṇaṃ parāyaṇaṃ, aghassa tātā, hitassa ca vidhātāti iminā adhippāyena bhavantaṃ gotamaṃ gacchāmi, bhajāmi, sevāmi, payirupāsāmi, evaṃ vā jānāmi, bujjhāmīti."
MAIN004-S062,MAIN004,24590,24595,"Yesañhi dhātūnaṃ gatiattho, buddhipi tesaṃ attho."
MAIN004-S063,MAIN004,24596,24602,"Tasmā gacchāmīti imassa jānāmi, bujjhāmīti ayamattho vutto."
MAIN004-S064,MAIN004,24603,24620,"Dhammañca bhikkhusaṅghañcāti ettha pana adhigatamagge sacchikatanirodhe yathānusiṭṭhaṃ paṭipajjamāne ca apāyesu apatamāne dhāretīti dhammo, so atthato ariyamaggo ceva nibbānañca."
MAIN004-S065,MAIN004,24621,24635,"Vuttañhetaṃ – ‘‘yāvatā, bhikkhave, dhammā saṅkhatā, ariyo aṭṭhaṅgiko maggo tesaṃ aggamakkhāyatī’’ti (a. ni. 4.34) vitthāro."
MAIN004-S066,MAIN004,24636,24645,"Na kevalañca ariyamaggo ceva nibbānañca, apica kho ariyaphalehi saddhiṃ pariyattidhammopi."
MAIN004-S067,MAIN004,24646,24662,"Vuttañhetaṃ chattamāṇavakavimāne – ‘‘Rāgavirāgamanejamasokaṃ, dhammamasaṅkhatamappaṭikūlaṃ; Madhuramimaṃ paguṇaṃ suvibhattaṃ, dhammamimaṃ saraṇatthamupehī’’ti. (vi. va. 887); Ettha rāgavirāgoti maggo kathito."
MAIN004-S068,MAIN004,24663,24664,Anejamasokanti phalaṃ.
MAIN004-S069,MAIN004,24665,24666,Dhammamasaṅkhatanti nibbānaṃ.
MAIN004-S070,MAIN004,24667,24673,Appaṭikūlaṃ madhuramimaṃ paguṇaṃ suvibhattanti piṭakattayena vibhattā sabbadhammakkhandhāti.
MAIN004-S071,MAIN004,24674,24680,"Diṭṭhisīlasaṅghātena saṃhatoti saṅgho, so atthato aṭṭha ariyapuggalasamūho."
MAIN004-S072,MAIN004,24681,24683,Vuttañhetaṃ tasmiṃyeva vimāne.
MAIN004-S073,MAIN004,24684,24702,"‘‘Yattha ca dinnamahapphalamāhu, catūsu sucīsu purisayugesu; Aṭṭha ca puggala dhammadasā te, saṅghamimaṃ saraṇatthamupehī’’ti. (vi. va. 888); Bhikkhūnaṃ saṅgho bhikkhusaṅgho."
MAIN004-S074,MAIN004,24703,24707,Ettāvatā brāhmaṇo tīṇi saraṇagamanāni paṭivedesi.
MAIN004-S075,MAIN004,24708,24709,Pasannākāravaṇṇanā niṭṭhitā.
MAIN004-S076,MAIN004,24710,24716,"Saraṇagamanakathāvaṇṇanā Idāni tesu saraṇagamanesu kosallatthaṃ saraṇaṃ, saraṇagamanaṃ."
MAIN004-S077,MAIN004,24717,24728,"Yo ca saraṇaṃ gacchati, saraṇagamanappabhedo, saraṇagamanassa phalaṃ, saṃkileso, bhedoti ayaṃ vidhi veditabbo."
MAIN004-S078,MAIN004,24729,24746,"Seyyathidaṃ – padatthato tāva hiṃsatīti saraṇaṃ, saraṇagatānaṃ teneva saraṇagamanena bhayaṃ santāsaṃ dukkhaṃ duggatiparikilesaṃ hanati vināsetīti attho, ratanattayassevetaṃ adhivacanaṃ."
MAIN004-S079,MAIN004,24747,24757,Atha vā hite pavattanena ahitā ca nivattanena sattānaṃ bhayaṃ hiṃsati buddho.
MAIN004-S080,MAIN004,24758,24762,Bhavakantārā uttāraṇena assāsadānena ca dhammo.
MAIN004-S081,MAIN004,24763,24766,Appakānampi kārānaṃ vipulaphalapaṭilābhakaraṇena saṅgho.
MAIN004-S082,MAIN004,24767,24771,Tasmā imināpi pariyāyena ratanattayaṃ saraṇaṃ.
MAIN004-S083,MAIN004,24772,24776,Tappasādataggarutāhi vihatakileso tapparāyaṇatākārappavatto cittuppādo saraṇagamanaṃ.
MAIN004-S084,MAIN004,24777,24791,"Taṃsamaṅgisatto saraṇaṃ gacchati, vuttappakārena cittuppādena etāni me tīṇi saraṇāni saraṇaṃ, etāni parāyaṇanti evaṃ upetīti attho."
MAIN004-S085,MAIN004,24792,24802,Evaṃ tāva saraṇaṃ saraṇagamanaṃ yo ca saraṇaṃ gacchatīti idaṃ tayaṃ veditabbaṃ.
MAIN004-S086,MAIN004,24803,24808,Saraṇagamanappabhede pana duvidhaṃ saraṇagamanaṃ lokuttaraṃ lokiyañca.
MAIN004-S087,MAIN004,24809,24820,Tattha lokuttaraṃ diṭṭhasaccānaṃ maggakkhaṇe saraṇagamanupakkilesasamucchedena ārammaṇato nibbānārammaṇaṃ hutvā kiccato sakalepi ratanattaye ijjhati.
MAIN004-S088,MAIN004,24821,24839,"Lokiyaṃ puthujjanānaṃ saraṇagamanupakkilesavikkhambhanena ārammaṇato buddhādiguṇārammaṇaṃ hutvā ijjhati, taṃ atthato buddhādīsu vatthūsu saddhāpaṭilābho, saddhāmūlikā ca sammādiṭṭhi dasasu puññakiriyavatthūsu diṭṭhijukammanti vuccati."
MAIN004-S089,MAIN004,24840,24846,Tayidaṃ catudhā pavattati attasanniyyātanena tapparāyaṇatāya sissabhāvūpagamanena paṇipātenāti.
MAIN004-S090,MAIN004,24847,24861,"Tattha attasanniyyātanaṃ nāma ‘‘ajja ādiṃ katvā ahaṃ attānaṃ buddhassa niyyātemi, dhammassa, saṅghassā’’ti evaṃ buddhādīnaṃ attapariccajanaṃ."
MAIN004-S091,MAIN004,24862,24875,"Tapparāyaṇatā nāma ‘‘ajja ādiṃ katvā ahaṃ buddhaparāyaṇo, dhammaparāyaṇo, saṅghaparāyaṇo iti maṃ dhārethā’’ti evaṃ tapparāyaṇabhāvo."
MAIN004-S092,MAIN004,24876,24889,"Sissabhāvūpagamanaṃ nāma ‘‘ajja ādiṃ katvā ahaṃ buddhassa antevāsiko, dhammassa, saṅghassāti maṃ dhārethā’’ti evaṃ sissabhāvūpagamo."
MAIN004-S093,MAIN004,24890,24906,"Paṇipāto nāma ‘‘ajja ādiṃ katvā ahaṃ abhivādanapaccuṭṭhānaañjalikammasāmīcikammaṃ buddhādīnaṃyeva tiṇṇaṃ vatthūnaṃ karomi, iti maṃ dhārethā’’ti evaṃ buddhādīsu paramanipaccakāro."
MAIN004-S094,MAIN004,24907,24914,Imesañhi catunnaṃ ākārānaṃ aññatarampi karontena gahitaṃyeva hoti saraṇagamanaṃ.
MAIN004-S095,MAIN004,24915,24922,"Apica bhagavato attānaṃ pariccajāmi, dhammassa, saṅghassa attānaṃ pariccajāmi."
MAIN004-S096,MAIN004,24923,24942,"Jīvitaṃ pariccajāmi, pariccattoyeva me attā, pariccattaṃyeva me jīvitaṃ, jīvitapariyantikaṃ buddhaṃ saraṇaṃ gacchāmi, buddho me saraṇaṃ leṇaṃ tāṇanti evampi attasanniyyātanaṃ veditabbaṃ."
MAIN004-S097,MAIN004,24943,24966,"‘‘Satthārañca vatāhaṃ passeyyaṃ bhagavantameva passeyyaṃ, sugatañca vatāhaṃ passeyyaṃ bhagavantameva passeyyaṃ, sammāsambuddhañca vatāhaṃ passeyyaṃ bhagavantameva passeyya’’nti (saṃ. ni. 2.154) evampi mahākassapassa saraṇagamanaṃ viya sissabhāvūpagamanaṃ daṭṭhabbaṃ."
MAIN004-S098,MAIN004,24967,24991,"‘‘So ahaṃ vicarissāmi, gāmā gāmaṃ purā puraṃ; Namassamāno sambuddhaṃ, dhammassa ca sudhammata’’nti. (su. ni. 194; saṃ. ni. 1.246) – Evampi āḷavakādīnaṃ saraṇagamanaṃ viya tapparāyaṇatā veditabbā."
MAIN004-S099,MAIN004,24992,25029,"‘‘Atha kho brahmāyu brāhmaṇo uṭṭhāyāsanā ekaṃsaṃ uttarāsaṅgaṃ karitvā bhagavato pādesu sirasā nipatitvā bhagavato pādāni mukhena ca paricumbati, pāṇīhi ca parisambāhati, nāmañca sāveti brahmāyu ahaṃ, bho gotama, brāhmaṇo, brahmāyu ahaṃ, bho gotama, brāhmaṇo’’ti (ma. ni. 2.394) evampi paṇipāto daṭṭhabbo."
MAIN004-S100,MAIN004,25030,25034,So panesa ñātibhayācariyadakkhiṇeyyavasena catubbidho hoti.
MAIN004-S101,MAIN004,25035,25040,"Tattha dakkhiṇeyyapaṇipātena saraṇagamanaṃ hoti, na itarehi."
MAIN004-S102,MAIN004,25041,25059,"Seṭṭhavaseneva hi saraṇaṃ gayhati, seṭṭhavasena bhijjati, tasmā yo sākiyo vā koliyo vā ‘‘buddho amhākaṃ ñātako’’ti vandati, aggahitameva hoti saraṇaṃ."
MAIN004-S103,MAIN004,25060,25073,"Yo vā ‘‘samaṇo gotamo rājapūjito mahānubhāvo, avandiyamāno anatthampi kareyyā’’ti bhayena vandati, aggahitameva hoti saraṇaṃ."
MAIN004-S104,MAIN004,25074,25107,"Yo vā bodhisattakāle bhagavato santike kiñci uggahitaṃ saramāno buddhakāle vā – ‘‘Ekena bhoge bhuñjeyya, dvīhi kammaṃ payojaye; Catutthañca nidhāpeyya, āpadāsu bhavissatī’’ti. (dī. ni. 3.265) – Evarūpaṃ anusāsaniṃ uggahetvā ‘‘ācariyo me’’ti vandati, aggahitameva hoti saraṇaṃ."
MAIN004-S105,MAIN004,25108,25117,"Yo pana ‘‘ayaṃ loke aggadakkhiṇeyyo’’ti vandati, teneva gahitaṃ hoti saraṇaṃ."
MAIN004-S106,MAIN004,25118,25136,"Evaṃ gahitasaraṇassa ca upāsakassa vā upāsikāya vā aññatitthiyesu pabbajitampi ñātiṃ ‘‘ñātako me aya’’nti vandato saraṇagamanaṃ na bhijjati, pageva apabbajitaṃ."
MAIN004-S107,MAIN004,25137,25146,"Tathā rājānaṃ bhayavasena vandato, so hi raṭṭhapūjitattā avandiyamāno anatthampi kareyyāti."
MAIN004-S108,MAIN004,25147,25160,Tathā yaṃkiñci sippaṃ sikkhāpakaṃ titthiyaṃ ‘‘ācariyo me aya’’nti vandatopi na bhijjatīti evaṃ saraṇagamanappabhedo veditabbo.
MAIN004-S109,MAIN004,25161,25169,"Ettha ca lokuttarassa saraṇagamanassa cattāri sāmaññaphalāni vipākaphalaṃ, sabbadukkhakkhayo ānisaṃsaphalaṃ."
MAIN004-S110,MAIN004,25170,25182,"Vuttañhetaṃ – ‘‘Yo ca buddhañca dhammañca, saṅghañca saraṇaṃ gato; Cattāri ariyasaccāni, sammappaññāya passati."
MAIN004-S111,MAIN004,25183,25190,"Dukkhaṃ dukkhasamuppādaṃ, dukkhassa ca atikkamaṃ; Ariyañcaṭṭhaṅgikaṃ maggaṃ, dukkhūpasamagāminaṃ."
MAIN004-S112,MAIN004,25191,25209,"Etaṃ kho saraṇaṃ khemaṃ, etaṃ saraṇamuttamaṃ; Etaṃ saraṇamāgamma, sabbadukkhā pamuccatī’’ti. (dha. pa. 190-192); Apica niccato anupagamanādivasena petassa ānisaṃsaphalaṃ veditabbaṃ."
MAIN004-S113,MAIN004,25210,25251,"Vuttañhetaṃ, ‘‘aṭṭhānametaṃ, bhikkhave, anavakāso, yaṃ diṭṭhisampanno puggalo kañci saṅkhāraṃ niccato upagaccheyya, sukhato upagaccheyya, kañci dhammaṃ attato upagaccheyya, mātaraṃ jīvitā voropeyya, pitaraṃ arahantaṃ jīvitā voropeyya, duṭṭhacitto tathāgatassa lohitaṃ uppādeyya, saṅghaṃ bhindeyya, aññaṃ satthāraṃ uddiseyya, netaṃ ṭhānaṃ vijjatī’’ti (ma. ni. 3.128; a. ni. 1.268-276)."
MAIN004-S114,MAIN004,25252,25257,Lokiyassa pana saraṇagamanassa bhavasampadāpi bhogasampadāpi phalameva.
MAIN004-S115,MAIN004,25258,25315,"Vuttañhetaṃ – ‘‘Yekeci buddhaṃ saraṇaṃ gatāse, Na te gamissanti apāyabhūmiṃ; Pahāya mānusaṃ dehaṃ, Devakāyaṃ paripūressantī’’ti. (saṃ. ni. 1.37); Aparampi vuttaṃ ‘‘atha kho sakko devānamindo asītiyā devatāsahassehi saddhiṃ yenāyasmā mahāmoggallāno, tenupasaṅkami…pe… ekamantaṃ ṭhitaṃ kho sakkaṃ devānamindaṃ āyasmā mahāmoggallāno etadavoca ‘sādhu kho devānaminda buddhaṃ saraṇagamanaṃ hoti, buddhaṃ saraṇagamanahetu kho devānaminda evamidhekacce sattā kāyassa bhedā paraṃ maraṇā sugatiṃ saggaṃ lokaṃ upapajjantī’ti."
MAIN004-S116,MAIN004,25316,25337,Te aññe deve dasahi ṭhānehi adhigaṇhanti dibbena āyunā dibbena vaṇṇena sukhena yasena ādhipateyyena dibbehi rūpehi saddehi gandhehi rasehi phoṭṭhabbehī’’ti (saṃ. ni. 4.341).
MAIN004-S117,MAIN004,25338,25342,Esa nayo dhamme saṅghe ca.
MAIN004-S118,MAIN004,25343,25350,Apica velāmasuttādivasenāpi (a. ni. 9.20) saraṇagamanassa phalaviseso veditabbo.
MAIN004-S119,MAIN004,25351,25353,Evaṃ saraṇagamanaphalaṃ veditabbaṃ.
MAIN004-S120,MAIN004,25354,25364,"Tattha lokiyasaraṇagamanaṃ tīsu vatthūsu aññāṇasaṃsayamicchāñāṇādīhi saṃkilissati, na mahājutikaṃ hoti, na mahāvipphāraṃ."
MAIN004-S121,MAIN004,25365,25367,Lokuttarassa natthi saṃkileso.
MAIN004-S122,MAIN004,25368,25375,Lokiyassa ca saraṇagamanassa duvidho bhedo sāvajjo anavajjo ca.
MAIN004-S123,MAIN004,25376,25382,"Tattha sāvajjo aññasatthārādīsu attasanniyyātanādīhi hoti, so aniṭṭhaphalo."
MAIN004-S124,MAIN004,25383,25388,"Anavajjo kālaṃ kiriyāya, so avipākattā aphalo."
MAIN004-S125,MAIN004,25389,25392,Lokuttarassa pana nevatthi bhedo.
MAIN004-S126,MAIN004,25393,25405,Bhavantarepi hi ariyasāvako aññasatthāraṃ na uddisatīti evaṃ saraṇagamanassa saṃkileso ca bhedo ca veditabboti.
MAIN004-S127,MAIN004,25406,25419,"Upāsakaṃ maṃ bhavaṃ gotamo dhāretūti maṃ bhavaṃ gotamo ‘‘upāsako aya’’nti evaṃ dhāretu, jānātūti attho."
MAIN004-S128,MAIN004,25420,25421,Saraṇagamanakathāvaṇṇanā niṭṭhitā.
MAIN004-S129,MAIN004,25422,25440,"Upāsakavidhikathāvaṇṇanā Upāsakavidhikosallatthaṃ panettha ko upāsako, kasmā upāsakoti vuccati, kimassa sīlaṃ, ko ājīvo, kā vipatti, kā sampattīti idaṃ pakiṇṇakaṃ veditabbaṃ."
MAIN004-S130,MAIN004,25441,25447,Tattha ko upāsakoti yo koci tisaraṇagato gahaṭṭho.
MAIN004-S131,MAIN004,25448,25465,"Vuttañhetaṃ – ‘‘yato kho mahānāma upāsako buddhaṃ saraṇaṃ gato hoti, dhammaṃ saraṇaṃ gato hoti, saṅghaṃ saraṇaṃ gato hoti."
MAIN004-S132,MAIN004,25466,25473,Ettāvatā kho mahānāma upāsako hotī’’ti (saṃ. ni. 5.1033).
MAIN004-S133,MAIN004,25474,25477,Kasmā upāsakoti ratanattayassa upāsanato.
MAIN004-S134,MAIN004,25478,25482,So hi buddhaṃ upāsatīti upāsako.
MAIN004-S135,MAIN004,25483,25486,"Dhammaṃ, saṅghaṃ upāsatīti upāsako."
MAIN004-S136,MAIN004,25487,25490,Kimassa sīlanti pañca veramaṇiyo.
MAIN004-S137,MAIN004,25491,25505,"Yathāha ‘‘yato kho mahānāma upāsako pāṇātipātā paṭivirato hoti adinnādānā, kāmesu micchācārā, musāvādā, surāmerayamajjapamādaṭṭhānā paṭivirato hoti."
MAIN004-S138,MAIN004,25506,25514,Ettāvatā kho mahānāma upāsako sīlavā hotī’’ti (saṃ. ni. 5.1033).
MAIN004-S139,MAIN004,25515,25522,Ko ājīvoti pañca micchāvaṇijjā pahāya dhammena samena jīvitakappanaṃ.
MAIN004-S140,MAIN004,25523,25528,"Vuttañhetaṃ ‘‘pañcimā, bhikkhave, vaṇijjā upāsakena akaraṇīyā."
MAIN004-S141,MAIN004,25529,25535,"Katamā pañca? Satthavaṇijjā, sattavaṇijjā, maṃsavaṇijjā, majjavaṇijjā, visavaṇijjā."
MAIN004-S142,MAIN004,25536,25545,"Imā kho, bhikkhave, pañca vaṇijjā upāsakena akaraṇīyā’’ti (a. ni. 5.177)."
MAIN004-S143,MAIN004,25546,25556,"Kā vipattīti yā tasseva sīlassa ca ājīvassa ca vipatti, ayamassa vipatti."
MAIN004-S144,MAIN004,25557,25565,Apica yāya esa caṇḍālo ceva hoti malañca patikuṭṭho ca.
MAIN004-S145,MAIN004,25566,25568,Sāpissa vipattīti veditabbā.
MAIN004-S146,MAIN004,25569,25575,Te ca atthato assaddhiyādayo pañca dhammā honti.
MAIN004-S147,MAIN004,25576,25587,"Yathāha ‘‘pañcahi, bhikkhave, dhammehi samannāgato upāsako upāsakacaṇḍālo ca hoti upāsakamalañca upāsakapatikuṭṭho ca."
MAIN004-S148,MAIN004,25588,25611,"Katamehi pañcahi? Assaddho hoti, dussīlo hoti, kotūhalamaṅgaliko hoti, maṅgalaṃ pacceti no kammaṃ, ito ca bahiddhā dakkhiṇeyyaṃ pariyesati tattha ca pubbakāraṃ karotī’’ti (a. ni. 5.175)."
MAIN004-S149,MAIN004,25612,25621,"Kā sampattīti yā cassa sīlasampadā ca ājīvasampadā ca, sā sampatti."
MAIN004-S150,MAIN004,25622,25627,Ye cassa ratanabhāvādikarā saddhādayo pañca dhammā.
MAIN004-S151,MAIN004,25628,25637,"Yathāha ‘‘pañcahi, bhikkhave, dhammehi samannāgato upāsako upāsakaratanañca hoti upāsakapadumañca upāsakapuṇḍarīkañca."
MAIN004-S152,MAIN004,25638,25662,"Katamehi pañcahi? Saddho hoti, sīlavā hoti, na kotūhalamaṅgaliko hoti, kammaṃ pacceti no maṅgalaṃ, na ito bahiddhā dakkhiṇeyyaṃ gavesati, idha ca pubbakāraṃ karotī’’ti (a. ni. 5.175)."
MAIN004-S153,MAIN004,25663,25668,Ajjataggeti ettha ayaṃ aggasaddo ādikoṭikoṭṭhāsaseṭṭhesu dissati.
MAIN004-S154,MAIN004,25669,25681,"‘‘Ajjatagge, samma dovārika, āvarāmi dvāraṃ nigaṇṭhānaṃ nigaṇṭhīna’’ntiādīsu (ma. ni. 2.70) hi ādimhi dissati."
MAIN004-S155,MAIN004,25682,25691,"‘‘Teneva aṅgulaggena taṃ aṅgulaggaṃ parāmaseyya, (kathā. 441) ucchaggaṃ veḷagga’’ntiādīsu koṭiyaṃ."
MAIN004-S156,MAIN004,25692,25710,"‘‘Ambilaggaṃ vā madhuraggaṃ vā tittakaggaṃ vā (saṃ. ni. 5.374), anujānāmi, bhikkhave, vihāraggena vā pariveṇaggena vā bhājetu’’ntiādīsu (cūḷava. 318) koṭṭhāse."
MAIN004-S157,MAIN004,25711,25722,"‘‘Yāvatā, bhikkhave, sattā apadā vā…pe… tathāgato tesaṃ aggamakkhāyatī’’tiādīsu (a. ni. 4.34) seṭṭhe."
MAIN004-S158,MAIN004,25723,25726,Idha panāyaṃ ādimhi daṭṭhabbo.
MAIN004-S159,MAIN004,25727,25734,"Tasmā ajjataggeti ajjataṃ ādiṃ katvā, evamettha attho veditabbo."
MAIN004-S160,MAIN004,25735,25736,Ajjatanti ajjabhāvaṃ.
MAIN004-S161,MAIN004,25737,25745,"Ajjadaggeti vā pāṭho, da-kāro padasandhikaro, ajja aggaṃ katvāti attho."
MAIN004-S162,MAIN004,25746,25754,"Pāṇupetanti pāṇehi upetaṃ, yāva me jīvitaṃ pavattati, tāva upetaṃ."
MAIN004-S163,MAIN004,25755,25766,Anaññasatthukaṃ tīhi saraṇagamanehi saraṇaṃ gataṃ upāsakaṃ kappiyakārakaṃ maṃ bhavaṃ gotamo dhāretu jānātu.
MAIN004-S164,MAIN004,25767,25787,"Ahañhi sacepi me tikhiṇena asinā sīsaṃ chindeyya, neva buddhaṃ ‘‘na buddho’’ti vā dhammaṃ ‘‘na dhammo’’ti vā, saṅghaṃ ‘‘na saṅgho’’ti vā vadeyyanti."
MAIN004-S165,MAIN004,25788,25802,Evaṃ attasanniyyātanena saraṇaṃ gantvā catūhi ca paccayehi pavāretvā uṭṭhāyāsanā bhagavantaṃ abhivādetvā tikkhattuṃ padakkhiṇaṃ katvā pakkāmīti.
MAIN004-S166,MAIN004,25803,25804,Upāsakavidhikathāvaṇṇanā niṭṭhitā.
MAIN004-S167,MAIN004,25805,25808,Papañcasūdaniyā majjhimanikāyaṭṭhakathāya Bhayabheravasuttavaṇṇanā niṭṭhitā.
MAIN004-S168,MAIN004,25809,25810,5. Anaṅgaṇasuttavaṇṇanā
MAIN004-S169,MAIN004,25811,25817,57. Evaṃ me sutaṃ…pe… āyasmā sāriputtoti anaṅgaṇasuttaṃ.
MAIN004-S170,MAIN004,25818,25824,"Tatrāyaṃ anuttānapadavaṇṇanā – yathā cettha, evaṃ sabbasuttesu."
MAIN004-S171,MAIN004,25825,25831,Tasmā ito paraṃ ettakampi avatvā apubbapadavaṇṇanaṃyeva karissāma.
MAIN004-S172,MAIN004,25832,25833,Cattāroti gaṇanaparicchedo.
MAIN004-S173,MAIN004,25834,25837,Puggalāti sattā narā posā.
MAIN004-S174,MAIN004,25838,25853,"Ettāvatā ca puggalavādī mahātheroti na gahetabbaṃ, ayañhi āyasmā buddhaputtānaṃ seṭṭho, so buddhassa bhagavato desanaṃ avilomentoyeva deseti."
MAIN004-S175,MAIN004,25854,25861,"Sammutiparamatthadesanākathāvaṇṇanā Buddhassa bhagavato duvidhā desanā sammutidesanā, paramatthadesanā cāti."
MAIN004-S176,MAIN004,25862,25872,Tattha puggalo satto itthī puriso khattiyo brāhmaṇo devo māroti evarūpā sammutidesanā.
MAIN004-S177,MAIN004,25873,25881,"Aniccaṃ dukkhaṃ anattā, khandhā dhātū āyatanāni satipaṭṭhānāti evarūpā paramatthadesanā."
MAIN004-S178,MAIN004,25882,25897,"Tattha bhagavā ye sammutivasena desanaṃ sutvā atthaṃ paṭivijjhitvā mohaṃ pahāya visesaṃ adhigantuṃ samatthā, tesaṃ sammutidesanaṃ deseti."
MAIN004-S179,MAIN004,25898,25911,"Ye pana paramatthavasena desanaṃ sutvā atthaṃ paṭivijjhitvā mohaṃ pahāya visesamadhigantuṃ samatthā, tesaṃ paramatthadesanaṃ deseti."
MAIN004-S180,MAIN004,25912,25928,"Tatthāyaṃ upamā, yathā hi desabhāsākusalo tiṇṇaṃ vedānaṃ atthasaṃvaṇṇanako ācariyo ye damiḷabhāsāya vutte atthaṃ jānanti, tesaṃ damiḷabhāsāya ācikkhati."
MAIN004-S181,MAIN004,25929,25935,"Ye andhakabhāsādīsu aññatarāya, tesaṃ tāya tāya bhāsāya."
MAIN004-S182,MAIN004,25936,25944,Evaṃ te māṇavakā chekaṃ byattaṃ ācariyamāgamma khippameva sippaṃ uggaṇhanti.
MAIN004-S183,MAIN004,25945,25949,Tattha ācariyo viya buddho bhagavā.
MAIN004-S184,MAIN004,25950,25956,Tayo vedā viya kathetabbabhāvena ṭhitāni tīṇi piṭakāni.
MAIN004-S185,MAIN004,25957,25958,Desabhāsākosallamiva sammutiparamatthakosallaṃ.
MAIN004-S186,MAIN004,25959,25963,Nānādesabhāsā māṇavakā viya sammutiparamatthadesanāpaṭivijjhanasamatthā veneyyasattā.
MAIN004-S187,MAIN004,25964,25970,Ācariyassa damiḷabhāsādiācikkhanaṃ viya bhagavato sammutiparamatthavasena desanā veditabbā.
MAIN004-S188,MAIN004,25971,25983,"Āha cettha – ‘‘Duve saccāni akkhāsi, sambuddho vadataṃ varo; Sammutiṃ paramatthañca, tatiyaṃ nūpalabbhati."
MAIN004-S189,MAIN004,25984,25990,"Saṅketavacanaṃ saccaṃ, lokasammutikāraṇā; Paramatthavacanaṃ saccaṃ, dhammānaṃ bhūtakāraṇā."
MAIN004-S190,MAIN004,25991,25999,"Tasmā vohārakusalassa, lokanāthassa satthuno; Sammutiṃ voharantassa, musāvādo na jāyatī’’ti."
MAIN004-S191,MAIN004,26000,26015,"Apica aṭṭhahi kāraṇehi bhagavā puggalakathaṃ katheti – hirottappadīpanatthaṃ, kammassakatādīpanatthaṃ, paccattapurisakāradīpanatthaṃ, ānantariyadīpanatthaṃ, brahmavihāradīpanatthaṃ, pubbenivāsadīpanatthaṃ, dakkhiṇāvisuddhidīpanatthaṃ, lokasammutiyā appahānatthañcāti."
MAIN004-S192,MAIN004,26016,26031,"‘‘Khandhadhātuāyatanāni hirīyanti ottappantī’’ti hi vutte mahājano na jānāti, sammohamāpajjati, paṭisattu hoti ‘‘kimidaṃ khandhadhātuāyatanāni hirīyanti ottappanti nāmā’’ti."
MAIN004-S193,MAIN004,26032,26047,"‘‘Itthī hirīyati ottappati puriso khattiyo brāhmaṇo devo māro’’ti vutte pana jānāti, na sammohamāpajjati, na paṭisattu hoti."
MAIN004-S194,MAIN004,26048,26052,Tasmā bhagavā hirottappadīpanatthaṃ puggalakathaṃ katheti.
MAIN004-S195,MAIN004,26053,26059,‘‘Khandhā kammassakā dhātuyo āyatanānī’’ti vuttepi eseva nayo.
MAIN004-S196,MAIN004,26060,26064,Tasmā bhagavā kammassakatādīpanatthaṃ puggalakathaṃ katheti.
MAIN004-S197,MAIN004,26065,26073,‘‘Veḷuvanādayo mahāvihārā khandhehi kārāpitā dhātūhi āyatanehī’’ti vuttepi eseva nayo.
MAIN004-S198,MAIN004,26074,26078,Tasmā bhagavā paccattapurisakāradīpanatthaṃ puggalakathaṃ katheti.
MAIN004-S199,MAIN004,26079,26093,"‘‘Khandhā mātaraṃ jīvitā voropenti pitaraṃ arahantaṃ ruhiruppādakammaṃ karonti, saṅghabhedakammaṃ karonti, dhātuyo āyatanānī’’ti vuttepi eseva nayo."
MAIN004-S200,MAIN004,26094,26098,Tasmā bhagavā ānantariyadīpanatthaṃ puggalakathaṃ katheti.
MAIN004-S201,MAIN004,26099,26105,‘‘Khandhā mettāyanti dhātuyo āyatanānī’’ti vuttepi eseva nayo.
MAIN004-S202,MAIN004,26106,26110,Tasmā bhagavā brahmavihāradīpanatthaṃ puggalakathaṃ katheti.
MAIN004-S203,MAIN004,26111,26117,‘‘Khandhā pubbenivāsamanussaranti dhātuyo āyatanānī’’ti vuttepi eseva nayo.
MAIN004-S204,MAIN004,26118,26122,Tasmā bhagavā pubbenivāsadīpanatthaṃ puggalakathaṃ katheti.
MAIN004-S205,MAIN004,26123,26138,"‘‘Khandhā dānaṃ paṭiggaṇhanti dhātuyo āyatanānī’’ti vuttepi mahājano na jānāti, sammohamāpajjati, paṭisattu hoti ‘‘kimidaṃ khandhadhātuāyatanāni paṭiggaṇhanti nāmā’’ti."
MAIN004-S206,MAIN004,26139,26150,"‘‘Puggalā paṭiggaṇhanti sīlavanto kalyāṇadhammā’’ti vutte pana jānāti, na sammohamāpajjati, na paṭisattu hoti."
MAIN004-S207,MAIN004,26151,26155,Tasmā bhagavā dakkhiṇāvisuddhidīpanatthaṃ puggalakathaṃ katheti.
MAIN004-S208,MAIN004,26156,26165,"Lokasammutiñca buddhā bhagavanto nappajahanti, lokasamaññāya lokaniruttiyaṃ lokābhilāpe ṭhitāyeva dhammaṃ desenti."
MAIN004-S209,MAIN004,26166,26171,Tasmā bhagavā lokasammutiyā appahānatthampi puggalakathaṃ katheti.
MAIN004-S210,MAIN004,26172,26185,"Tasmā ayampi āyasmā lokavohārakusalatāya buddhassa bhagavato desanaṃ avilomento lokasammutiyaṃ ṭhatvāva cattārome, āvuso, puggalāti āha."
MAIN004-S211,MAIN004,26186,26192,Tasmā ettha paramatthavasena aggahetvā sammutivaseneva puggalo veditabbo.
MAIN004-S212,MAIN004,26193,26197,Santo saṃvijjamānāti lokasaṅketavasena atthi upalabbhamānā.
MAIN004-S213,MAIN004,26198,26199,Lokasminti sattaloke.
MAIN004-S214,MAIN004,26200,26206,Sāṅgaṇova samānotiādīsu pana aṅgaṇanti katthaci kilesā vuccanti.
MAIN004-S215,MAIN004,26207,26219,"Yathāha ‘‘tattha katamāni tīṇi aṅgaṇāni? Rāgo aṅgaṇaṃ, doso aṅgaṇaṃ, moho aṅgaṇa’’nti (vibha. 924)."
MAIN004-S216,MAIN004,26220,26233,"Katthaci yaṃkiñci malaṃ vā paṅko vā, yathāha ‘‘tasseva rajassa vā aṅgaṇassa vā pahānāya vāyamatī’’ti."
MAIN004-S217,MAIN004,26234,26241,"Katthaci tathārūpo bhūmibhāgo, so bodhiyaṅgaṇaṃ cetiyaṅgaṇantiādīnaṃ vasena veditabbo."
MAIN004-S218,MAIN004,26242,26247,Idha pana nānappakārā tibbakilesā ‘‘aṅgaṇa’’nti adhippetā.
MAIN004-S219,MAIN004,26248,26262,"Tathā hi vakkhati ‘‘pāpakānaṃ kho etaṃ, āvuso, akusalānaṃ icchāvacarānaṃ adhivacanaṃ, yadidaṃ aṅgaṇa’’nti (ma. ni. 1.60)."
MAIN004-S220,MAIN004,26263,26265,Saha aṅgaṇena sāṅgaṇo.
MAIN004-S221,MAIN004,26266,26269,Sāṅgaṇova samānoti sakilesoyeva santo.
MAIN004-S222,MAIN004,26270,26282,Atthi me ajjhattaṃ aṅgaṇanti yathābhūtaṃ nappajānātīti mayhaṃ attano cittasantāne kileso atthītipi na jānāti.
MAIN004-S223,MAIN004,26283,26295,‘‘Ime kilesā nāma kakkhaḷā vāḷā jahitabbā na gahitabbā visaduṭṭhasallasadisā’’ti evaṃ yāthāvasarasatopi na jānāti.
MAIN004-S224,MAIN004,26296,26301,"Yo atthīti ca jānāti, evañca jānāti."
MAIN004-S225,MAIN004,26302,26309,So ‘‘atthi me ajjhattaṃ aṅgaṇanti yathābhūtaṃ pajānātī’’ti vuccati.
MAIN004-S226,MAIN004,26310,26327,"Yassa pana na ca maggena samūhatā kilesā, na ca uppajjanti yena vā tena vā vāritattā, ayamidha anaṅgaṇoti adhippeto."
MAIN004-S227,MAIN004,26328,26357,"Natthi me ajjhattaṃ aṅgaṇanti yathābhūtaṃ nappajānātīti ‘‘mayhaṃ kilesā yena vā tena vā vāritattā natthi, na maggena samūhatattā’’ti na jānāti, ‘‘te uppajjamānā mahāanatthaṃ karissanti kakkhaḷā vāḷā visaduṭṭhasallasadisā’’ti evaṃ yāthāvasarasatopi na jānāti."
MAIN004-S228,MAIN004,26358,26374,"Yo pana ‘‘iminā kāraṇena natthī’’ti ca jānāti, evañca jānāti, so ‘‘natthi me ajjhattaṃ aṅgaṇanti yathābhūtaṃ pajānātī’’ti vuccati."
MAIN004-S229,MAIN004,26375,26387,"Tatrāti tesu catūsu puggalesu, tesu vā dvīsu sāṅgaṇesu, yvāyanti yo ayaṃ, yāyantipi pāṭho."
MAIN004-S230,MAIN004,26388,26399,"58. Ko nu kho, āvuso, sāriputta, hetu ko paccayoti ubhayenāpi kāraṇameva pucchati."
MAIN004-S231,MAIN004,26400,26419,"Yenimesanti yena hetunā yena paccayena imesaṃ dvinnaṃ eko seṭṭhapuriso eko hīnapurisoti akkhāyati, so ko hetu ko paccayoti evamettha sambandho veditabbo."
MAIN004-S232,MAIN004,26420,26433,"Tattha kiñcāpi ‘‘nappajānāti pajānātī’’ti evaṃ vuttaṃ, pajānanā nappajānanāti idameva ubhayaṃ hetu ceva paccayo ca."
MAIN004-S233,MAIN004,26434,26444,59. Thero pana attano vicitrapaṭibhānatāya taṃ pākaṭataraṃ katvā dassetuṃ puna tatrāvusotiādimāha.
MAIN004-S234,MAIN004,26445,26451,Tattha tassetaṃ pāṭikaṅkhanti tassa puggalassa etaṃ pāṭikaṅkhitabbaṃ.
MAIN004-S235,MAIN004,26452,26461,"Idameva esa pāpuṇissati, na aññanti icchitabbaṃ, avassaṃ bhāvīti vuttaṃ hoti."
MAIN004-S236,MAIN004,26462,26468,‘‘Na chandaṃ janessatī’’tiādinā nayena vuttaṃ achandajananādiṃ sandhāyāha.
MAIN004-S237,MAIN004,26469,26480,Tattha ca na chandaṃ janessatīti appajānanto tassa aṅgaṇassa pahānatthaṃ kattukamyatāchandaṃ na janessati.
MAIN004-S238,MAIN004,26481,26498,"Na vāyamissatīti tato balavataraṃ vāyāmaṃ na karissati, na vīriyaṃ ārabhissatīti thāmagatavīriyaṃ pana neva ārabhissati, na pavattessatīti vuttaṃ hoti."
MAIN004-S239,MAIN004,26499,26503,Sāṅgaṇoti imehi rāgādīhi aṅgaṇehi sāṅgaṇo.
MAIN004-S240,MAIN004,26504,26512,Saṃkiliṭṭhacittoti tehiyeva suṭṭhutaraṃ kiliṭṭhacitto malīnacitto vibādhitacitto upatāpitacitto ca hutvā.
MAIN004-S241,MAIN004,26513,26515,Kālaṃ karissatīti marissati.
MAIN004-S242,MAIN004,26516,26518,Seyyathāpīti yathā nāma.
MAIN004-S243,MAIN004,26519,26520,Kaṃsapātīti kaṃsalohabhājanaṃ.
MAIN004-S244,MAIN004,26521,26522,Ābhatāti ānītā.
MAIN004-S245,MAIN004,26523,26532,Āpaṇā vā kammārakulā vāti āpaṇato vā kaṃsapātikārakānaṃ kammārānaṃ gharato vā.
MAIN004-S246,MAIN004,26533,26535,Rajenāti āgantukarajena paṃsuādinā.
MAIN004-S247,MAIN004,26536,26539,Malenāti tattheva uṭṭhitena lohamalena.
MAIN004-S248,MAIN004,26540,26541,Pariyonaddhāti sañchannā.
MAIN004-S249,MAIN004,26542,26548,Na ceva paribhuñjeyyunti udakakhādanīyapakkhipanādīhi paribhogaṃ na kareyyuṃ.
MAIN004-S250,MAIN004,26549,26555,Na ca pariyodapeyyunti dhovanaghaṃsanādīhi na parisuddhaṃ kārāpeyyuṃ.
MAIN004-S251,MAIN004,26556,26557,Rajāpatheti rajapathe.
MAIN004-S252,MAIN004,26558,26575,"Ayameva vā pāṭho, rajassa āgamanaṭṭhāne vā vuṭṭhānuṭṭhāne vā heṭṭhāmañce vā thusakoṭṭhake vā bhājanantare vā, yattha rajena okirīyatīti attho."
MAIN004-S253,MAIN004,26576,26587,"Saṃkiliṭṭhatarā assa malaggahitāti ettha rajāpathe nikkhipanena saṃkiliṭṭhatarā, aparibhogāpariyodapanehi malaggahitatarāti vuttaṃ hoti, paṭipucchāvacanañcetaṃ."
MAIN004-S254,MAIN004,26588,26616,"Tenassa evamattho veditabbo, āvuso, sā kaṃsapāti evaṃ karīyamānā aparena kālena saṃkiliṭṭhatarā ca malaggahitatarā ca mattikapātīti vā kaṃsapātīti vā itipi dujjānā bhaveyya nu kho noti, thero taṃ paṭijānanto āha ‘‘evamāvuso’’ti."
MAIN004-S255,MAIN004,26617,26622,"Puna dhammasenāpati opammaṃ sampaṭipādento, evameva khotiādimāha."
MAIN004-S256,MAIN004,26623,26629,Tatthevaṃ opammasaṃsandanā veditabbā – kiliṭṭhakaṃsapātisadiso sāṅgaṇo puggalo.
MAIN004-S257,MAIN004,26630,26641,Saṃkiliṭṭhakaṃsapātiyā naparibhuñjanamādiṃ katvā rajāpathanikkhepo viya tassa puggalassa pabbajjaṃ labhamānassa vejjakammādīsu pasutapuggalasantike pabbajjāpaṭilābho.
MAIN004-S258,MAIN004,26642,26654,"Saṃkiliṭṭhakaṃsapātiyā puna saṃkiliṭṭhatarabhāvo viya tassa puggalassa anukkamena ācariyupajjhāyānaṃ anusikkhato vejjakammādikaraṇaṃ, ettha ṭhitassa sāṅgaṇakālakiriyā."
MAIN004-S259,MAIN004,26655,26661,"Atha vā anukkamena dukkaṭadubbhāsitavītikkamanaṃ, ettha ṭhitassa sāṅgaṇakālakiriyā."
MAIN004-S260,MAIN004,26662,26671,"Atha vā anukkamena pācittiyathullaccayavītikkamanaṃ, saṅghādisesavītikkamanaṃ, pārājikavītikkamanaṃ, mātughātādiānantariyakaraṇaṃ, ettha ṭhitassa sāṅgaṇakālakiriyāti."
MAIN004-S261,MAIN004,26672,26682,Saṃkiliṭṭhacitto kālaṃ karissatīti ettha ca akusalacittena kālaṃ karissatīti na evamattho daṭṭhabbo.
MAIN004-S262,MAIN004,26683,26688,Sabbasattā hi pakaticittena bhavaṅgacitteneva kālaṃ karonti.
MAIN004-S263,MAIN004,26689,26699,Ayaṃ pana avisodhetvā cittasantānaṃ kālaṃ karissatīti etamatthaṃ sandhāya evaṃ vuttoti veditabbo.
MAIN004-S264,MAIN004,26700,26705,Dutiyavāre pariyodapeyyunti dhovanaghaṃsanasaṇhachārikāparimajjanādīhi parisuddhaṃ ādāsamaṇḍalasadisaṃ kareyyuṃ.
MAIN004-S265,MAIN004,26706,26720,"Na ca naṃ rajāpatheti pubbe vuttappakāre ṭhāne anikkhipitvā karaṇḍamañjūsādīsu vā ṭhapeyyuṃ, paliveṭhetvā vā nāgadante lageyyuṃ."
MAIN004-S266,MAIN004,26721,26723,Sesaṃ vuttanayānusāreneva gahetabbaṃ.
MAIN004-S267,MAIN004,26724,26731,Upamāsaṃsandanā cettha evaṃ veditabbā – kiliṭṭhakaṃsapātisadiso sāṅgaṇo bhabbapuggalo.
MAIN004-S268,MAIN004,26732,26744,Kiliṭṭhakaṃsapātiyā paribhuñjanamādiṃ katvā suddhaṭṭhāne ṭhapanaṃ viya tassa puggalassa pabbajjaṃ labhamānassa pesalabhikkhūnaṃ santike pabbajjāpaṭilābho.
MAIN004-S269,MAIN004,26745,26767,"Ye ovadanti anusāsanti appamattakampi pamādaṃ disvā daṇḍakammaṃ katvā punappunaṃ sikkhāpenti, saṃkiliṭṭhakaṃsapātiyā aparakāle parisuddhapariyodātabhāvo viya tassa puggalassa ācariyupajjhāyānaṃ anusikkhato anukkamena sammāvattapaṭipatti, ettha ṭhitassa anaṅgaṇakālakiriyā."
MAIN004-S270,MAIN004,26768,26788,"Atha vā anukkamena parisuddhe sīle patiṭṭhāya attano anurūpaṃ buddhavacanaṃ uggaṇhitvā dhutaṅgāni samādāya attano anukūlakammaṭṭhānaṃ gahetvā gāmantasenāsanavāsaṃ muñcitvā pantasenāsanavāso, ettha ṭhitassa anaṅgaṇakālakiriyā."
MAIN004-S271,MAIN004,26789,26807,"Atha vā anukkamena kasiṇaparikammaṃ katvā aṭṭhasamāpattinibbattanena kilesavikkhambhanaṃ, vipassanāpādakajjhānā vuṭṭhāya vipassanāya kilesānaṃ tadaṅganivāraṇaṃ, sotāpattiphalādhigamo…pe… arahattasacchikiriyāti ettha ṭhitassa accantaṃ anaṅgaṇakālakiriyā eva."
MAIN004-S272,MAIN004,26808,26811,Tatiyavāre subhanimittanti rāgaṭṭhāniyaṃ iṭṭhārammaṇaṃ.
MAIN004-S273,MAIN004,26812,26818,Manasi karissatīti tasmiṃ vipannassati taṃ nimittaṃ āvajjissati.
MAIN004-S274,MAIN004,26819,26824,Tassa subhanimittassa manasikārāti tassa puggalassa subhanimittamanasikārakāraṇā.
MAIN004-S275,MAIN004,26825,26827,Anuddhaṃsessatīti hiṃsissati adhibhavissati.
MAIN004-S276,MAIN004,26828,26839,Rāgo hi uppajjanto kusalavāraṃ pacchinditvā sayameva akusalajavanaṃ hutvā tiṭṭhanto kusalacittaṃ anuddhaṃsetīti veditabbo.
MAIN004-S277,MAIN004,26840,26842,Sesaṃ vuttanayānusāreneva gahetabbaṃ.
MAIN004-S278,MAIN004,26843,26851,Opammasaṃsandanā panettha evaṃ veditabbā – parisuddhakaṃsapātisadiso pakatiyā appakileso anaṅgaṇapuggalo.
MAIN004-S279,MAIN004,26852,26866,Parisuddhakaṃsapātiyā naparibhuñjanaṃ ādiṃ katvā rajāpathe nikkhepo viya tassa puggalassa pabbajjaṃ labhamānassāti ito paraṃ sabbaṃ paṭhamavārasadisameva.
MAIN004-S280,MAIN004,26867,26879,"Catutthavāre subhanimittaṃ na manasi karissatīti tasmiṃ sativirahābhāvato taṃ nimittaṃ nāvajjissati, sesaṃ dutiyavārānusārena veditabbaṃ."
MAIN004-S281,MAIN004,26880,26887,"‘‘Ayaṃ kho, āvuso’’tiādi ‘‘ko nu kho, āvuso’’tiādimhi vuttanayameva."
MAIN004-S282,MAIN004,26888,26905,"60. Idāni taṃ aṅgaṇaṃ nānappakārato pākaṭaṃ kārāpetukāmenāyasmatā mahāmoggallānena ‘‘aṅgaṇaṃ aṅgaṇa’’ntiādinā nayena puṭṭho taṃ byākaronto pāpakānaṃ kho etaṃ, āvusotiādimāha."
MAIN004-S283,MAIN004,26906,26915,"Tattha icchāvacarānanti icchāya avacarānaṃ, icchāvasena otiṇṇānaṃ pavattānaṃ nānappakārānaṃ kopaappaccayānanti attho."
MAIN004-S284,MAIN004,26916,26931,"Yaṃ idhekaccassāti yena idhekaccassa evaṃ icchā uppajjeyya, taṃ ṭhānaṃ taṃ kāraṇaṃ vijjati atthi, upalabbhatīti vuttaṃ hoti."
MAIN004-S285,MAIN004,26932,26935,Āpanno assanti āpanno bhaveyyaṃ.
MAIN004-S286,MAIN004,26936,26945,Na ca maṃ bhikkhū jāneyyunti bhikkhū ca maṃ na jāneyyuṃ.
MAIN004-S287,MAIN004,26946,26949,"Kiṃ panettha ṭhānaṃ, lābhatthikatā."
MAIN004-S288,MAIN004,26950,26981,"Lābhatthiko hi bhikkhu pakatiyāpi ca katapuñño manussehi sakkato garukato evaṃ cinteti ‘‘āpattiṃ āpannaṃ bhikkhuṃ therā ñatvā majjhimānaṃ ārocenti, te navakānaṃ, navakā vihāre vighāsādādīnaṃ, te ovādaṃ āgatānaṃ bhikkhunīnaṃ, evaṃ kamena catasso parisā jānanti."
MAIN004-S289,MAIN004,26982,26984,Evamassa lābhantarāyo hoti.
MAIN004-S290,MAIN004,26985,26995,"Aho vatāhaṃ āpattiñca vata āpanno assaṃ, na ca maṃ bhikkhū jāneyyu’’nti."
MAIN004-S291,MAIN004,26996,27015,"Yaṃ taṃ bhikkhuṃ bhikkhū jāneyyunti yena kāraṇena taṃ bhikkhuṃ aññe bhikkhū jāneyyuṃ, taṃ kāraṇaṃ vijjati kho pana atthiyeva, no natthi."
MAIN004-S292,MAIN004,27016,27020,Therā hi ñatvā majjhimānaṃ ārocenti.
MAIN004-S293,MAIN004,27021,27028,Evaṃ so pubbe vuttanayena catūsu parisāsu pākaṭo hoti.
MAIN004-S294,MAIN004,27029,27040,Evaṃ pākaṭo ca ayasābhibhūto gāmasatampi pavisitvā ummārasatesu ṭhānesu uñchitvā yathādhotena pattena nikkhamati.
MAIN004-S295,MAIN004,27041,27066,"Tato jānanti maṃ bhikkhū āpattiṃ āpannoti tehi camhi evaṃ nāsitoti cintetvā, iti so kupito hoti appatīto so iminā kāraṇena kupito ceva hoti kodhābhibhūto appatīto ca domanassābhibhūto."
MAIN004-S296,MAIN004,27067,27091,"Yo ceva kho, āvuso, kopo yo ca appaccayo ubhayametaṃ aṅgaṇanti, āvuso, yo cāyaṃ saṅkhārakkhandhasaṅgahito kopo, yo ca vedanākkhandhasaṅgahito appaccayo, etaṃ ubhayaṃ aṅgaṇanti evamettha attho daṭṭhabbo."
MAIN004-S297,MAIN004,27092,27096,Idañca tādisānaṃ puggalānaṃ vasena vuttaṃ.
MAIN004-S298,MAIN004,27097,27105,"Lobho pana imassa aṅgaṇassa pubbabhāgavasena, moho sampayogavasenāpi gahitoyeva hoti."
MAIN004-S299,MAIN004,27106,27117,Anuraho manti purimasadisameva bhikkhuṃ gahetvā vihārapaccante senāsanaṃ pavesetvā dvāraṃ thaketvā codente icchati.
MAIN004-S300,MAIN004,27118,27138,"Ṭhānaṃ kho panetanti etaṃ kāraṇaṃ vijjati, yaṃ taṃ bhikkhuṃ catuparisamajjhe ānetvā byattā vinītā ‘‘tayā asukamhi nāma ṭhāne vejjakammaṃ kata’’ntiādinā nayena codeyyuṃ."
MAIN004-S301,MAIN004,27139,27143,So catūsu parisāsu pākaṭo hoti.
MAIN004-S302,MAIN004,27144,27149,Evaṃ pākaṭo ca ayasābhibhūtoti sabbaṃ purimasadisameva.
MAIN004-S303,MAIN004,27150,27152,Sappaṭipuggaloti samāno puggalo.
MAIN004-S304,MAIN004,27153,27154,Samānoti sāpattiko.
MAIN004-S305,MAIN004,27155,27156,Paṭipuggaloti codako.
MAIN004-S306,MAIN004,27157,27173,"Ayaṃ sāpattikeneva codanaṃ icchati, tvampi imañcimañca āpattiṃ āpanno, taṃ tāva paṭikarohi pacchā maṃ codessasīti vattuṃ sakkāti maññamāno."
MAIN004-S307,MAIN004,27174,27178,Apica jātiādīhipi samāno puggalo sappaṭipuggalo.
MAIN004-S308,MAIN004,27179,27194,"Ayañhi attano jātiyā kulena bāhusaccena byattatāya dhutaṅgenāti evamādīhipi samāneneva codanaṃ icchati, tādisena vuttaṃ nātidukkhaṃ hotīti maññamāno."
MAIN004-S309,MAIN004,27195,27199,Appaṭipuggaloti ettha ayutto paṭipuggalo appaṭipuggalo.
MAIN004-S310,MAIN004,27200,27209,Imehi āpattādīhi asadisattā paṭisattu paṭisallo codako bhavituṃ ayuttoti vuttaṃ hoti.
MAIN004-S311,MAIN004,27210,27219,Iti so kupitoti iti so imāya appaṭipuggalacodanāya evaṃ kupito hoti.
MAIN004-S312,MAIN004,27220,27238,"Catutthavāre aho vatāti ‘‘aho vata re amhākaṃ paṇḍitakā, aho vata re amhākaṃ bahussutakā tevijjakā’’ti (dī. ni. 1.291) garahāyaṃ dissati."
MAIN004-S313,MAIN004,27239,27248,‘‘Aho vata maṃ daharaṃyeva samānaṃ rajje abhisiñceyyu’’nti (mahāva. 57) patthanāyaṃ.
MAIN004-S314,MAIN004,27249,27250,Idha patthanāyameva.
MAIN004-S315,MAIN004,27251,27254,Paṭipucchitvā paṭipucchitvāti punappunaṃ pucchitvā.
MAIN004-S316,MAIN004,27255,27273,"Ayaṃ bhikkhu lābhatthiko bhagavato attānaṃ paṭipucchitabbaṃ icchati, tañca kho anumatipucchāya, no maggaṃ vā phalaṃ vā vipassanaṃ vā antaraṃ katvā."
MAIN004-S317,MAIN004,27274,27308,"Ayañhi passati bhagavantaṃ sāriputtādayo mahāthere ‘‘taṃ kiṃ maññasi, sāriputta, moggallāna, kassapa, rāhula cakkhuṃ niccaṃ vā aniccaṃ vā’’ti evaṃ parisamajjhe paṭipucchitvā paṭipucchitvā dhammaṃ desentaṃ, manusse ca ‘‘tesa paṇḍitā therā satthu cittaṃ ārādhentī’’ti vaṇṇaṃ bhaṇante, lābhasakkārañca upaharante."
MAIN004-S318,MAIN004,27309,27320,Tasmā taṃ lābhasakkāraṃ icchanto evaṃ cintetvā nikhaṇitvā ṭhapitakhāṇu viya bhagavato puratova hoti.
MAIN004-S319,MAIN004,27321,27340,"Iti so kupitoti atha bhagavā taṃ amanasikaritvāva aññaṃ theraṃ paṭipucchitvā dhammaṃ deseti, tena so kupito hoti bhagavato ca therassa ca."
MAIN004-S320,MAIN004,27341,27359,"Kathaṃ bhagavato kuppati? ‘‘Ahaṃ pabbajitakālato pabhuti gandhakuṭipariveṇato bahinikkhamanaṃ na jānāmi, sabbakālaṃ chāyāva na vijahāmi, maṃ nāma pucchitvā dhammadesanāmattampi natthi."
MAIN004-S321,MAIN004,27360,27368,Taṃmuhuttaṃ diṭṭhamattakameva theraṃ pucchitvā dhammaṃ desetī’’ti evaṃ bhagavato kuppati.
MAIN004-S322,MAIN004,27369,27400,"Kathaṃ therassa kuppati? ‘‘Ayaṃ mahallakatthero bhagavato purato khāṇu viya nisīdati, kadā nu kho imaṃ dhammakammikā abhabbaṭṭhānaṃ pāpetvā nīharissanti, ayañhi yadi imasmiṃ vihāre na bhaveyya, avassaṃ bhagavā mayā saddhiṃ sallapeyyā’’ti evaṃ therassa kuppati."
MAIN004-S323,MAIN004,27401,27408,"Purakkhatvā purakkhatvāti purato purato katvā, samparivāretvāti vuttaṃ hoti."
MAIN004-S324,MAIN004,27409,27427,"Ayampi lābhatthikoyeva, ayañhi passati bahussute bhikkhū mahāparivārena gāmaṃ pavisante, cetiyaṃ vandante, tesañca taṃ sampattiṃ disvā upāsake pasanne pasannākāraṃ karonte."
MAIN004-S325,MAIN004,27428,27430,Tasmā evaṃ icchati.
MAIN004-S326,MAIN004,27431,27438,Kupitoti ayampi dvīsu ṭhānesu kuppati bhikkhūnaṃ therassa ca.
MAIN004-S327,MAIN004,27439,27461,"Kathaṃ bhikkhūnaṃ? ‘‘Ime yadeva mayhaṃ uppajjati cīvaraṃ vā piṇḍapāto vā, taṃ gahetvā paribhuñjanti, mayhaṃ pana pattacīvaraṃ gahetvā piṭṭhito āgacchantopi natthī’’ti evaṃ bhikkhūnaṃ kuppati."
MAIN004-S328,MAIN004,27462,27480,"Kathaṃ therassa? ‘‘Eso mahallakatthero tesu tesu ṭhānesu sayameva paññāyati, kudāssu nāma naṃ dhammakammikā nikkaḍḍhissanti, imasmiṃ asati avassaṃ maṃyeva parivāressantī’’ti."
MAIN004-S329,MAIN004,27481,27482,Bhattaggeti bhojanaṭṭhāne.
MAIN004-S330,MAIN004,27483,27484,Aggāsananti saṅghattherāsanaṃ.
MAIN004-S331,MAIN004,27485,27486,Aggodakanti dakkhiṇodakaṃ.
MAIN004-S332,MAIN004,27487,27488,Aggapiṇḍanti saṅghattherapiṇḍaṃ.
MAIN004-S333,MAIN004,27489,27492,Sabbattha vā agganti paṇītādhivacanametaṃ.
MAIN004-S334,MAIN004,27493,27497,Tattha ahameva labheyyanti icchā nātimahāsāvajjā.
MAIN004-S335,MAIN004,27498,27503,Na añño bhikkhu labheyyāti pana atimahāsāvajjā.
MAIN004-S336,MAIN004,27504,27512,"Ayampi lābhatthiko pāsādiko hoti cīvaradhāraṇādīhi, kadāci pabbajati, kadāci vibbhamati."
MAIN004-S337,MAIN004,27513,27521,Tena so pubbe laddhapubbaṃ āsanādiṃ pacchā alabhanto evaṃ cintesi.
MAIN004-S338,MAIN004,27522,27542,Na so bhikkhu labheyyāti na so bhikkhu therānaṃ aggāsanādīsu tadanusārena majjhimānaṃ aññesañca navānaṃ kadāci yaṃ vā taṃ vā sabbanihīnaṃ āsanādiṃ labhati.
MAIN004-S339,MAIN004,27543,27549,Kupitoti ayampi dvīsu ṭhānesu kuppati manussānañca therānañca.
MAIN004-S340,MAIN004,27550,27581,"Kathaṃ manussānaṃ? ‘‘Ime maṅgalādīsu maṃ nissāya bhikkhū labhanti, ete, ‘bhante, ettake bhikkhū gahetvā amhākaṃ anukampaṃ karothā’ti vadanti, idāni taṃmuhuttaṃ diṭṭhamattakaṃ mahallakattheraṃ gahetvā gatā, hotu idāni, nesaṃ kicce uppanne jānissāmī’’ti evaṃ manussānaṃ kuppati."
MAIN004-S341,MAIN004,27582,27594,"Kathaṃ therānaṃ? ‘‘Ime nāma yadi na bhaveyyuṃ, maṃyeva manussā nimanteyyu’’nti evaṃ therānaṃ kuppati."
MAIN004-S342,MAIN004,27595,27597,Anumodeyyanti anumodanaṃ kareyyaṃ.
MAIN004-S343,MAIN004,27598,27620,"Ayampi lābhatthiko yaṃ vā taṃ vā khaṇḍānumodanaṃ jānāti, ‘‘so anumodanaṭṭhāne bahū mātugāmā āgacchanti, tā maṃ sañjānitvā tato pabhuti thālakabhikkhaṃ dassantī’’ti patthento evaṃ cintesi."
MAIN004-S344,MAIN004,27621,27629,"Ṭhānanti bahussutānaṃ anumodanā bhāro, tena bahussuto anumodeyyāti vuttaṃ hoti."
MAIN004-S345,MAIN004,27630,27638,Kupitoti ayampi tīsu ṭhānesu kuppati manussānaṃ therassa dhammakathikassa ca.
MAIN004-S346,MAIN004,27639,27656,"Kathaṃ manussānaṃ? ‘‘Ime pubbe maṃyeva upasaṅkamitvā yācanti ‘amhākaṃ nāgatthero amhākaṃ sumanatthero anumodatū’ti, ajja pana nāvocu’’nti evaṃ manussānaṃ kuppati."
MAIN004-S347,MAIN004,27657,27672,"Kathaṃ therassa? ‘‘Ayaṃ saṅghatthero ‘tumhākaṃ kulupakaṃ nāgattheraṃ sumanattheraṃ upasaṅkamatha, ayaṃ anumodissatī’ti na bhaṇatī’’ti evaṃ therassa kuppati."
MAIN004-S348,MAIN004,27673,27692,"Kathaṃ dhammakathikassa? ‘‘Therena vuttamatteyeva pahāraṃ laddhakukkuṭo viya turitaturitaṃ vassati, imaṃ nāma nikkaḍḍhantā natthi, imasmiñhi asati ahameva anumodeyya’’nti evaṃ dhammakathikassa kuppati."
MAIN004-S349,MAIN004,27693,27695,Ārāmagatānanti vihāre sannipatitānaṃ.
MAIN004-S350,MAIN004,27696,27734,"Ayampi lābhatthiko yaṃ vā taṃ vā khaṇḍadhammakathaṃ jānāti, so passati tādisesu ṭhānesu dviyojanatiyojanato sannipatitvā bhikkhū sabbarattikāni dhammassavanāni suṇante, tuṭṭhacitte ca dahare vā sāmaṇere vā sādhu sādhūti mahāsaddena sādhukāraṃ dente, tato dutiyadivase antogāmagate bhikkhū upāsakā pucchanti ‘‘ke, bhante, dhammaṃ kathesu’’nti."
MAIN004-S351,MAIN004,27735,27740,Te bhaṇanti ‘‘asuko ca asuko cā’’ti.
MAIN004-S352,MAIN004,27741,27747,Taṃ sutvā pasannā manussā dhammakathikānaṃ mahāsakkāraṃ karonti.
MAIN004-S353,MAIN004,27748,27752,So taṃ icchamāno evaṃ cintesi.
MAIN004-S354,MAIN004,27753,27762,"Ṭhānanti bahussutānaṃ vinicchayakusalānaṃ dhammadesanā bhāro, tena bahussuto deseyyāti vuttaṃ hoti."
MAIN004-S355,MAIN004,27763,27778,Kupitoti catuppadikaṃ gāthampi vattuṃ okāsaṃ alabhamāno kupito hoti attano mandabhāvassa ‘‘ahañhi mando duppañño kuto labhissāmi desetu’’nti.
MAIN004-S356,MAIN004,27779,27790,Bhikkhunīnanti ovādatthaṃ vā uddesatthaṃ vā paripucchatthaṃ vā pūjākaraṇatthaṃ vā ārāmaṃ āgantvā sannipatitabhikkhunīnaṃ.
MAIN004-S357,MAIN004,27791,27813,"Ayampi lābhatthiko, tassevaṃ hoti imā mahākulā pabbajitā bhikkhuniyo, tāsu kulesu pavisetvā nisinnāsu manussā pucchissanti ‘‘kassa santike ovādaṃ vā uddesaṃ vā paripucchaṃ vā gaṇhathā’’ti."
MAIN004-S358,MAIN004,27814,27826,"Tato vakkhanti ‘‘asuko nāma ayyo bahussuto, tassa detha karothā’’ti, tenassa evaṃ icchā uppajjati."
MAIN004-S359,MAIN004,27827,27836,"Ṭhānanti ovādādayo nāma bahussutānaṃ bhāro, tena bahussuto deseyyāti vuttaṃ hoti."
MAIN004-S360,MAIN004,27837,27855,"Kupitoti ayampi dvīsu ṭhānesu kuppati, tāsañca bhikkhunīnaṃ ‘‘imā pubbe maṃ nissāya uposathappavāraṇādīni labhanti, tā idāni taṃmuhuttaṃ diṭṭhamattakamahallakattherassa santikaṃ gatā’’ti."
MAIN004-S361,MAIN004,27856,27862,Dhammakathikassa ca ‘‘esa imāsaṃ sahasā ovādaṃ adāsiyevā’’ti.
MAIN004-S362,MAIN004,27863,27865,"Upāsakānanti, ārāmagatānaṃ upāsakānaṃ."
MAIN004-S363,MAIN004,27866,27892,"Nissaṭṭhakammantā nāma mahāupāsakā honti, te puttabhātukānaṃ kammaṃ niyyātetvā dhammaṃ suṇantā vicaranti, ayaṃ tesaṃ desetuṃ icchati, kiṃ kāraṇā? Ime pasīditvā upāsikānampi ārocessanti, tato saddhiṃ upāsikāhi mayhameva lābhasakkāraṃ upaharissantīti."
MAIN004-S364,MAIN004,27893,27895,Ṭhānaṃ bahussuteneva yojetabbaṃ.
MAIN004-S365,MAIN004,27896,27919,"Kupitoti ayampi dvīsu ṭhānesu kuppati, upāsakānañca ‘‘ime aññattha suṇanti, amhākaṃ kulupakassa santike suṇāmāti nāgacchanti, hotu idāni, tesaṃ uppanne kicce jānissāmī’’ti dhammakathikassa ca, ‘‘ayametesaṃ desetī’’ti."
MAIN004-S366,MAIN004,27920,27921,Upāsikānanti ārāmagatānaṃ.
MAIN004-S367,MAIN004,27922,27929,Upāsikā nāma āsanapūjādikaraṇatthaṃ vā uposathadivase vā dhammassavanatthaṃ sannipatitā.
MAIN004-S368,MAIN004,27930,27932,Sesaṃ upāsakavāre vuttanayameva.
MAIN004-S369,MAIN004,27933,27937,"Sakkareyyunti sakkaccañca kareyyuṃ, sundarañca kareyyuṃ."
MAIN004-S370,MAIN004,27938,27945,Iminā attani kāraṃ karīyamānaṃ sakkaccaṃ katañca sundarañca pattheti.
MAIN004-S371,MAIN004,27946,27949,Garuṃ kareyyunti bhāriyaṃ kareyyuṃ.
MAIN004-S372,MAIN004,27950,27955,Iminā bhikkhūhi attānaṃ garuṭṭhāne ṭhapīyamānaṃ pattheti.
MAIN004-S373,MAIN004,27956,27957,Māneyyunti piyāyeyyuṃ.
MAIN004-S374,MAIN004,27958,27967,Pūjeyyunti evaṃ sakkarontā garuṃ karontā mānentā paccayehi pūjeyyunti paccayapūjaṃ pattheti.
MAIN004-S375,MAIN004,27968,27986,Ṭhānanti ‘‘piyo garu bhāvaniyo’’ti vuttappakāro bahussuto ca sīlavā ca etaṃ vidhiṃ arahati tena bhikkhū evarūpaṃ evaṃ kareyyunti vuttaṃ hoti.
MAIN004-S376,MAIN004,27987,28001,Kupitoti ayampi dvīsu ṭhānesu kuppati bhikkhūnañca ‘‘ime etaṃ sakkarontī’’ti therassa ca ‘‘imasmiṃ asati maṃyeva sakkareyyu’’nti.
MAIN004-S377,MAIN004,28002,28007,Esa nayo ito paresu tīsu vāresu.
MAIN004-S378,MAIN004,28008,28012,Paṇītānaṃ cīvarānanti paṭṭadukūlapaṭṭuṇṇakoseyyādīnaṃ mahagghasukhumasukhasamphassānaṃ cīvarānaṃ.
MAIN004-S379,MAIN004,28013,28018,Idhāpi ahameva lābhī assanti icchā nātimahāsāvajjā.
MAIN004-S380,MAIN004,28019,28025,Na añño bhikkhu lābhī assāti pana mahāsāvajjā.
MAIN004-S381,MAIN004,28026,28029,Paṇītānaṃ piṇḍapātānanti sappitelamadhusakkarādipūritānaṃ seṭṭhapiṇḍapātānaṃ.
MAIN004-S382,MAIN004,28030,28034,Paṇītānaṃ senāsanānanti anekasatasahassagghanakānaṃ mañcapīṭhādīnaṃ paṇītānaṃ.
MAIN004-S383,MAIN004,28035,28037,Gilānappaccayabhesajjaparikkhārānanti sappitelamadhuphāṇitādīnaṃ uttamabhesajjānaṃ.
MAIN004-S384,MAIN004,28038,28043,Sabbatthāpi ṭhānaṃ bahussutehi puññavantehi ca yojetabbaṃ.
MAIN004-S385,MAIN004,28044,28071,"Kupitoti sabbatthāpi dvīsu ṭhānesu kuppati, manussānañca ‘‘imesaṃ nāma paricitabhāvopi natthi, dīgharattaṃ ekato vasantassa paṃsukūlatthāya vā piṇḍapātatthāya vā sappitelādikāraṇā vā gharapaṭipāṭiyā carantassāpi me ekadivasampi kiñci paṇītaṃ paccayaṃ na denti."
MAIN004-S386,MAIN004,28072,28098,"Āgantukaṃ mahallakaṃ pana disvāva yaṃ icchati, taṃ dentī’’ti, therassa ca ‘‘ayampi mahallako imesaṃ attānaṃ dassentoyeva carati, kudāssu nāma naṃ dhammakammikā nikkaḍḍheyyuṃ, evaṃ imasmiṃ asati ahameva lābhī assa’’nti."
MAIN004-S387,MAIN004,28099,28107,"Imesaṃ kho, etaṃ āvusoti imesaṃ heṭṭhā ekūnavīsativārehi vuttānaṃ icchāvacarānaṃ."
MAIN004-S388,MAIN004,28108,28120,"61. Dissanti ceva sūyanti cāti na icchāvacarā cakkhunā dissanti, na sotena sūyanti, manoviññāṇavisayattā."
MAIN004-S389,MAIN004,28121,28140,"Appahīnaicchāvacarassa pana puggalassa icchāvacaravasena pavattakāyakammaṃ disvā diṭṭhā viya vacīkammaṃ sutvā sutā viya ca honti, tena vuttaṃ ‘‘dissanti ceva sūyanti cā’’ti."
MAIN004-S390,MAIN004,28141,28148,"Paccakkhakāle dissanti, ‘‘asuko kira bhikkhu īdiso’’ti tirokkhakāle sūyanti."
MAIN004-S391,MAIN004,28149,28150,Kiñcāpīti anuggahagarahavacanaṃ.
MAIN004-S392,MAIN004,28151,28156,"Tena āraññikattaṃ anuggaṇhāti, icchāvacarānaṃ appahānaṃ garahati."
MAIN004-S393,MAIN004,28157,28173,"Tatrāyaṃ yojanā, kiñcāpi so bhikkhu gāmantasenāsanaṃ paṭikkhipitvā āraññiko hoti, ante pantasenāsane vasati, ime cassa ettakā icchāvacarā appahīnā."
MAIN004-S394,MAIN004,28174,28179,Kiñcāpi so atirekalābhaṃ paṭikkhipitvā piṇḍapātiko hoti.
MAIN004-S395,MAIN004,28180,28185,Kiñcāpi so loluppacāraṃ vajjetvā sapadānacārī hoti.
MAIN004-S396,MAIN004,28186,28191,Kiñcāpi so gahapaticīvaraṃ paṭikkhipitvā paṃsukūliko hoti.
MAIN004-S397,MAIN004,28192,28202,Lūkhacīvaradharoti ettha pana lūkhanti satthalūkhaṃ suttalūkhaṃ rajanalūkhanti tīhi kāraṇehi lūkhaṃ veditabbaṃ.
MAIN004-S398,MAIN004,28203,28220,"Tattha satthena khaṇḍākhaṇḍikaṃ chinnaṃ satthalūkhaṃ nāma, taṃ agghena parihāyati, thūladīghasuttakena sibbitaṃ suttalūkhaṃ nāma, taṃ phassena parihāyati kharasamphassaṃ hoti."
MAIN004-S399,MAIN004,28221,28229,"Rajanena rattaṃ rajanalūkhaṃ nāma, taṃ vaṇṇena parihāyati dubbaṇṇaṃ hoti."
MAIN004-S400,MAIN004,28230,28253,"Kiñcāpi so bhikkhu evaṃ satthalūkhasuttalūkharajanalūkhacīvaradharo hoti, ime cassa ettakā icchāvacarā appahīnā dissanti ceva sūyanti ca, atha kho naṃ viññū sabrahmacārī neva sakkaronti…pe… na pūjentīti."
MAIN004-S401,MAIN004,28254,28263,"Taṃ kissa hetūti ettha tanti nipātamattaṃ, kissa hetūti kiṃ kāraṇā."
MAIN004-S402,MAIN004,28264,28276,Te hi tassa…pe… sūyanti ca yasmā tassa te pāpakā sūyanti cāti vuttaṃ hoti.
MAIN004-S403,MAIN004,28277,28281,Imesaṃ icchāvacarānaṃ appahīnattāti ayamettha adhippāyo.
MAIN004-S404,MAIN004,28282,28287,Idāni tamatthaṃ upamāya pākaṭaṃ karonto seyyathāpītiādimāha.
MAIN004-S405,MAIN004,28288,28290,Tattha kuṇapanti matakaḷevaraṃ.
MAIN004-S406,MAIN004,28291,28293,Ahissa kuṇapaṃ ahikuṇapaṃ.
MAIN004-S407,MAIN004,28294,28295,Evaṃ itarāni.
MAIN004-S408,MAIN004,28296,28301,Atipaṭikūlajigucchanīyabhāvato cettha imāneva tīṇi vuttānīti veditabbāni.
MAIN004-S409,MAIN004,28302,28308,Aññesañhi sasasūkarādīnaṃ kuṇapaṃ manussā kaṭukabhaṇḍādīhi abhisaṅkharitvā paribhuñjantipi.
MAIN004-S410,MAIN004,28309,28318,"Imesaṃ pana kuṇapaṃ abhinavampi jigucchantiyeva, ko pana vādo kālātikkamena pūtibhūte."
MAIN004-S411,MAIN004,28319,28328,"Racayitvāti vaḍḍhetvā, paripūretvāti attho, kuṇapaṃ gahetvā kaṃsapātiyaṃ pakkhipitvāti vuttaṃ hoti."
MAIN004-S412,MAIN004,28329,28330,Aññissāti aparāya.
MAIN004-S413,MAIN004,28331,28332,Paṭikujjitvāti pidahitvā.
MAIN004-S414,MAIN004,28333,28336,Antarāpaṇanti āpaṇānamantare mahājanasaṃkiṇṇaṃ racchāmukhaṃ.
MAIN004-S415,MAIN004,28337,28338,Paṭipajjeyyunti gaccheyyuṃ.
MAIN004-S416,MAIN004,28339,28344,Jaññajaññaṃ viyāti cokkhacokkhaṃ viya manāpamanāpaṃ viya.
MAIN004-S417,MAIN004,28345,28349,Apica vadhukāpaṇṇākāraṃ viyāti vuttaṃ hoti.
MAIN004-S418,MAIN004,28350,28362,"Vadhukāti janetti vuccati, tassā nīyamānaṃ paṇṇākāraṃ jaññaṃ, ubhayatthāpi ādaravasena vā pasaṃsāvasena vā punaruttaṃ."
MAIN004-S419,MAIN004,28363,28365,‘‘Jaññajaññaṃ byā’’tipi pāṭho.
MAIN004-S420,MAIN004,28366,28367,Apāpuritvāti vivaritvā.
MAIN004-S421,MAIN004,28368,28381,Tassa saha dassanena amanāpatā ca saṇṭhaheyyāti tassa kuṇapassa dassanena saheva tassa janassa amanāpatā tiṭṭheyya.
MAIN004-S422,MAIN004,28382,28386,Amanāpatāti ca ‘‘amanāpamida’’nti uppannacittacetasikānametaṃ adhivacanaṃ.
MAIN004-S423,MAIN004,28387,28389,Esa nayo paṭikulyajegucchatāsu.
MAIN004-S424,MAIN004,28390,28391,Jighacchitānampīti chātānampi.
MAIN004-S425,MAIN004,28392,28397,Na bhottukamyatā assāti bhuñjitukāmatā na bhaveyya.
MAIN004-S426,MAIN004,28398,28407,Pageva suhitānanti dhātānaṃ pana paṭhamatarameva bhuñjitukāmatā na bhaveyyāti vuttaṃ hoti.
MAIN004-S427,MAIN004,28408,28433,"Tatrāyaṃ upamāsaṃsandanā – parisuddhakaṃsapātisadisaṃ imassa pabbajjāliṅgaṃ, kuṇaparacanaṃ viya icchāvacarānaṃ appahānaṃ, aparakaṃsapātiyā paṭikujjhanaṃ viya āraññikaṅgādīhi icchāvacarappaṭicchādanaṃ, kaṃsapātiṃ vivaritvā kuṇapadassanena janassa amanāpatā viya āraññikaṅgādīni anādiyitvā icchāvacaradassanena sabrahmacārīnaṃ asakkārakaraṇāditāti."
MAIN004-S428,MAIN004,28434,28443,"62. Sukkapakkhe pana, kiñcāpīti anuggahapasaṃsāvacanaṃ, tena āraññikattaṃ anuggaṇhāti, icchāvacarappahānaṃ pasaṃsati."
MAIN004-S429,MAIN004,28444,28445,Nemantanikoti nimantanapaṭiggāhako.
MAIN004-S430,MAIN004,28446,28448,Vicitakāḷakanti vicinitvā apanītakāḷakaṃ.
MAIN004-S431,MAIN004,28449,28455,Anekasūpaṃ anekabyañjananti ettha sūpo nāma hatthahāriyo vuccati.
MAIN004-S432,MAIN004,28456,28464,"Byañjananti uttaribhaṅgaṃ, tena macchamaṃsamuggasūpādīhi anekasūpaṃ, nānappakāramaṃsādibyañjanehi anekabyañjananti vuttaṃ hoti."
MAIN004-S433,MAIN004,28465,28467,Sesaṃ vuttanayeneva veditabbaṃ.
MAIN004-S434,MAIN004,28468,28490,"Upamāsaṃsandane ca sālivarabhattaracanaṃ viya icchāvacarappahānaṃ, aparakaṃsapātiyā paṭikujjhanaṃ viya appicchatāsamuṭṭhānehi gāmantavihārādīhi icchāvacarappahānappaṭicchādakaṃ, kaṃsapātiṃ vivaritvā sālivarabhattadassanena janassa manāpatā viya gāmantavihārādīni anādiyitvā icchāvacarappahānadassanena sabrahmacārīnaṃ sakkārakaraṇāditā veditabbā."
MAIN004-S435,MAIN004,28491,28501,"63. Upamā maṃ, āvuso sāriputta, paṭibhātīti mayhaṃ, āvuso sāriputta, upamā upaṭṭhāti."
MAIN004-S436,MAIN004,28502,28506,Ekaṃ upamaṃ vattukāmo ahanti adhippāyo.
MAIN004-S437,MAIN004,28507,28514,"Paṭibhātu tanti tuyhaṃ paṭibhātu upaṭṭhātu, vada tvanti adhippāyo."
MAIN004-S438,MAIN004,28515,28525,"Ekamidāhanti ettha idāti nipātamattaṃ, ekasmiṃ samaye ahanti vuttaṃ hoti, bhummatthe upayogavacanaṃ."
MAIN004-S439,MAIN004,28526,28532,"Rājagahe viharāmi giribbajeti, rājagahanti tassa nagarassa nāmaṃ."
MAIN004-S440,MAIN004,28533,28540,Samantato pana giriparikkhepena vajo viya saṇṭhitattā giribbajanti vuccati.
MAIN004-S441,MAIN004,28541,28549,"Tasmiṃ nagare viharāmi, taṃ nissāya ahaṃ viharāmīti vuttaṃ hoti."
MAIN004-S442,MAIN004,28550,28554,Atha khvāhanti atha kho ahaṃ.
MAIN004-S443,MAIN004,28555,28559,Ettha ca athāti aññādhikāravacanārambhe nipāto.
MAIN004-S444,MAIN004,28560,28561,Khoti padapūraṇamatte.
MAIN004-S445,MAIN004,28562,28564,Pubbaṇhasamayanti divasassa pubbabhāgasamayaṃ.
MAIN004-S446,MAIN004,28565,28579,"Pubbaṇhasamayeti attho, pubbaṇhe vā samayaṃ pubbaṇhasamayaṃ, pubbaṇhe ekaṃ khaṇanti vuttaṃ hoti, evaṃ accantasaṃyoge upayogavacanaṃ labbhati."
MAIN004-S447,MAIN004,28580,28583,"Nivāsetvāti paridahitvā, vihāranivāsanaparivattanavasenetaṃ veditabbaṃ."
MAIN004-S448,MAIN004,28584,28594,"Gāmappavesanatthāya vā saṇṭhapetvā nivāsanavasena, na hi so tato pubbe anivattho ahosi."
MAIN004-S449,MAIN004,28595,28600,Pattacīvaramādāyāti pattaṃ hatthena cīvaraṃ kāyena ādiyitvā.
MAIN004-S450,MAIN004,28601,28602,Piṇḍāyāti piṇḍapātatthāya.
MAIN004-S451,MAIN004,28603,28605,Samītīti tassa nāmaṃ.
MAIN004-S452,MAIN004,28606,28607,Yānakāraputtoti rathakāraputto.
MAIN004-S453,MAIN004,28608,28610,Paṇḍuputtoti paṇḍussa putto.
MAIN004-S454,MAIN004,28611,28612,Ājīvakoti naggasamaṇako.
MAIN004-S455,MAIN004,28613,28615,Purāṇayānakāraputtoti porāṇayānakārakulassa putto.
MAIN004-S456,MAIN004,28616,28618,Paccupaṭṭhitoti upagantvā ṭhito.
MAIN004-S457,MAIN004,28619,28622,Vaṅkaṃ nāma ekato kuṭilaṃ.
MAIN004-S458,MAIN004,28623,28625,Jimhaṃ nāma sappagatamaggasadisaṃ.
MAIN004-S459,MAIN004,28626,28627,Dosanti phegguvisamagaṇṭhikādi.
MAIN004-S460,MAIN004,28628,28638,"Yathā yathāti kālatthe nipāto, yadā yadā yasmiṃ tasmiṃ kāleti vuttaṃ hoti."
MAIN004-S461,MAIN004,28639,28647,"Tathā tathāti ayampi kālatthoyeva, tasmiṃ tasmiṃ kāleti vuttaṃ hoti."
MAIN004-S462,MAIN004,28648,28656,"So attano suttānulomena cintesi, itaro tena cintitakkhaṇe cintitaṭṭhānameva tacchati."
MAIN004-S463,MAIN004,28657,28661,Attamanoti sakamano tuṭṭhamano pītisomanassehi gahitamano.
MAIN004-S464,MAIN004,28662,28674,"Attamanavācaṃ nicchāresīti attamanatāya vācaṃ, attamanabhāvassa vā yuttaṃ vācaṃ nicchāresi udīrayi, pabyāharīti vuttaṃ hoti."
MAIN004-S465,MAIN004,28675,28682,Hadayā hadayaṃ maññe aññāyāti cittena cittaṃ jānitvā viya.
MAIN004-S466,MAIN004,28683,28685,Assaddhāti buddhadhammasaṅghesu saddhāvirahitā.
MAIN004-S467,MAIN004,28686,28694,Jīvikatthāti iṇabhayādīhi pīḷitā bahi jīvituṃ asakkontā idha jīvikatthikā hutvā.
MAIN004-S468,MAIN004,28695,28698,Na saddhāti na saddhāya.
MAIN004-S469,MAIN004,28699,28702,Saṭhā māyāvinoti māyāsāṭheyyehi yuttā.
MAIN004-S470,MAIN004,28703,28707,"Ketabinoti sikkhitakerāṭikā, nipphannathāmagatasāṭheyyāti vuttaṃ hoti."
MAIN004-S471,MAIN004,28708,28713,Sāṭheyyañhi abhūtaguṇadassanato abhūtabhaṇḍaguṇadassanasamaṃ katvā ‘‘kerāṭiya’’nti vuccati.
MAIN004-S472,MAIN004,28714,28718,"Unnaḷāti uggatanaḷā, uṭṭhitatucchamānāti vuttaṃ hoti."
MAIN004-S473,MAIN004,28719,28722,Capalāti pattacīvaramaṇḍanādinā cāpallena yuttā.
MAIN004-S474,MAIN004,28723,28731,"Mukharāti mukhakharā, kharavacanāti vuttaṃ hoti, vikiṇṇavācāti asaṃyatavacanā, divasampi niratthakavacanappalāpino."
MAIN004-S475,MAIN004,28732,28736,Indriyesu aguttadvārāti chasu indriyesu asaṃvutakammadvārā.
MAIN004-S476,MAIN004,28737,28746,"Bhojane amattaññunoti bhojane yā mattā jānitabbā pariyesanapaṭiggahaṇaparibhogesu yuttatā, tassā ajānanakā."
MAIN004-S477,MAIN004,28747,28750,Jāgariyaṃ ananuyuttāti jāgare ananuyuttā.
MAIN004-S478,MAIN004,28751,28756,"Sāmaññe anapekkhavantoti samaṇadhamme nirapekkhā, dhammānudhammappaṭipattirahitāti attho."
MAIN004-S479,MAIN004,28757,28765,"Sikkhāya na tibbagāravāti sikkhāpadesu bahulagāravā na honti, āpattivītikkamabahulā vā."
MAIN004-S480,MAIN004,28766,28770,"Bāhulikātiādi dhammadāyāde vuttaṃ, kusītātiādi bhayabherave."
MAIN004-S481,MAIN004,28771,28772,Dhammapariyāyenāti dhammadesanāya.
MAIN004-S482,MAIN004,28773,28781,"Saddhā agārasmāti pakatiyāpi saddhā, pabbajitāpi saddhāya agārasmā anagāriyaṃ pabbajitā."
MAIN004-S483,MAIN004,28782,28789,Pivanti maññe ghasanti maññeti pivanti viya ghasanti viya.
MAIN004-S484,MAIN004,28790,28798,"Attamanavācaṃ nicchārentā vacasā pivanti viya, abbhanumodantā manasā ghasanti viya."
MAIN004-S485,MAIN004,28799,28802,Sādhu vatāti sundaraṃ vata.
MAIN004-S486,MAIN004,28803,28806,Sabrahmacārīti rassampi vaṭṭati dīghampi.
MAIN004-S487,MAIN004,28807,28814,"Rasse sati sāriputtassa upari hoti, dīghe sati sabrahmacārīnaṃ."
MAIN004-S488,MAIN004,28815,28825,"Yadā sāriputtassa upari hoti, tadā sabrahmacārī sāriputto amhe akusalā vuṭṭhāpetvāti attho."
MAIN004-S489,MAIN004,28826,28832,"Yadā sabrahmacārīnaṃ, tadā sabrahmacārayo akusalā vuṭṭhāpetvāti attho."
MAIN004-S490,MAIN004,28833,28834,Daharoti taruṇo.
MAIN004-S491,MAIN004,28835,28837,Yuvāti yobbanabhāve ṭhito.
MAIN004-S492,MAIN004,28838,28839,Maṇḍanakajātikoti alaṅkārakasabhāvo.
MAIN004-S493,MAIN004,28840,28868,"Tattha koci taruṇopi yuvā na hoti yathā atitaruṇo, koci yuvāpi maṇḍanakajātiko na hoti yathā upasantasabhāvo, ālasiyabyasanādīhi vā abhibhūto, idha pana daharo ceva yuvā ca maṇḍanakajātiko ca adhippeto, tasmā evamāha."
MAIN004-S494,MAIN004,28869,28871,Uppalādīni lokasammatattā vuttāni.
MAIN004-S495,MAIN004,28872,28875,Itiha teti evaṃ te.
MAIN004-S496,MAIN004,28876,28885,"Ubho mahānāgāti dvepi mahānāgā, dvepi hi ete aggasāvakā ‘‘mahānāgā’’ti vuccanti."
MAIN004-S497,MAIN004,28886,28906,"Tatrāyaṃ vacanattho, chandādīhi na gacchantīti nāgā, tena tena maggena pahīne kilese na āgacchantīti nāgā, nānappakārakaṃ āguṃ na karontīti nāgā, ayamettha saṅkhepo."
MAIN004-S498,MAIN004,28907,28913,Vitthāro pana mahāniddese (mahāni. 80) vuttanayeneva veditabbo.
MAIN004-S499,MAIN004,28914,28939,"Apica – ‘‘Āguṃ na karoti kiñci loke, Sabbasaṃyoge visajja bandhanāni; Sabbattha na sajjatī vimutto, Nāgo tādi pavuccate tathattā’’ti. (su. ni. 527; mahāni. 80); Evamettha attho veditabbo."
MAIN004-S500,MAIN004,28940,28949,"Mahantā nāgā mahānāgā, aññehi khīṇāsavanāgehi pujjatarā ca pāsaṃsatarā cāti attho."
MAIN004-S501,MAIN004,28950,28952,Aññamaññassāti añño aññassa.
MAIN004-S502,MAIN004,28953,28955,Samanumodiṃsūti samaṃ anumodiṃsu.
MAIN004-S503,MAIN004,28956,28964,"Tattha imāya upamāya mahāmoggallāno anumodi, paṭibhātu taṃ āvusoti dhammasenāpati."
MAIN004-S504,MAIN004,28965,28969,Tena vuttaṃ ‘‘aññamaññassa subhāsitaṃ samanumodiṃsū’’ti.
MAIN004-S505,MAIN004,28970,28971,Sammutiparamatthadesanākathāvaṇṇanā niṭṭhitā.
MAIN004-S506,MAIN004,28972,28975,Papañcasūdaniyā majjhimanikāyaṭṭhakathāya Anaṅgaṇasuttavaṇṇanā niṭṭhitā.
MAIN004-S507,MAIN004,28976,28977,6. Ākaṅkheyyasuttavaṇṇanā
MAIN004-S508,MAIN004,28978,28982,64. Evaṃ me sutanti ākaṅkheyyasuttaṃ.
MAIN004-S509,MAIN004,28983,28987,Tattha sampannasīlāti tividhaṃ sampannaṃ paripuṇṇasamaṅgimadhuravasena.
MAIN004-S510,MAIN004,28988,29005,"Tattha – ‘‘Sampannaṃ sālikedāraṃ, suvā bhuñjanti kosiya; Paṭivedemi te brahme, na naṃ vāretumussahe’’ti. (jā. 1.14.1); Idaṃ paripuṇṇasampannaṃ nāma."
MAIN004-S511,MAIN004,29006,29020,‘‘Iminā pātimokkhasaṃvarena upeto hoti samupeto upāgato samupāgato upapanno sampanno samannāgato’’ti (vibha. 511) idaṃ samaṅgisampannaṃ nāma.
MAIN004-S512,MAIN004,29021,29034,"‘‘Imissā, bhante, mahāpathaviyā heṭṭhimatalaṃ sampannaṃ, seyyathāpi khuddamadhuṃ aneḷakaṃ, evamassāda’’nti (pārā. 17) idaṃ madhurasampannaṃ nāma."
MAIN004-S513,MAIN004,29035,29039,Idha pana paripuṇṇasampannampi samaṅgisampannampi vaṭṭati.
MAIN004-S514,MAIN004,29040,29048,Tasmā sampannasīlāti paripuṇṇasīlā hutvātipi sīlasamaṅgino hutvātipi evamettha attho vedibbo.
MAIN004-S515,MAIN004,29049,29053,Sīlanti kenaṭṭhena sīlaṃ? Sīlanaṭṭhena sīlaṃ.
MAIN004-S516,MAIN004,29054,29057,Tassa vitthārakathā visuddhimagge vuttā.
MAIN004-S517,MAIN004,29058,29068,Tattha ‘‘paripuṇṇasīlā’’ti iminā atthena khettadosavigamena khettapāripūrī viya sīladosavigamena sīlapāripūrī vuttā hoti.
MAIN004-S518,MAIN004,29069,29078,Yathā hi khettaṃ bījakhaṇḍaṃ vappakhaṇḍaṃ udakakhaṇḍaṃ ūsakhaṇḍanti catudosasamannāgataṃ aparipūraṃ hoti.
MAIN004-S519,MAIN004,29079,29099,"Tattha bījakhaṇḍaṃ nāma yattha antarantarā bījāni khaṇḍāni vā pūtīni vā honti, tāni yattha vapanti, tattha sassaṃ na uṭṭheti, khettaṃ khaṇḍaṃ hoti."
MAIN004-S520,MAIN004,29100,29107,Vappakhaṇḍaṃ nāma yattha akusalo bījāni vapanto antarantarā nipāteti.
MAIN004-S521,MAIN004,29108,29115,"Evañhi sabbattha sassaṃ na uṭṭheti, khettaṃ khaṇḍaṃ hoti."
MAIN004-S522,MAIN004,29116,29133,"Udakakhaṇḍaṃ nāma yattha katthaci udakaṃ atibahu vā na vā hoti, tatrāpi hi sassāni na uṭṭhenti, khettaṃ khaṇḍaṃ hoti."
MAIN004-S523,MAIN004,29134,29171,"Ūsakhaṇḍaṃ nāma yattha kassako kismiñci padese naṅgalena bhūmiṃ cattāro pañca vāre kasanto atigambhīraṃ karoti, tato ūsaṃ uppajjati, tatrāpi hi sassaṃ na uṭṭheti, khettaṃ khaṇḍaṃ hoti, tādisañca khettaṃ na mahapphalaṃ hoti na mahānisaṃsaṃ, tatrāpi hi bahumpi vapitvā appaṃ labhati."
MAIN004-S524,MAIN004,29172,29179,Imesaṃ pana catunnaṃ dosānaṃ vigamā khettaṃ paripuṇṇaṃ hoti.
MAIN004-S525,MAIN004,29180,29184,Tādisañca khettaṃ mahapphalaṃ hoti mahānisaṃsaṃ.
MAIN004-S526,MAIN004,29185,29193,Evameva khaṇḍaṃ chiddaṃ sabalaṃ kammāsanti catudosasamannāgataṃ sīlaṃ aparipūraṃ hoti.
MAIN004-S527,MAIN004,29194,29200,"Tādisañca sīlaṃ na mahapphalaṃ hoti, na mahānisaṃsaṃ."
MAIN004-S528,MAIN004,29201,29213,"Imesaṃ pana catunnaṃ dosānaṃ vigamā sīlakhettaṃ paripuṇṇaṃ hoti, tādisañca sīlaṃ mahapphalaṃ hoti mahānisaṃsaṃ."
MAIN004-S529,MAIN004,29214,29226,‘‘Sīlasamaṅgino’’ti iminā panatthena sīlena samaṅgibhūtā samodhānaṃ gatā samannāgatā hutvā viharathāti idameva vuttaṃ hoti.
MAIN004-S530,MAIN004,29227,29237,Tattha dvīhi kāraṇehi sampannasīlatā hoti sīlavipattiyā ca ādīnavadassanena sīlasampattiyā ca ānisaṃsadassanena.
MAIN004-S531,MAIN004,29238,29240,Tadubhayampi visuddhimagge vitthāritaṃ.
MAIN004-S532,MAIN004,29241,29256,Tattha ‘‘sampannasīlā’’ti ettāvatā kira bhagavā catupārisuddhisīlaṃ uddisitvā ‘‘pātimokkhasaṃvarasaṃvutā’’ti iminā tattha jeṭṭhakasīlaṃ vitthāretvā dassesīti dīpavihāravāsī sumanatthero āha.
MAIN004-S533,MAIN004,29257,29268,"Antevāsiko panassa tepiṭakacūḷanāgatthero āha – ubhayatthāpi pātimokkhasaṃvaro bhagavatā vutto, pātimokkhasaṃvaroyeva hi sīlaṃ."
MAIN004-S534,MAIN004,29269,29291,"Itarāni pana tīṇi sīlanti vuttaṭṭhānaṃ nāma atthīti ananujānanto vatvā āha – ‘‘indriyasaṃvaro nāma chadvārarakkhāmattakameva, ājīvapārisuddhi dhammena samena paccayuppattimattakaṃ, paccayanissitaṃ paṭiladdhapaccaye idamatthanti paccavekkhitvā paribhuñjanamattakaṃ."
MAIN004-S535,MAIN004,29292,29294,Nippariyāyena pātimokkhasaṃvarova sīlaṃ.
MAIN004-S536,MAIN004,29295,29306,"Yassa so bhinno, ayaṃ chinnasīso viya puriso hatthapāde sesāni rakkhissatīti na vattabbo."
MAIN004-S537,MAIN004,29307,29321,"Yassa pana so arogo, ayaṃ acchinnasīso viya puriso jīvitaṃ sesāni puna pākatikāni katvā rakkhituṃ sakkoti."
MAIN004-S538,MAIN004,29322,29334,Tasmā ‘sampannasīlā’ti iminā pātimokkhasaṃvaraṃ uddisitvā ‘sampannapātimokkhā’ti tasseva vevacanaṃ vatvā taṃ vitthāretvā dassento ‘pātimokkhasaṃvarasaṃvutā’tiādimāhā’’ti.
MAIN004-S539,MAIN004,29335,29338,Tattha pātimokkhasaṃvarasaṃvutāti pātimokkhasaṃvarena samannāgatā.
MAIN004-S540,MAIN004,29339,29344,Ācāragocarasampannāti ācārena ca gocarena ca sampannā.
MAIN004-S541,MAIN004,29345,29346,Aṇumattesūti appamattakesu.
MAIN004-S542,MAIN004,29347,29348,Vajjesūti akusaladhammesu.
MAIN004-S543,MAIN004,29349,29350,Bhayadassāvīti bhayadassino.
MAIN004-S544,MAIN004,29351,29353,Samādāyāti sammā ādiyitvā.
MAIN004-S545,MAIN004,29354,29361,Sikkhatha sikkhāpadesūti sikkhāpadesu taṃ taṃ sikkhāpadaṃ samādiyitvā sikkhatha.
MAIN004-S546,MAIN004,29362,29383,"Apica samādāya sikkhatha sikkhāpadesūti yaṃkiñci sikkhākoṭṭhāsesu sikkhitabbaṃ kāyikaṃ vācasikañca, taṃ sabbaṃ samādāya sikkhathāti ayamettha saṅkhepo, vitthārato pana sabbānetāni pātimokkhasaṃvarādīni padāni visuddhimagge vuttāni."
MAIN004-S547,MAIN004,29384,29390,65. Ākaṅkheyya ceti idaṃ kasmā āraddhaṃ? Sīlānisaṃsadassanatthaṃ.
MAIN004-S548,MAIN004,29391,29414,"Sacepi acirapabbajitānaṃ vā duppaññānaṃ vā evamassa ‘‘bhagavā sīlaṃ pūrethāti vadati, ko nu kho sīlapūraṇe ānisaṃso, ko viseso, kā vaḍḍhī’’ti? Tesaṃ sattarasa ānisaṃse dassetuṃ evamāha."
MAIN004-S549,MAIN004,29415,29423,Appeva nāma etaṃ sabrahmacārīnaṃ piyamanāpatādiāsavakkhayapariyosānaṃ ānisaṃsaṃ sutvāpi sīlaṃ paripūreyyunti.
MAIN004-S550,MAIN004,29424,29425,Visakaṇṭakavāṇijo viya.
MAIN004-S551,MAIN004,29426,29429,Visakaṇṭakavāṇijo nāma guḷavāṇijo vuccati.
MAIN004-S552,MAIN004,29430,29440,"So kira guḷaphāṇitakhaṇḍasakkharādīni sakaṭenādāya paccantagāmaṃ gantvā ‘‘visakaṇṭakaṃ gaṇhatha, visakaṇṭakaṃ gaṇhathā’’ti ugghosesi."
MAIN004-S553,MAIN004,29441,29464,"Taṃ sutvā gāmikā ‘‘visaṃ nāma kakkhaḷaṃ, yo naṃ khādati, so marati, kaṇṭakampi vijjhitvā māreti, ubhopete kakkhaḷā, ko ettha ānisaṃso’’ti gehadvārāni thakesuṃ, dārake ca palāpesuṃ."
MAIN004-S554,MAIN004,29465,29486,"Taṃ disvā vāṇijo ‘‘avohārakusalā ime gāmikā, handa ne upāyena gaṇhāpemī’’ti ‘‘atimadhuraṃ gaṇhatha, atisāduṃ gaṇhatha, guḷaṃ phāṇitaṃ sakkharaṃ samagghaṃ labbhati, kūṭamāsakakūṭakahāpaṇādīhipi labbhatī’’ti ugghosesi."
MAIN004-S555,MAIN004,29487,29495,Taṃ sutvā gāmikā haṭṭhatuṭṭhā āgantvā bahumpi mūlaṃ datvā gahesuṃ.
MAIN004-S556,MAIN004,29496,29509,"Tattha vāṇijassa ‘‘visakaṇṭakaṃ gaṇhathā’’ti ugghosanaṃ viya bhagavato ‘‘sampannasīlā, bhikkhave, viharatha…pe… samādāya sikkhatha sikkhāpadesū’’ti vacanaṃ."
MAIN004-S557,MAIN004,29510,29533,"‘‘Ubhopete kakkhaḷā, ko ettha ānisaṃso’’ti gāmikānaṃ cintanaṃ viya bhagavā ‘‘sampannasīlā viharathā’’ti āha, ‘‘sīlañca nāmetaṃ kakkhaḷaṃ pharusaṃ khiḍḍādipaccanīkaṃ, ko nu kho sampannasīlānaṃ ānisaṃso’’ti bhikkhūnaṃ cintanaṃ."
MAIN004-S558,MAIN004,29534,29545,Atha tassa vāṇijassa ‘‘atimadhuraṃ gaṇhathā’’tiādivacanaṃ viya bhagavato piyamanāpatādiāsavakkhayapariyosānaṃ sattarasaānisaṃsappakāsanatthaṃ ‘‘ākaṅkheyya ce’’tiādivacanaṃ veditabbaṃ.
MAIN004-S559,MAIN004,29546,29552,Tattha ākaṅkheyya ceti yadi ākaṅkheyya yadi iccheyya.
MAIN004-S560,MAIN004,29553,29562,"Piyo ca assanti piyacakkhūhi sampassitabbo, sinehuppattiyā padaṭṭhānabhūto bhaveyyanti vuttaṃ hoti."
MAIN004-S561,MAIN004,29563,29573,"Manāpoti tesaṃ manavaḍḍhanako, tesaṃ vā manena pattabbo, mettacittena pharitabboti vuttaṃ hoti."
MAIN004-S562,MAIN004,29574,29577,Garūti tesaṃ garuṭṭhāniyo pāsāṇacchattasadiso.
MAIN004-S563,MAIN004,29578,29586,Bhāvanīyoti ‘‘addhā ayamāyasmā jānaṃ jānāti passaṃ passatī’’ti evaṃ sambhāvanīyo.
MAIN004-S564,MAIN004,29587,29597,"Sīlesvevassa paripūrakārīti catupārisuddhisīlesuyeva paripūrakārī assa, anūnena paripūritākārena samannāgato bhaveyyāti vuttaṃ hoti."
MAIN004-S565,MAIN004,29598,29612,"Ajjhattaṃ cetosamathamanuyuttoti attano cittasamathe yutto, ettha hi ajjhattanti vā attanoti vā etaṃ ekatthaṃ, byañjanameva nānaṃ."
MAIN004-S566,MAIN004,29613,29616,Bhummatthe panetaṃ samathanti upayogavacanaṃ.
MAIN004-S567,MAIN004,29617,29621,Anūti iminā upasaggena yoge siddhaṃ.
MAIN004-S568,MAIN004,29622,29630,"Anirākatajjhānoti bahi anīhaṭajjhāno, avināsitajjhāno vā, nīharaṇavināsatthañhi idaṃ nirākaraṇaṃ nāma."
MAIN004-S569,MAIN004,29631,29636,Thambhaṃ niraṃkatvā nivātavuttītiādīsu cassa payogo daṭṭhabbo.
MAIN004-S570,MAIN004,29637,29651,"Vipassanāya samannāgatoti sattavidhāya anupassanāya yutto, sattavidhā anupassanā nāma aniccānupassanā dukkhānupassanā anattānupassanā nibbidānupassanā virāgānupassanā nirodhānupassanā paṭinissaggānupassanāti."
MAIN004-S571,MAIN004,29652,29654,Tā visuddhimagge vitthāritā.
MAIN004-S572,MAIN004,29655,29671,"Brūhetā suññāgārānanti vaḍḍhetā suññāgārānaṃ, ettha ca samathavipassanāvasena kammaṭṭhānaṃ gahetvā rattindivaṃ suññāgāraṃ pavisitvā nisīdamāno bhikkhu ‘‘brūhetā suññāgārāna’’nti veditabbo."
MAIN004-S573,MAIN004,29672,29678,Ekabhūmakādipāsāde kurumānopi pana neva suññāgārānaṃ brūhetāti daṭṭhabboti.
MAIN004-S574,MAIN004,29679,29705,"Ettāvatā ca yathā taṇhāvicaritadesanā paṭhamaṃ taṇhāvasena āraddhāpi taṇhāpadaṭṭhānattā mānadiṭṭhīnaṃ mānadiṭṭhiyo osaritvā kamena papañcattayadesanā jātā, evamayaṃ desanā paṭhamaṃ adhisīlasikkhāvasena āraddhāpi sīlapadaṭṭhānattā samathavipassanānaṃ samathavipassanāyo osaritvā kamena sikkhattayadesanā jātāti veditabbā."
MAIN004-S575,MAIN004,29706,29712,Ettha hi ‘‘sīlesvevassa paripūrakārī’’ti ettāvatā adhisīlasikkhā vuttā.
MAIN004-S576,MAIN004,29713,29735,"‘‘Ajjhattaṃ cetosamathamanuyutto anirākatajjhāno’’ti ettāvatā adhicittasikkhā, ‘‘vipassanāya samannāgato’’ti ettāvatā adhipaññāsikkhā, ‘‘brūhetā suññāgārāna’’nti iminā pana samathavasena suññāgāravaḍḍhane adhicittasikkhā, vipassanāvasena adhipaññāsikkhāti evaṃ dvepi sikkhā saṅgahetvā vuttā."
MAIN004-S577,MAIN004,29736,29746,Ettha ca ‘‘ajjhattaṃ cetosamathamanuyutto anirākatajjhāno’’ti imehi padehi sīlānurakkhikā eva cittekaggatā kathitā.
MAIN004-S578,MAIN004,29747,29751,‘‘Vipassanāyā’’ti iminā padena sīlānurakkhiko saṅkhārapariggaho.
MAIN004-S579,MAIN004,29752,29770,"Kathaṃ cittekaggatā sīlamanurakkhati? Yassa hi cittekaggatā natthi, so byādhimhi uppanne vihaññati, so byādhivihato vikkhittacitto sīlaṃ vināsetvāpi byādhivūpasamaṃ kattā hoti."
MAIN004-S580,MAIN004,29771,29785,"Yassa pana cittekaggatā atthi, so taṃ byādhidukkhaṃ vikkhambhetvā samāpattiṃ samāpajjati, samāpannakkhaṇe dukkhaṃ dūrāpakataṃ hoti, balavatarasukhamuppajjati."
MAIN004-S581,MAIN004,29786,29789,Evaṃ cittekaggatā sīlaṃ anurakkhati.
MAIN004-S582,MAIN004,29790,29813,"Kathaṃ saṅkhārapariggaho sīlamanurakkhati? Yassa hi saṅkhārapariggaho natthi, tassa ‘‘mama rūpaṃ mama viññāṇa’’nti attabhāve balavamamattaṃ hoti, so tathārūpesu dubbhikkhabyādhibhayādīsu sampattesu sīlaṃ vināsetvāpi attabhāvaṃ posetā hoti."
MAIN004-S583,MAIN004,29814,29847,"Yassa pana saṅkhārapariggaho atthi, tassa attabhāve balavamamattaṃ vā sineho vā na hoti, so tathārūpesu dubbhikkhabyādhibhayādīsu sampattesu sacepissa antāni bahi nikkhamanti, sacepi ussussati visussati, khaṇḍākhaṇḍiko vā hoti satadhāpi sahassadhāpi, neva sīlaṃ vināsetvā attabhāvaṃ posetā hoti."
MAIN004-S584,MAIN004,29848,29850,Evaṃ saṅkhārapariggaho sīlamanurakkhati.
MAIN004-S585,MAIN004,29851,29860,‘‘Brūhetā suññāgārāna’’nti iminā pana tasseva ubhayassa brūhanā vaḍḍhanā sātaccakiriyā dassitā.
MAIN004-S586,MAIN004,29861,29890,"Evaṃ bhagavā yasmā ‘‘sabrahmacārīnaṃ piyo cassaṃ manāpo ca garu ca bhāvanīyo cā’’ti ime cattāro dhamme ākaṅkhantena natthaññaṃ kiñci kātabbaṃ, aññadatthu sīlādiguṇasamannāgatena bhavitabbaṃ, idiso hi sabrahmacārīnaṃ piyo hoti manāpo garu bhāvanīyo."
MAIN004-S587,MAIN004,29891,29940,"Vuttampi hetaṃ – ‘‘Sīladassanasampannaṃ, dhammaṭṭhaṃ saccavādinaṃ; Attano kamma kubbānaṃ, taṃ jano kurute piya’’nti. (dha. pa. 217); Tasmā ‘‘ākaṅkheyya ce, bhikkhave, bhikkhu sabrahmacārīnaṃ piyo cassaṃ manāpo ca garu ca bhāvanīyo cāti sīlesvevassa paripūrakārī…pe… suññāgārāna’’nti vatvā idāni yasmā paccayalābhādiṃ patthayantenāpi idameva karaṇīyaṃ, na aññaṃ kiñci, tasmā ‘‘ākaṅkheyya ce, bhikkhave, bhikkhu lābhī assa’’ntiādimāha."
MAIN004-S588,MAIN004,29941,29947,Na cettha bhagavā lābhanimittaṃ sīlādiparipūraṇaṃ kathetīti veditabbo.
MAIN004-S589,MAIN004,29948,29966,"Bhagavā hi ghāsesanaṃ chinnakatho na vācaṃ payuttaṃ bhaṇeti, evaṃ sāvake ovadati, so kathaṃ lābhanimittaṃ sīlādiparipūraṇaṃ kathessati, puggalajjhāsayavasena panetaṃ vuttaṃ."
MAIN004-S590,MAIN004,29967,29983,"Yesañhi evaṃ ajjhāsayo bhaveyya ‘‘sace mayaṃ catūhi paccayehi na kilameyyāma, sīlādiṃ pūretuṃ sakkuṇeyyāmā’’ti, tesaṃ ajjhāsayavasena bhagavā evamāha."
MAIN004-S591,MAIN004,29984,29991,"Apica rasānisaṃso esa sīlassa, yadidaṃ cattāro paccayā nāma."
MAIN004-S592,MAIN004,29992,30007,Tathā hi paṇḍitamanussā koṭṭhādīsu ṭhapitaṃ nīharitvā puttādīnampi adatvā attanāpi aparibhuñjitvā sīlavantānaṃ dentīti sīlassa sarasānisaṃsadassanatthaṃ petaṃ vuttaṃ.
MAIN004-S593,MAIN004,30008,30011,Tatiyavāre yesāhanti yesaṃ ahaṃ.
MAIN004-S594,MAIN004,30012,30023,Tesaṃ te kārāti tesaṃ devānaṃ vā manussānaṃ vā te mayi katā paccayadānakārā.
MAIN004-S595,MAIN004,30024,30035,"Devāpi hi sīlādiguṇayuttānaṃ paccaye denti, na kevalaṃ manussāyeva, sakko viya āyasmato mahākassapassa."
MAIN004-S596,MAIN004,30036,30042,"Mahapphalā mahānisaṃsāti ubhayametaṃ atthato ekaṃ, byañjanameva nānaṃ."
MAIN004-S597,MAIN004,30043,30047,Mahantaṃ vā lokiyasukhaṃ phalantīti mahapphalā.
MAIN004-S598,MAIN004,30048,30053,Mahato lokuttarasukhassa ca paccayā hontīti mahānisaṃsā.
MAIN004-S599,MAIN004,30054,30070,"Sīlādiguṇayuttassa hi kaṭacchubhikkhāpi pañcaratanamattāya bhūmiyā paṇṇasālāpi katvā dinnā anekāni kappasahassāni duggativinipātato rakkhati, pariyosāne ca amatāya parinibbānadhātuyāpaccayo hoti."
MAIN004-S600,MAIN004,30071,30083,"‘‘Khīrodanaṃ ahamadāsi’’ntiādīni (vi. va. 413) cettha vatthūni, sakalameva vā petavatthu vimānavatthu ca sādhakaṃ."
MAIN004-S601,MAIN004,30084,30093,Tasmā paccayadāyakehi attani katānaṃ kārānaṃ mahapphalataṃ icchantenāpi sīlādiguṇayutteneva bhavitabbanti dasseti.
MAIN004-S602,MAIN004,30094,30096,Catutthavāre ñātīti sassusasurapakkhikā.
MAIN004-S603,MAIN004,30097,30099,Sālohitāti ekalohitasambaddhā pītipitāmahādayo.
MAIN004-S604,MAIN004,30100,30102,Petāti peccabhāvaṃ gatā.
MAIN004-S605,MAIN004,30103,30104,Kālaṅkatāti matā.
MAIN004-S606,MAIN004,30105,30115,Tesaṃ tanti tesaṃ taṃ mayi pasannacittataṃ vā pasannena cittena anussaraṇaṃ vā.
MAIN004-S607,MAIN004,30116,30151,"Yassa hi bhikkhuno kālaṅkato pitā vā mātā vā ‘‘amhākaṃ ñātako thero sīlavā kalyāṇadhammo’’ti pasannacitto hutvā taṃ bhikkhuṃ anussarati, tassa so cittappasādopi taṃ anussaraṇamattampi mahapphalaṃ mahānisaṃsameva hoti, anekāni kappasatasahassāni duggatito vāretuṃ ante ca amataṃ pāpetuṃ samatthameva hoti."
MAIN004-S608,MAIN004,30152,30168,"Vuttañhetaṃ bhagavatā ‘‘ye te, bhikkhave, bhikkhū sīlasampannā samādhisampannā paññā, vimutti, vimuttiñāṇadassanasampannā, dassanaṃpāhaṃ, bhikkhave, tesaṃ bhikkhūnaṃ bahukāraṃ vadāmi."
MAIN004-S609,MAIN004,30169,30180,"Savanaṃ, anussatiṃ, anupabbajjaṃ, upasaṅkamanaṃ, payirupāsanaṃpāhaṃ, bhikkhave, tesaṃ bhikkhūnaṃ bahukāraṃ vadāmī’’ti (itivu. 104)."
MAIN004-S610,MAIN004,30181,30191,"Tasmā ñātisālohitānaṃ attani cittappasādassa anussatiyā ca mahapphalataṃ icchantenāpi sīlādiguṇayutteneva, bhavitabbanti dasseti."
MAIN004-S611,MAIN004,30192,30202,66. Pañcamavāre aratiratisaho assanti aratiyā ratiyā ca saho abhibhavitā ajjhottharitā bhaveyyaṃ.
MAIN004-S612,MAIN004,30203,30210,Ettha ca aratīti adhikusalesu dhammesu pantasenāsanesu ca ukkaṇṭhā.
MAIN004-S613,MAIN004,30211,30212,Ratīti pañcakāmaguṇarati.
MAIN004-S614,MAIN004,30213,30225,Na ca maṃ arati saheyyāti mañca arati na abhibhaveyya na maddeyya na ajjhotthareyya.
MAIN004-S615,MAIN004,30226,30228,Uppannanti jātaṃ nibbattaṃ.
MAIN004-S616,MAIN004,30229,30236,Sīlādiguṇayutto hi aratiñca ratiñca sahati ajjhottharati madditvā tiṭṭhati.
MAIN004-S617,MAIN004,30237,30243,Tasmā īdisaṃ attānaṃ icchantenāpi sīlādiguṇayutteneva bhavitabbanti dasseti.
MAIN004-S618,MAIN004,30244,30247,Chaṭṭhavāre bhayaṃ cittutrāsopi ārammaṇampi.
MAIN004-S619,MAIN004,30248,30249,Bheravaṃ ārammaṇameva.
MAIN004-S620,MAIN004,30250,30252,Sesaṃ pañcamavāre vuttanayameva.
MAIN004-S621,MAIN004,30253,30261,Sīlādiguṇayutto hi bhayabheravaṃ sahati ajjhottharati madditvā tiṭṭhati ariyakoṭiyavāsīmahādattatthero viya.
MAIN004-S622,MAIN004,30262,30282,Thero kira maggaṃ paṭipanno aññataraṃ pāsādikaṃ araññaṃ disvā ‘‘idhevajja samaṇadhammaṃ katvā gamissāmī’’ti maggā okkamma aññatarasmiṃ rukkhamūle saṅghāṭiṃ paññapetvā pallaṅkaṃ ābhujitvā nisīdi.
MAIN004-S623,MAIN004,30283,30290,Rukkhadevatāya dārakā therassa sīlatejena sakabhāvena saṇṭhātuṃ asakkontā vissaramakaṃsu.
MAIN004-S624,MAIN004,30291,30293,Devatāpi rukkhaṃ cālesi.
MAIN004-S625,MAIN004,30294,30296,Thero acalova nisīdi.
MAIN004-S626,MAIN004,30297,30308,"Sā devatā dhūmāyi, pajjali, neva sakkhi theraṃ cāletuṃ, tato upāsakavaṇṇenāgantvā vanditvā aṭṭhāsi."
MAIN004-S627,MAIN004,30309,30318,"‘‘Ko eso’’ti vuttā ‘‘ahaṃ, bhante, etasmiṃ rukkhe adhivatthā devatā’’ti avoca."
MAIN004-S628,MAIN004,30319,30322,Tvaṃ ete vikāre akāsīti.
MAIN004-S629,MAIN004,30323,30324,Āma bhanteti.
MAIN004-S630,MAIN004,30325,30341,"Kasmāti ca vuttā āha – ‘‘tumhākaṃ, bhante, sīlatejena dārakā sakabhāvena saṇṭhātuṃ asakkontā vissaramakaṃsu, sāhaṃ tumhe palāpetuṃ evamakāsi’’nti."
MAIN004-S631,MAIN004,30342,30354,"Thero āha – ‘‘atha kasmā idha, bhante, mā vasatha, mayhaṃ aphāsūti paṭikacceva nāvacāsi."
MAIN004-S632,MAIN004,30355,30373,"Idāni pana mā kiñci avaca, ariyakoṭiyamahādatto amanussabhayena gatoti vacanato lajjāmi, tenāhaṃ idheva vasissaṃ, tvaṃ pana ajjekadivasaṃ yattha katthaci vasāhī’’ti."
MAIN004-S633,MAIN004,30374,30377,Evaṃ sīlādiguṇayutto bhayabheravasaho hoti.
MAIN004-S634,MAIN004,30378,30383,Tasmā īdisamattānaṃ icchantenāpi sīlādiguṇayutteneva bhavitabbanti dasseti.
MAIN004-S635,MAIN004,30384,30398,"Sattamavāre ābhicetasikānanti abhicetoti abhikkantaṃ visuddhacittaṃ vuccati, adhicittaṃ vā, abhicetasi jātāni ābhicetasikāni, abhiceto sannissitānīti vā ābhicetasikāni."
MAIN004-S636,MAIN004,30399,30401,Diṭṭhadhammasukhavihārānanti diṭṭhadhamme sukhavihārānaṃ.
MAIN004-S637,MAIN004,30402,30410,"Diṭṭhadhammoti paccakkho attabhāvo vuccati, tattha sukhavihārabhūtānanti attho, rūpāvacarajjhānānametaṃ adhivacanaṃ."
MAIN004-S638,MAIN004,30411,30423,"Tāni hi appetvā nisinnā jhāyino imasmiṃyeva attabhāve asaṃkiliṭṭhaṃ nekkhammasukhaṃ vindanti, tasmā ‘‘diṭṭhadhammasukhavihārānī’’ti vuccanti."
